date,forecast,forecasterror,current,future,s1,s2,s3
1970-01-01,6.476883755001021,1.1868837931479943,6.179999828338623,5.289999961853027,0.0001168831209049092,0.048884089530712244,0.9509990273483829
1970-02-01,6.616805298483235,1.6168052984832348,6.150000095367432,5,46210605925778346e-23,0.0026391926791165723,0.9973603452148244
1970-03-01,6.6157994280295505,1.9057993898825774,5.820000171661377,4.710000038146973,17600233596814336e-22,0.003130657239054514,0.9968675827375859
1970-04-01,6.621315291471847,2.461315444059736,6.059999942779541,4.159999847412109,5482701967300301e-22,0.0011679356536156498,0.9988315160761879
1970-05-01,6.621296105591449,2.2212960102240173,6.039999961853027,4.400000095367432,5996516235495097e-22,0.0011754733734734245,0.9988239269749029
1970-06-01,6.620854916245452,1.9808550497598572,6.010000228881836,4.639999866485596,6952689157861891e-22,0.0013340939214856735,0.9986652108095985
1970-07-01,6.6203291702775084,2.260329036763105,5.980000019073486,4.360000133514404,8062293354569328e-22,0.0015231078737442487,0.9984760858969205
1970-08-01,6.587661025214898,1.9676611396558161,5.409999847412109,4.619999885559082,11678877115795434e-21,0.013236242068290237,0.986752079054594
1970-09-01,6.602970308432693,2.5229703847266394,5.659999847412109,4.079999923706055,3933192192390129e-21,0.007760261247510417,0.9922358055602974
1970-10-01,6.6035377235711845,2.793537780791643,5.630000114440918,3.809999942779541,441229687695446e-20,0.007557206749388004,0.992438380953735
1970-11-01,6.601267409378879,3.321267437989109,5.599999904632568,3.2799999713897705,5064919818046802e-21,0.008371785778664907,0.9916231493015171
1970-12-01,6.597985529754742,3.3279855488282264,5.570000171661377,3.2699999809265137,58349074093279135e-22,0.009549516439322855,0.990444648653268
1971-01-01,6.554479473674394,3.284479492747879,5.289999961853027,3.2699999809265137,20426740843789727e-21,0.025114465626173248,0.9748651076329831
1971-02-01,6.402348132701346,2.8923481422380886,5,3.509999990463257,7138524094253672e-20,0.079076944359521,0.9208516703995363
1971-03-01,5.886535869483317,2.386535869483317,4.710000038146973,3.5,0.00022211364878761317,0.2576553257439764,0.742122560607236
1971-04-01,4.502029872106876,1.012029862570133,4.159999847412109,3.490000009536743,0.0009624305786736161,0.7155182615841285,0.2835193078371979
1971-05-01,3.890792013538306,0.6607919944648194,4.400000095367432,3.2300000190734863,0.0005197840740453359,0.9110581727604818,0.0884220431654728
1971-06-01,3.7503563678604275,1.0403563297134544,4.639999866485596,2.7100000381469727,0.00033276221948445883,0.9552126943576563,0.04445454342285943
1971-07-01,3.663102747680006,0.7131026999962901,4.360000133514404,2.950000047683716,0.0005340696620995804,0.9834890073082628,0.015976923029637737
1971-08-01,3.653828314155041,0.7138282569345814,4.619999885559082,2.940000057220459,0.00034844713783197613,0.9866145436238276,0.01303700923834059
1971-09-01,3.6275070404518033,0.437506983231344,4.079999923706055,3.190000057220459,0.0008998050395893643,0.99523187324872,0.0038683217116907338
1971-10-01,3.6198158496838166,0.1998157733898712,3.809999942779541,3.4200000762939453,0.0015936646297194416,0.9970760088592885,0.0013303265109921075
1971-11-01,3.614146432071588,-0.055853644222357265,3.2799999713897705,3.6700000762939453,0.005531484655081268,0.9937243024899443,0.0007442128549743592
1971-12-01,3.6131527722911976,0.2031526864605095,3.2699999809265137,3.4100000858306885,0.0063959604261044295,0.9928978249526128,0.0007062146212826817
1972-01-01,3.612972066865641,-0.037028028501790766,3.2699999809265137,3.6500000953674316,0.006564559544488461,0.9927316582730373,0.0007037821824741798
1972-02-01,3.616077900232241,-0.253921985326841,3.509999990463257,3.869999885559082,0.0037161377170361705,0.9955183264182452,0.0007655358647187142
1972-03-01,3.6163009466476144,-0.9736992059402768,3.5,4.590000152587891,0.0034964390781107263,0.995739211146173,0.0007643497757165323
1972-04-01,3.6162323091445434,-1.4437676336349976,3.490000009536743,5.059999942779541,0.0035521367811308185,0.9956875838192686,0.0007602793996004893
1972-05-01,3.6128678643899135,-1.9171323454184364,3.2300000190734863,5.53000020980835,0.0066634387590618505,0.9926339788500744,0.0007025823908638268
1972-06-01,3.590777338726729,-2.4092226612732706,2.7100000381469727,6,0.028420239616485213,0.9707574166233915,0.0008223437601232251
1972-07-01,3.5949900941617714,-2.135009924911715,2.950000047683716,5.730000019073486,0.024070527390341444,0.9751969396851695,0.0007325329244892427
1972-08-01,3.596038412099621,-3.783961702341297,2.940000057220459,7.380000114440918,0.023031622927365387,0.976239307687441,0.00072906938519354
1972-09-01,3.6073474983223437,-3.7526526351920606,3.190000057220459,7.360000133514404,0.011997079215275609,0.9873009763461291,0.0007019444385954113
1972-10-01,3.6142838175115815,-4.185716373223282,3.4200000762939453,7.800000190734863,0.005366204297419411,0.9938990954443911,0.0007347002581894709
1972-11-01,3.617572331557663,-4.632427668442338,3.6700000762939453,8.25,0.0025066199918580005,0.9966390520671823,0.0008543279409594851
1972-12-01,3.6155422213050414,-5.094457816841931,3.4100000858306885,8.710000038146973,0.0041623246280417,0.9950992506856139,0.000738424686344404
1973-01-01,3.6175292716405747,-5.772471071682179,3.6500000953674316,9.390000343322754,0.0025133700424876987,0.9966456882172774,0.0008409417402347867
1973-02-01,3.6191659621340615,-6.400834495629609,3.869999885559082,10.020000457763672,0.0014819332604852004,0.9974738293921986,0.0010442373473163184
1973-03-01,3.6278070365712454,-6.7621933067515085,4.590000152587891,10.390000343322754,0.0003806132733873311,0.9959107356727426,0.003708651053870255
1973-04-01,3.6648759564943334,-6.425124196093557,5.059999942779541,10.09000015258789,0.0001914935190286359,0.9828239210878627,0.016984585393108678
1973-05-01,3.968613400717027,-6.741386637429946,5.53000020980835,10.710000038146973,0.00010232270384997899,0.8755424981407767,0.1243551791553735
1973-06-01,5.647453160257113,-5.212546496420133,6,10.859999656677246,22082087369781528e-21,0.3150820607758347,0.6848958571367956
1973-07-01,6.331807601423928,-5.178192627457908,5.730000019073486,11.510000228881836,8852274032766928e-21,0.09399886188482501,0.9059922858411424
1973-08-01,6.62450897949394,-4.235490677183306,7.380000114440918,10.859999656677246,8120489186494165e-25,1748559883668306e-20,0.9999825135891144
1973-09-01,6.6245592453018824,-5.325440563963254,7.360000133514404,11.949999809265137,5199650227854204e-25,13203721792964995e-22,0.9999986791078557
1973-10-01,6.624562641778963,-5.435437777837736,7.800000190734863,12.0600004196167,40685554668747914e-27,8969577757136417e-23,0.9999999102635367
1973-11-01,6.624562875018619,-5.575436934246517,8.25,12.199999809265137,2752263133626083e-27,4734740773000593e-24,0.9999999952625073
1973-12-01,6.624562887389414,-5.715437265198476,8.710000038146973,12.34000015258789,16066730443672063e-29,19511972794901356e-26,0.9999999998047198
1974-01-01,6.624562887911853,-5.17543730282301,9.390000343322754,11.800000190734863,2047411645809836e-30,1299286368536347e-27,0.9999999999986987
1974-02-01,6.624562887915256,-4.605436654321073,10.020000457763672,11.229999542236328,2991445509258746e-32,937545932751945e-29,0.999999999999991
1974-03-01,6.624562887915277,-3.6254371120847217,10.390000343322754,10.25,2289159180555175e-33,4555098102325434e-31,0.9999999999999997
1974-04-01,6.624562887915265,-3.585437150231707,10.09000015258789,10.210000038146973,1849019882498983e-32,53298833460475055e-31,0.999999999999995
1974-05-01,6.624562887915277,-2.8454373791135303,10.710000038146973,9.470000267028809,23460114517461827e-35,3072837319849216e-32,1
1974-06-01,6.624562887915277,-2.7654374554074757,10.859999656677246,9.390000343322754,7919929312493984e-35,8451946393608063e-33,1
1974-07-01,6.624562887915277,-3.09543737911353,11.510000228881836,9.720000267028809,62451441861152155e-38,2545688548877613e-35,1
1974-08-01,6.624562887915277,-1.975437493554448,10.859999656677246,8.600000381469727,7919929312493797e-35,8451946393605342e-33,1
1974-09-01,6.624562887915277,-1.2854369594968305,11.949999809265137,7.909999847412109,206833682155903e-37,4064823250822529e-37,1
1974-10-01,6.624562887915277,-0.8154371693051801,12.0600004196167,7.440000057220459,8677809380729256e-39,14057827351855572e-38,1
1974-11-01,6.624562887915277,-0.755437226525639,12.199999809265137,7.380000114440918,2845171594048961e-39,3580861258711649e-38,1
1974-12-01,6.624562887915277,-0.31543716930518007,12.34000015258789,6.940000057220459,9226901197412847e-40,8955138985189966e-39,1
1975-01-01,6.624562887915277,-0.09543690227637151,11.800000190734863,6.71999979019165,6688331853332495e-38,16985394247428925e-37,1
1975-02-01,6.624562887915277,0.3345629260622516,11.229999542236328,6.289999961853027,5170369898508687e-36,3240971159343565e-34,1
1975-03-01,6.6245628879152765,0.5545627162538983,10.25,6.070000171661377,6101959973494443e-33,14470216334817284e-31,0.9999999999999986
1975-04-01,6.624562887915273,0.5745626971804105,10.210000038146973,6.050000190734863,806025729172187e-32,2008046124143823e-30,0.9999999999999982
1975-05-01,6.6245628879134255,0.4245630786482885,9.470000267028809,6.199999809265137,12093143831326885e-31,7051353079677133e-28,0.9999999999992939
1975-06-01,6.6245628879118525,0.6545630977202027,9.390000343322754,5.96999979019165,20474116359752612e-31,12992860621722575e-28,0.9999999999986987
1975-07-01,6.6245628879150145,1.2745629832824463,9.720000267028809,5.349999904632568,2289958377590556e-31,10151821886181326e-29,0.9999999999998985
1975-08-01,6.624562886766839,0.9145628486198664,8.600000381469727,5.710000038146973,3194677196999474e-28,42491217836800876e-26,0.9999999995747685
1975-09-01,6.624562766096898,1.1345629949787326,7.909999847412109,5.489999771118164,21230516606322602e-27,4446240526096921e-23,0.9999999555163642
1975-10-01,6.624560629682019,1.1645605915350454,7.440000057220459,5.460000038146973,3293211173932274e-25,8194031934114636e-22,0.9999991802674855
1975-11-01,6.6245596626830405,1.7445595482421234,7.380000114440918,4.880000114440918,46395629755396295e-26,11695806451202895e-22,0.9999988299553986
1975-12-01,6.624523903046461,1.7645237695320553,6.940000057220459,4.860000133514404,5429244337481637e-24,14086370434153157e-21,0.9999859082003214
1976-01-01,6.624438098378168,1.404438308186518,6.71999979019165,5.21999979019165,17887403505994483e-24,450289110292324e-19,0.9999549532015674
1976-02-01,6.6235407001349955,0.7135408527228867,6.289999961853027,5.909999847412109,1698505626639518e-22,0.0003680753292027032,0.9996317548202348
1976-03-01,6.621790080563057,0.18179002334259803,6.070000171661377,6.440000057220459,5148857234870501e-22,0.0009976634046117024,0.999001821709665
1976-04-01,6.621460145965624,-0.32853966329951273,6.050000190734863,6.949999809265137,5702378373071646e-22,0.0011164568955423896,0.9988829728666204
1976-05-01,6.622948344185955,-0.10705167488753145,6.199999809265137,6.730000019073486,2696027075927187e-22,0.0005813510310198732,0.9994183793662728
1976-06-01,6.620280670218063,-0.24971921534101812,5.96999979019165,6.869999885559082,8436760214380387e-22,0.0015402409663411952,0.9984589153576373
1976-07-01,6.579531969155569,-0.25046795455048587,5.349999904632568,6.829999923706055,15237050970110866e-21,0.01614420444345049,0.9838405585055793
1976-08-01,6.605343731295102,-0.014656154263979669,5.710000038146973,6.619999885559082,31548683104681675e-22,0.006909427752767687,0.993087417378922
1976-09-01,6.590824610167358,-0.009175294465211219,5.489999771118164,6.599999904632568,8342135210277059e-21,0.012114107533867846,0.9878775503309218
1976-10-01,6.581421684249959,0.19142181776436454,5.460000038146973,6.389999866485596,9761989349873304e-21,0.015485995687709317,0.9845042423229409
1976-11-01,6.376993998478843,-0.34300579171280754,4.880000114440918,6.71999979019165,0.00011134488193026205,0.08800520421448253,0.9118834509035872
1976-12-01,6.01988819066524,-0.6801116185998971,4.860000133514404,6.699999809265137,0.00013605571173837448,0.21203149001381436,0.7878324542744473
1977-01-01,6.060983683518599,-0.7790164690692906,5.21999979019165,6.840000152587891,4764069383136357e-20,0.19728157708422966,0.8026707822219391
1977-02-01,6.549902467343597,0.11990263900497411,5.909999847412109,6.429999828338623,2780679349011412e-21,0.026699370513279832,0.9732978488073714
1977-03-01,6.62300424331932,0.0730040525844566,6.440000057220459,6.550000190734863,9579841600790428e-23,0.0005673408518940311,0.9994325633496901
1977-04-01,6.624523629748317,0.12452362974831767,6.949999809265137,6.5,5171073360093893e-24,14214482831685373e-21,0.999985780346095
1977-05-01,6.624444361766911,-0.3455554284247388,6.730000019073486,6.96999979019165,16953718186421304e-24,4277161820347479e-20,0.9999572114280784
1977-06-01,6.624505950577047,-0.7854938968350609,6.869999885559082,7.409999847412109,7958195483526627e-24,2056446328337115e-20,0.9999794275785213
1977-07-01,6.624492576520474,-1.0755072327446626,6.829999923706055,7.699999809265137,9887792462800403e-24,25387925228363857e-21,0.9999746021869791
1977-08-01,6.624355100554653,-1.2156450520332378,6.619999885559082,7.840000152587891,3048472876603883e-23,7493721360483277e-20,0.9999250323016663
1977-09-01,6.6243325393628245,-1.685667880253874,6.599999904632568,8.3100004196167,3389964236422612e-23,8306773922299098e-20,0.9999168983611347
1977-10-01,6.6239214337433685,-2.3060788714324123,6.389999866485596,8.930000305175781,10165203528695206e-23,0.00023108455452082506,0.9997688137934438
1977-11-01,6.624436634292469,-2.265563709030283,6.71999979019165,8.890000343322754,1790696722561497e-23,4556319956102122e-20,0.9999544188934717
1977-12-01,6.624424329505075,-2.395576128258597,6.699999809265137,9.020000457763672,19911990821878838e-24,4999289459323317e-20,0.9999499871934161
1978-01-01,6.624496082165034,-2.655503650806158,6.840000152587891,9.279999732971191,9367329045164671e-24,2412422627636596e-20,0.9999758664063946
1978-02-01,6.6240344345462185,-3.235965222131028,6.429999828338623,9.859999656677246,826098375762956e-22,0.0001904042691039441,0.9998095131210585
1978-03-01,6.624265753997863,-3.4657343985900266,6.550000190734863,10.09000015258789,44158758475041184e-24,0.00010713035913421239,0.9998928254821072
1978-04-01,6.624184605530242,-3.865815165587922,6.5,10.489999771118164,5738212050187251e-23,0.0001363489022188644,0.9998635937156607
1978-05-01,6.624529492964626,-4.225470888505099,6.96999979019165,10.850000381469727,4608536543471933e-24,12070468992025469e-21,0.9999879249224716
1978-06-01,6.624560185132788,-4.265440158189966,7.409999847412109,10.890000343322754,3909931249170529e-25,9804361701893117e-22,0.9999990191728368
1978-07-01,6.624562426277672,-4.635437802604164,7.699999809265137,11.260000228881836,731554346568838e-25,1680052673924725e-22,0.9999998319215773
1978-08-01,6.624562697082365,-5.1954369977418535,7.840000152587891,11.819999694824219,321352635902135e-25,6958090081094072e-23,0.9999999303869641
1978-09-01,6.624562879332025,-5.555437425843756,8.3100004196167,12.180000305175781,19095284378147436e-28,31549379516466044e-25,0.9999999968431524
1978-10-01,6.62456288780813,-5.445436807016089,8.930000305175781,12.069999694824219,40024772928441514e-30,40008312077617905e-27,0.9999999999599517
1978-11-01,6.624562887771794,-5.985436768905452,8.890000343322754,12.609999656677246,51609809725629914e-30,53511371768869654e-27,0.9999999999464372
1978-12-01,6.624562887859979,-6.665437073993048,9.020000457763672,13.289999961853027,22534164508815e-27,2070654449775793e-26,0.999999999979271
1979-01-01,6.6245628879073655,-7.285436959504744,9.279999732971191,13.90999984741211,4203400187028259e-30,29891187438906615e-28,0.999999999997007
1979-02-01,6.624562887915192,-7.555437417260589,9.859999656677246,14.180000305175781,8904789349271455e-32,3365831499079596e-29,0.9999999999999664
1979-03-01,6.624562887915265,-8.135437340966572,10.09000015258789,14.760000228881836,18490198825083427e-33,5329883346876797e-30,0.999999999999995
1979-04-01,6.624562887915277,-8.10543665432105,10.489999771118164,14.729999542236328,11296192293766273e-34,19776403326902465e-32,1
1979-05-01,6.624562887915277,-7.78543695949683,10.850000381469727,14.40999984741211,8517606612560217e-35,9216475408290175e-33,1
1979-06-01,6.624562887915277,-7.755437226525639,10.890000343322754,14.380000114440918,6364840115839501e-35,6515007623239231e-33,1
1979-07-01,6.624562887915277,-6.505437226525639,11.260000228881836,13.130000114440918,4130852915734619e-36,2475625294140984e-34,1
1979-08-01,6.624562887915277,-6.245436997643803,11.819999694824219,12.869999885559082,5723618398974311e-38,1405357099281172e-36,1
1979-09-01,6.624562887915277,-5.975437493554447,12.180000305175781,12.600000381469727,3338744060667941e-39,4358325056554166e-38,1
1979-10-01,6.624562887915277,-6.145437569848393,12.069999694824219,12.770000457763672,8016345551644782e-39,12757344130829536e-38,1
1979-11-01,6.624562887915277,-6.025436730614994,12.609999656677246,12.649999618530273,10195258613278146e-41,58670116550198e-38,1
1979-12-01,6.624562887915277,-5.895437569848393,13.289999961853027,12.520000457763672,33072114136170983e-44,4482854805029642e-43,1
1980-01-01,6.624562887915277,-5.2054370357907755,13.90999984741211,11.829999923706055,14108479459016088e-46,4334994461371393e-46,1
1980-02-01,6.624562887915277,-4.78543695949683,14.180000305175781,11.40999984741211,12218129533663506e-47,18708511507813567e-48,1
1980-03-01,6.624562887915277,-3.865436883202885,14.760000228881836,10.489999771118164,5516502491833326e-49,17066717716465566e-51,1
1980-04-01,6.624562887915277,-3.375437112084721,14.729999542236328,10,7329882788113151e-49,2471766355388474e-50,1
1980-05-01,6.624562887915277,-3.155436845055913,14.40999984741211,9.779999732971191,14698649244482012e-48,12139517543095392e-49,1
1980-06-01,6.624562887915277,-2.925437302819585,14.380000114440918,9.550000190734863,19409229476886806e-48,17395953599044616e-49,1
1980-07-01,6.624562887915277,-4.135437340966557,13.130000114440918,10.760000228881836,13044161353032762e-43,25270976857090775e-43,1
1980-08-01,6.624562887915277,-4.175437302819584,12.869999885559082,10.800000190734863,1175610300698602e-41,3979380939822528e-41,1
1980-09-01,6.624562887915277,-4.325436921349858,12.600000381469727,10.949999809265137,11069949109532632e-41,6498204475589331e-40,1
1980-10-01,6.624562887915277,-3.5154374554074748,12.770000457763672,10.140000343322754,2710524609474818e-41,11288623902565773e-41,1
1980-11-01,6.624562887915277,-2.965437264672612,12.649999618530273,9.59000015258789,7330827914576699e-41,38947576266092824e-41,1
1980-12-01,6.624562887915277,-2.2954371883786666,12.520000457763672,8.920000076293945,21343345617408863e-41,14666562596489661e-40,1
1981-01-01,6.624562887915277,-1.7654374554074754,11.829999923706055,8.390000343322754,529431372398971e-37,12781482110942032e-37,1
1981-02-01,6.624562887915277,-0.9954369976438031,11.40999984741211,7.619999885559082,1335052421043059e-36,6364500564453373e-35,1
1981-03-01,6.624562887915277,-0.15543732189307122,10.489999771118164,6.78000020980835,11296192293751018e-34,19776403326204345e-32,1
1981-04-01,6.62456288791525,0.11456265903341466,10,6.510000228881836,3430765120758938e-32,11010349850087357e-30,0.9999999999999891
1981-05-01,6.624562887915115,-0.055436940423508635,9.779999732971191,6.679999828338623,1529379623835083e-31,6335450188181296e-29,0.9999999999999367
1981-06-01,6.624562887914281,-0.4354370548652606,9.550000190734863,7.059999942779541,7122310479420641e-31,38100848660569164e-29,0.9999999999996184
1981-07-01,6.624562887915277,0.18456283069481982,10.760000228881836,6.440000057220459,1635644091360578e-34,20022810279318568e-33,1
1981-08-01,6.624562887915277,0.7745629832827104,10.800000190734863,5.849999904632568,12245369228955257e-35,14194038551610538e-33,1
1981-09-01,6.624562887915277,1.5845629260622516,10.949999809265137,5.039999961853027,410499569127139e-34,386280955918859e-32,1
1981-10-01,6.62456288791527,1.4845630214296741,10.140000343322754,5.139999866485596,13093791332426696e-33,3553112998379657e-30,0.9999999999999966
1981-11-01,6.6245628879145455,2.0345627353266567,9.59000015258789,4.590000152587891,545994361995234e-30,2796106646513487e-28,0.9999999999997201
1981-12-01,6.624562887800002,2.794562964093947,8.920000076293945,3.8299999237060547,42653821983789905e-30,43030132281394964e-27,0.9999999999569275
1982-01-01,6.624562882952085,2.914562844805112,8.390000343322754,3.7100000381469727,11701247726754569e-28,18273824703906881e-25,0.9999999981714475
1982-02-01,6.624562129991027,3.1345621204542833,7.619999885559082,3.490000009536743,11660080648526432e-26,2755616095819267e-22,0.9999997243217897
1982-03-01,6.624471568614338,3.0244716639817693,6.78000020980835,3.5999999046325684,1295508372719204e-23,3296257847928993e-20,0.999967024466437
1982-04-01,6.624204051027627,2.7242039556601942,6.510000228881836,3.9000000953674316,5443517944901168e-23,0.0001293405492737645,0.9998706050155468
1982-05-01,6.624408709903003,3.0744087575867183,6.679999828338623,3.549999952316284,22166539717019605e-24,556251082360422e-19,0.9999443527252243
1982-06-01,6.624542625820411,4.044542702114357,7.059999942779541,2.5799999237060547,28036319731944392e-25,7328024035300188e-21,0.999992669172333
1982-07-01,6.624059674500243,4.16405963635327,6.440000057220459,2.4600000381469727,7842234271452414e-23,0.00018131628763417415,0.9998186052900232
1982-08-01,6.617674924468825,4.057674981689284,5.849999904632568,2.559999942779541,1507355323055075e-21,0.002475979029854266,0.9975225136148227
1982-09-01,6.506690894248852,3.6466909991530265,5.039999961853027,2.859999895095825,5714816592209584e-20,0.04211133063338567,0.9578315212006923
1982-10-01,6.42628825632953,3.5762883516969612,5.139999866485596,2.8499999046325684,4294703661423801e-20,0.07062127578199594,0.9293357771813899
1982-11-01,5.788937985539366,2.5189380046128527,4.590000152587891,3.2699999809265137,0.00032508448240212173,0.2908652014510796,0.7088097140665184
1982-12-01,4.207000275932738,0.41700031407971,3.8299999237060547,3.7899999618530273,0.0020371842894294436,0.8094203905811228,0.18854242512944774
1983-01-01,3.681198770992039,-0.5088012862284206,3.7100000381469727,4.190000057220459,0.002164880314336282,0.9766835526423998,0.021151567043263833
1983-02-01,3.620854936938679,-0.9791449676938897,3.490000009536743,4.599999904632568,0.003417228070690223,0.9943628629926369,0.0022199089366730556
1983-03-01,3.6175402213992447,-1.1824599693356186,3.5999999046325684,4.800000190734863,0.00274922946756066,0.9963278317113242,0.0009229388211152819
1983-04-01,3.619381184750215,-0.940618758029327,3.9000000953674316,4.559999942779541,0.0014023600263989534,0.9975068661607588,0.0010907738128423255
1983-05-01,3.6170441424107027,-0.6129558766627838,3.549999952316284,4.230000019073486,0.0028883963350228342,0.9963057547197179,0.0008058489452594994
1983-06-01,3.5827120977627716,-0.6372876924288791,2.5799999237060547,4.21999979019165,0.03650495157545107,0.962573674375975,0.0009213740485737816
1983-07-01,3.5178330056322302,-0.6821668036329066,2.4600000381469727,4.199999809265137,0.0991533073758079,0.8998414200228494,0.0010052726013427711
1983-08-01,3.4696834578866356,-0.820316503966392,2.559999942779541,4.289999961853027,0.14459520810329754,0.8545239789591561,0.0008808129375465327
1983-09-01,3.517527632802501,-0.7524723481240132,2.859999895095825,4.269999980926514,0.09826462998420685,0.900988662335476,0.000746707680317002
1983-10-01,3.5425506880941846,-0.7174495407876518,2.8499999046325684,4.260000228881836,0.07416113492302709,0.9250956741079261,0.0007431909690467823
1983-11-01,3.5963098077766134,-0.4536903829582505,3.2699999809265137,4.050000190734863,0.022466505201687238,0.976817827570239,0.0007156672280738683
1983-12-01,3.6170801054775423,-0.33291994220617305,3.7899999618530273,3.950000047683716,0.0032165869410938036,0.995827578206419,0.0009558348524873669
1984-01-01,3.6215526737045702,0.09155270231479937,4.190000057220459,3.5299999713897705,0.0008181013162504048,0.9975337725676886,0.0016481261160612045
1984-02-01,3.6285959213896946,0.10859594046318057,4.599999904632568,3.5199999809265137,0.00036642400860565033,0.9956463908744809,0.003987185116913559
1984-03-01,3.6399218936814157,-0.06007815400229936,4.800000190734863,3.700000047683716,0.0002676012967420107,0.9916975045559028,0.00803489414735538
1984-04-01,3.633406221263796,-0.05659383595666301,4.559999942779541,3.690000057220459,0.000381326711769778,0.993829735134122,0.0057889381541083315
1984-05-01,3.624209805343065,-0.14579017558344862,4.230000019073486,3.7699999809265137,0.0006766057628395674,0.9967481713752933,0.002575222861867185
1984-06-01,3.6226342297531917,-0.13736576071006476,4.21999979019165,3.759999990463257,0.0006965550030608705,0.9973044321008601,0.0019990128960790886
1984-07-01,3.622145231836637,0.0721452795203522,4.199999809265137,3.549999952316284,0.0007235009400870219,0.9974490070057848,0.001827492054128218
1984-08-01,3.6230511642434,0.2730512596108315,4.289999961853027,3.3499999046325684,0.0006139358230804937,0.9972791549788436,0.002106909198076187
1984-09-01,3.6229333105357058,0.482933205631531,4.269999980926514,3.140000104904175,0.0006340622349341683,0.9972935015954605,0.002072436169605394
1984-10-01,3.6228020476913487,0.3928020286178624,4.260000228881836,3.2300000190734863,0.0006461696780409176,0.9973237413419428,0.0020300889800163547
1984-11-01,3.620815548006563,0.11081555754330623,4.050000190734863,3.509999990463257,0.0009636250506823183,0.9975954670353098,0.001440907914008014
1984-12-01,3.619914637856577,-0.18008531445970735,3.950000047683716,3.799999952316284,0.0011913513314461082,0.9976047109159154,0.0012039377526385615
1985-01-01,3.616918508687803,-0.27308159621637196,3.5299999713897705,3.890000104904175,0.0030027938054367127,0.996194042074529,0.0008031641200344049
1985-02-01,3.616575456196649,0.5065755611008242,3.5199999809265137,3.109999895095825,0.003258986882482448,0.9959661068310752,0.000774906286442362
1985-03-01,3.617970027888185,1.3579700374249286,3.700000047683716,2.259999990463257,0.002186993802283265,0.9969350343882081,0.0008779718095088049
1985-04-01,3.6179947101201164,2.027994676741516,3.690000057220459,1.590000033378601,0.0021608268762425683,0.9969619617655535,0.0008772113582038301
1985-05-01,3.6185393998988804,2.1285393903621372,3.7699999809265137,1.4900000095367432,0.0018118268855638368,0.9972453823052176,0.0009427908092185933
1985-06-01,3.6185079068578605,1.8485079259313468,3.759999990463257,1.7699999809265137,0.0018303294407330513,0.9972312511446708,0.0009384194145961353
1985-07-01,3.6169757666697477,2.036975723754404,3.549999952316284,1.5800000429153442,0.002929125169643681,0.9962744091980145,0.0007964656323419955
1985-08-01,3.614768688786889,2.0447686363348017,3.3499999046325684,1.5700000524520874,0.0048661764763457,0.9944131235297271,0.0007206999939272393
1985-09-01,3.610775072898626,1.860775072898627,3.140000104904175,1.75,0.008687331053206947,0.9906134337935525,0.0006992351532407151
1985-10-01,3.611776235587989,2.1417762069777595,3.2300000190734863,1.4700000286102295,0.0077157930679083,0.9915839951903295,0.0007002117417623467
1985-11-01,3.6159494041974467,2.335949432807677,3.509999990463257,1.2799999713897705,0.0038408259418607964,0.9953935669755763,0.0007656070825628001
1985-12-01,3.6186148875295885,2.518614863687731,3.799999952316284,1.100000023841858,0.0017950949784224116,0.9972414934680328,0.0009634115535448083
1986-01-01,3.6193590014020387,2.159358963255067,3.890000104904175,1.4600000381469727,0.0013881270760031778,0.9975334539386055,0.001078418985391283
1986-02-01,3.6111080827085513,1.511108178075983,3.109999895095825,2.0999999046325684,0.00842088975569535,0.9908594302734175,0.0007196799708871433
1986-03-01,3.5155269673135483,0.485526995923777,2.259999990463257,3.0299999713897705,0.10219397612833005,0.8965253442744634,0.0012806795972066728
1986-04-01,2.8271788534942948,-0.9528211178954753,1.590000033378601,3.7799999713897705,0.7419815343360744,0.2566054396803601,0.001413025983565572
1986-05-01,2.5527675738383206,-1.3072323212575045,1.4900000095367432,3.859999895095825,0.984456464363428,0.015359892720048039,0.00018364291652403486
1986-06-01,2.539923940796554,-1.1100761545708777,1.7699999809265137,3.6500000953674316,0.9955129357054987,0.0043759326350766865,0.00011113165942463668
1986-07-01,2.5370104070114348,-1.3929896597457676,1.5800000429153442,3.930000066757202,0.9981773951494508,0.0017337521358152808,8885271473390258e-20
1986-08-01,2.5367987576490427,-1.743201452159307,1.5700000524520874,4.28000020980835,0.9983732918265887,0.0015395311036685677,8717706974274524e-20
1986-09-01,2.53809378282825,-1.8219063506861541,1.75,4.360000133514404,0.9971422272358079,0.0027544044202346754,0.00010336834395749912
1986-10-01,2.5363640875238236,-1.9936361222845262,1.4700000286102295,4.53000020980835,0.9987835412451838,0.0011355784430487972,808803117673013e-19
1986-11-01,2.535753385379574,-1.9942468244287752,1.2799999713897705,4.53000020980835,0.999358293484521,0.0005707604566894258,7094605878958764e-20
1986-12-01,2.535459455228729,-1.894540373109894,1.100000023841858,4.429999828338623,0.9996324824984735,0.00030225559789844264,6526190362798701e-20
1987-01-01,2.5362414606264516,-1.5137587301084117,1.4600000381469727,4.050000190734863,0.9989002187326346,0.0010205469964481844,7923427091737222e-20
1987-02-01,2.5438356979512324,-1.3961643592692263,2.0999999046325684,3.940000057220459,0.9916471555416669,0.00819445984283388,0.00015838461549924602
1987-03-01,2.666092461281459,-1.2639076054757428,3.0299999713897705,3.930000066757202,0.8745455449706395,0.12458717050995662,0.0008672845194039845
1987-04-01,3.3419207784298646,-0.558079316937567,3.7799999713897705,3.9000000953674316,0.2511898576694798,0.7461786740599146,0.002631468270605642
1987-05-01,3.5987319970750002,-0.2912681078291744,3.859999895095825,3.890000104904175,0.020095215364983664,0.978546181879298,0.0013586027557184609
1987-06-01,3.615871002549554,-0.34412903559741903,3.6500000953674316,3.9600000381469727,0.004040554837044372,0.9950725422557033,0.000886902907252296
1987-07-01,3.619468968392889,-0.5105311460480291,3.930000066757202,4.130000114440918,0.0013980830722150435,0.997476232843761,0.0011256840840240452
1987-08-01,3.6225973453306564,-0.39740263559585703,4.28000020980835,4.019999980926514,0.0006417052403532722,0.9974050918699419,0.00195320288970481
1987-09-01,3.624021448676028,-0.5459786276179173,4.360000133514404,4.170000076293945,0.000540728690726935,0.9970356568587752,0.00242361445049809
1987-10-01,3.6274792146514256,-0.6225207853485744,4.53000020980835,4.25,0.00040461814960018097,0.9959871826272556,0.003608199223144163
1987-11-01,3.628434029962238,-0.6215659700377618,4.53000020980835,4.25,0.0004025138701269448,0.9956395138043872,0.003957972325485881
1987-12-01,3.626439679048394,-0.7935603972455517,4.429999828338623,4.420000076293945,0.00047496980270126516,0.9962483049238754,0.0032767252734231945
1988-01-01,3.621215334602361,-1.048784741691585,4.050000190734863,4.670000076293945,0.0009578160223183782,0.9974565265613546,0.0015856574163269853
1988-02-01,3.6198881138730705,-1.2101118098329837,3.940000057220459,4.829999923706055,0.0012157391616618497,0.997579936934834,0.0012043239035040016
1988-03-01,3.6197092936170536,-1.3602907254564325,3.930000066757202,4.980000019073486,0.001252097804516162,0.9975947394706466,0.0011531627248373706
1988-04-01,3.6194958994472355,-1.500503986111847,3.9000000953674316,5.119999885559082,0.0013339506216387335,0.9975587612838259,0.0011072880945354974
1988-05-01,3.6194156957981583,-1.7405844377162452,3.890000104904175,5.360000133514404,0.0013658092445815592,0.9975437310284248,0.0010904597269936502
1988-06-01,3.6198745550453912,-1.5501255212485543,3.9600000381469727,5.170000076293945,0.0011836327224505313,0.9976299727411401,0.0011863945364094957
1988-07-01,3.6211770748601353,-1.3588229442133515,4.130000114440918,4.980000019073486,0.0008403700226350018,0.9976372590220439,0.0015223709553210082
1988-08-01,3.62043214259529,-1.0895678955516837,4.019999980926514,4.710000038146973,0.0010298837024939908,0.9976419800533831,0.001328136244122986
1988-09-01,3.621580005047156,-0.7184201475407346,4.170000076293945,4.340000152587891,0.0007745179942211023,0.9975841217602047,0.0016413602455739647
1988-10-01,3.6225003179350876,-0.8674994531830765,4.25,4.489999771118164,0.000661448768167436,0.9974116415279162,0.001926909703916627
1988-11-01,3.6226227191259035,-1.0373771282862057,4.25,4.659999847412109,0.0006587545668122514,0.9973711149890271,0.0019701304441609724
1988-12-01,3.6249717180568135,-1.0250283773106184,4.420000076293945,4.650000095367432,0.0004877298041938426,0.9967693429842984,0.002742927211507736
1989-01-01,3.6319508154604425,-1.5680489938046946,4.670000076293945,5.199999809265137,0.00032464589332299997,0.9944946314420577,0.005180722664619182
1989-02-01,3.6442774122613453,-1.6157228166204909,4.829999923706055,5.260000228881836,0.00025601119297614065,0.990109971776031,0.009634017030992797
1989-03-01,3.673072342486729,-1.556927676586757,4.980000019073486,5.230000019073486,0.00020768192236315095,0.9795879126239813,0.020204405453655577
1989-04-01,3.740515141304645,-0.9694848968423281,5.119999885559082,4.710000038146973,0.0001690381943114029,0.9550641863742385,0.04476677543145
1989-05-01,3.950757958335252,-0.4092421751791524,5.360000133514404,4.360000133514404,0.00011731473946956171,0.8812831833343217,0.11859950192620881
1989-06-01,4.056019453365103,-0.6139806229288418,5.170000076293945,4.670000076293945,0.0001373157642210435,0.8450022524895711,0.1548604317462082
1989-07-01,4.009631258856329,-0.810368912805047,4.980000019073486,4.820000171661377,0.00017961951038042678,0.8609041696371955,0.13891621085242414
1989-08-01,3.86050041488423,-1.759499470674852,4.710000038146973,5.619999885559082,0.00028309079187528415,0.9122779326552324,0.08743897655289239
1989-09-01,3.7320839354076742,-2.427915912004435,4.340000152587891,6.159999847412109,0.0005516247819912997,0.9572081046574997,0.04224027056050901
1989-10-01,3.6933840905752704,-2.596615871277757,4.489999771118164,6.289999961853027,0.00042696990557486203,0.9714414203910514,0.028131609703373698
1989-11-01,3.686500753411868,-2.5834992275146456,4.659999847412109,6.269999980926514,0.00032213556048837536,0.9741309902200881,0.025546874219423532
1989-12-01,3.6794210098400537,-2.4305791236743497,4.650000095367432,6.110000133514404,0.0003265489386265281,0.9767319928081688,0.022941458253204653
1990-01-01,3.762030624483125,-1.8879694708843069,5.199999809265137,5.650000095367432,0.00015129508113464083,0.9471631305775413,0.05268557434132411
1990-02-01,3.879433042368653,-1.4305669004108892,5.260000228881836,5.309999942779541,0.00013294169424431262,0.9059170024907217,0.09395005581503417
1990-03-01,4.010103454923829,-0.8898966404436027,5.230000019073486,4.900000095367432,0.00012987463601615064,0.8607551631460645,0.1391149622179195
1990-04-01,3.8539165635287937,-1.0360833029568015,4.710000038146973,4.889999866485596,0.0002829667718699395,0.9145367390075739,0.08518029422055629
1990-05-01,3.7344686545315677,-1.2155311547335692,4.360000133514404,4.949999809265137,0.0005313883081211781,0.9563678019656989,0.043100809726179926
1990-06-01,3.717178806301138,-0.9828210029639991,4.670000076293945,4.699999809265137,0.00031542702004568144,0.9628930338861746,0.03679153909377972
1990-07-01,3.723645139571498,-0.7263546696936395,4.820000171661377,4.449999809265137,0.00024854316326113724,0.960606156615467,0.03914530022127204
1990-08-01,4.047359246775812,0.24735929445952826,5.619999885559082,3.799999952316284,8862624075105299e-20,0.8480488323852271,0.15186254137402197
1990-09-01,6.020501554773861,2.6305014498696857,6.159999847412109,3.390000104904175,11713158097912943e-21,0.19382905322335536,0.8061592336185468
1990-10-01,6.60270239293108,3.682702316637135,6.289999961853027,2.9200000762939453,4274076004766713e-22,0.006976348743566479,0.9930232238488332
1990-11-01,6.622777286188017,3.6327772766512747,6.269999980926514,2.990000009536743,19494589959683697e-23,0.0006163516191506434,0.9993834534349497
1990-12-01,6.622183982043513,3.5621840392639745,6.110000133514404,3.059999942779541,42252664551944117e-23,0.0008545015105748496,0.9991450759627795
1991-01-01,6.609188981025365,4.009189076392796,5.650000095367432,2.5999999046325684,3897888125177101e-21,0.005521562571909507,0.9944745395399655
1991-02-01,6.566315371389884,3.746315438147085,5.309999942779541,2.819999933242798,18441727792169102e-21,0.02087418171524382,0.9791073765569641
1991-03-01,6.363142354674582,3.173142297454122,4.900000095367432,3.190000057220459,0.0001044150201773233,0.09287514970345481,0.9070204352763679
1991-04-01,6.0329837786162495,2.8529837118590464,4.889999866485596,3.180000066757202,0.0001233189678721863,0.20750526810862163,0.7923714129235063
1991-05-01,5.696528149830799,2.676528168904286,4.949999809265137,3.0199999809265137,0.00011653460719236475,0.3214124315410832,0.6784710338517246
1991-06-01,4.969111020946182,1.8791111067768702,4.699999809265137,3.0899999141693115,0.00025250427221366287,0.5622517055864558,0.4374957901413307
1991-07-01,4.170185087022164,1.0101850011914744,4.449999809265137,3.1600000858306885,0.0004568789398294756,0.820246297015754,0.17929682404441646
1991-08-01,3.7059615898078904,0.5559614944404584,3.799999952316284,3.1500000953674316,0.0016781136169553607,0.9682421316229575,0.030079754760087212
1991-09-01,3.6229684801623794,0.632968470625637,3.390000104904175,2.990000009536743,0.004272597202649137,0.9924127205627358,0.0033146822346151908
1991-10-01,3.604825907994446,0.4048258603107308,2.9200000762939453,3.200000047683716,0.015102535032182667,0.9839678017579896,0.0009296632098278054
1991-11-01,3.602697912207926,0.5526979598916422,2.990000009536743,3.049999952316284,0.0166141343705341,0.9826526066017112,0.0007332590277546523
1991-12-01,3.6048832600927008,0.7048831647252692,3.059999942779541,2.9000000953674316,0.01441866775657141,0.9848737083477309,0.000707623895697712
1992-01-01,3.5721735558128143,0.3121735653495575,2.5999999046325684,3.259999990463257,0.04656519544753304,0.9525435381417025,0.0008912664107645078
1992-02-01,3.573468417443173,0.32346841744317206,2.819999933242798,3.25,0.04493193914508187,0.9542939192130231,0.0007741416418951056
1992-03-01,3.60165377708867,0.511653862919359,3.190000057220459,3.0899999141693115,0.017492165857992112,0.9818004383333119,0.0007073958086961707
1992-04-01,3.6082504292059405,0.3782504101324542,3.180000066757202,3.2300000190734863,0.011098398125523861,0.9882022032966893,0.0006993985777871153
1992-05-01,3.605110265679995,0.3851102370697656,3.0199999809265137,3.2200000286102295,0.014184117647963672,0.985105652045445,0.0007102303065913909
1992-06-01,3.606615951086423,0.606615951086423,3.0899999141693115,3,0.012708840190798067,0.9865885366740522,0.0007026231351498771
1992-07-01,3.6091304982410612,0.8291305268512907,3.1600000858306885,2.7799999713897705,0.010265180110178008,0.9890360197079714,0.0006988001818507197
1992-08-01,3.60952575057784,0.8395257696513261,3.1500000953674316,2.7699999809265137,0.009885723400517151,0.9894158596318514,0.0006984169676313229
1992-09-01,3.604587542334567,0.9145874851141081,2.990000009536743,2.690000057220459,0.014726810340235477,0.9845573666295916,0.000715823030173005
1992-10-01,3.6097225403737547,0.8597225403737544,3.200000047683716,2.75,0.009701771887330927,0.9895977239273213,0.0007005041853479014
1992-11-01,3.6067978749079077,0.9267978081507051,3.049999952316284,2.680000066757202,0.012557169872011668,0.9867368369148706,0.000705993213117926
1992-12-01,3.599304299137504,0.8493042991375034,2.9000000953674316,2.75,0.019911817516014306,0.9793492229562307,0.000738959527754894
1993-01-01,3.610061073909827,1.0900610929833134,3.259999990463257,2.5199999809265137,0.00938817036149969,0.9899049251811437,0.0007069044573563766
1993-02-01,3.6119619648563983,1.091961983929884,3.25,2.5199999809265137,0.007534511579498704,0.9917633084360326,0.0007021799844689888
1993-03-01,3.6087199685776947,1.0987199781144383,3.0899999141693115,2.509999990463257,0.010683050271672755,0.9886154245856695,0.0007015251426579708
1993-04-01,3.611328574075083,1.2513286789792573,3.2300000190734863,2.359999895095825,0.008148025957014022,0.9911513315174545,0.0007006425255315524
1993-05-01,3.6116641712300783,1.3216642093770512,3.2200000286102295,2.2899999618530273,0.007820227106506462,0.9914802739313077,0.0006994989621860141
1993-06-01,3.605792216646424,1.115792207109681,3,2.490000009536743,0.01356068207628481,0.9857254468165321,0.0007138711071831994
1993-07-01,3.591086217898014,0.8210862369715003,2.7799999713897705,2.7699999809265137,0.02800340371133655,0.9712114057132596,0.0007851905754039521
1993-08-01,3.5802240306089983,0.6802239352415665,2.7699999809265137,2.9000000953674316,0.038495841285586196,0.9607128656870635,0.0007912930273503534
1993-09-01,3.5615985297765205,0.6015984916295476,2.690000057220459,2.9600000381469727,0.05650580088570789,0.9426667158199544,0.0008274832943376658
1993-10-01,3.556064188339596,0.9460642932437707,2.75,2.609999895095825,0.0616482562075693,0.9375576342781365,0.0007941095142943623
1993-11-01,3.538540080849825,0.8685400045558794,2.680000066757202,2.6700000762939453,0.07844299215711646,0.9207361750908258,0.0008208327520576835
1993-12-01,3.5380449530848592,0.8680448767909141,2.75,2.6700000762939453,0.07868593290726593,0.9205292226716402,0.0007848444210940072
1994-01-01,3.4784615241930994,0.6784615718768148,2.5199999809265137,2.799999952316284,0.1357902275052772,0.8633131313782302,0.0008966411164927465
1994-02-01,3.4120304390592717,0.5520305439634464,2.5199999809265137,2.859999895095825,0.19847625576221253,0.800666516930066,0.0008572273077216483
1994-03-01,3.337449508323076,0.48744960369050694,2.509999990463257,2.8499999046325684,0.26823839089474455,0.7309536415043524,0.0008079676009031159
1994-04-01,3.1715888760347006,0.12158892371841638,2.359999895095825,3.049999952316284,0.4225587498151285,0.576666579939982,0.0007746702448897254
1994-05-01,2.9656264943789217,-0.22437356284153692,2.2899999618530273,3.190000057220459,0.6115034777559372,0.3878762855508454,0.0006202366932175735
1994-06-01,2.912518500201055,-0.12748146165197236,2.490000009536743,3.0399999618530273,0.6585880454142642,0.34089010556429766,0.0005218490214382849
1994-07-01,3.02602236050134,0.26602237003808327,2.7699999809265137,2.759999990463257,0.5524997946009813,0.4468933423220422,0.0006068630769764532
1994-08-01,3.1979142603382154,0.5779143747791334,2.9000000953674316,2.619999885559082,0.39197252377922576,0.6073463966318272,0.0006810795889470832
1994-09-01,3.3562246447413933,0.816224682888366,2.9600000381469727,2.5399999618530273,0.24404393191178525,0.7552520338526835,0.0007040342355313299
1994-10-01,3.3307877049135635,0.5207877621340221,2.609999895095825,2.809999942779541,0.26807883097406376,0.731186524489703,0.0007346445362333721
1994-11-01,3.3350884558027523,0.7250885607069275,2.6700000762939453,2.609999895095825,0.2640873062127396,0.7351958866098781,0.0007168071773822988
1994-12-01,3.3387981434264073,0.79879818157338,2.6700000762939453,2.5399999618530273,0.2606856715383817,0.7385979807990374,0.0007163476625810701
1995-01-01,3.391772545382206,0.6617725263087195,2.799999952316284,2.7300000190734863,0.2111170710254411,0.7881788044243888,0.0007041245501701714
1995-02-01,3.448909935593758,0.798909840226326,2.859999895095825,2.6500000953674316,0.15784275495858688,0.8414497786908945,0.000707466350518523
1995-03-01,3.485885287444282,0.6458853732749704,2.8499999046325684,2.8399999141693115,0.12360086596700608,0.8756813146582211,0.000717819374772888
1995-04-01,3.545075531732269,0.6450754363648377,3.049999952316284,2.9000000953674316,0.06856641836242391,0.9307311259415423,0.0007024556960340175
1995-05-01,3.585829465379544,0.6958293604753694,3.190000057220459,2.890000104904175,0.030971805823687762,0.9683270684340631,0.0007011257422491441
1995-06-01,3.5939323025498395,0.8439323025498389,3.0399999618530273,2.75,0.023844528127201906,0.9754513032572403,0.0007041686155576408
1995-07-01,3.578362391220194,0.6283623435364784,2.759999990463257,2.950000047683716,0.039173533808065486,0.9600404672678743,0.000785998924060207
1995-08-01,3.5467469488070216,0.666746834366103,2.619999885559082,2.880000114440918,0.0697294431381049,0.9294082855470228,0.0008622713148721307
1995-09-01,3.495491788520293,0.4954917885202928,2.5399999618530273,3,0.11881128536165089,0.8802906565519824,0.0008980580863668802
1995-10-01,3.5191530331887786,0.5291530236520352,2.809999942779541,2.990000009536743,0.09571630428539854,0.9035252711955764,0.000758424519025105
1995-11-01,3.4870387260526425,0.22703873558938548,2.609999895095825,3.259999990463257,0.12650301611571627,0.8726669944918333,0.0008299893924506489
1995-12-01,3.4311278283150037,0.11112789507220573,2.5399999618530273,3.319999933242798,0.17957550728582283,0.8195760856440033,0.0008484070701737923
1996-01-01,3.4480812747416603,0.4080813128886328,2.7300000190734863,3.0399999618530273,0.1629697052155459,0.8362743862575237,0.0007559085269304865
1996-02-01,3.4339129666374384,0.40391299524766794,2.6500000953674316,3.0299999713897705,0.17625950647092808,0.8229651356503291,0.0007753578787426966
1996-03-01,3.4803750747778723,0.7203750843146157,2.8399999141693115,2.759999990463257,0.13185127391909468,0.8674218843073326,0.0007268417735727097
1996-04-01,3.5218892042495993,1.0218892042495997,2.9000000953674316,2.5,0.09231981940790043,0.9069614060868313,0.000718774505268317
1996-05-01,3.5445556083108736,1.3145555892373875,2.890000104904175,2.2300000190734863,0.0708234469387021,0.9284520204595563,0.0007245326017415886
1996-06-01,3.5381298637629124,1.238129911446628,2.75,2.299999952316284,0.07720220384803912,0.9220258662539964,0.000771929897964713
1996-07-01,3.5624185492342293,1.3324185301607432,2.950000047683716,2.2300000190734863,0.05393849525983616,0.9453425690784807,0.0007189356616831273
1996-08-01,3.568480979453912,1.338480960380426,2.880000114440918,2.2300000190734863,0.04830954185414544,0.9509566506730951,0.0007338074727594098
1996-09-01,3.583217190346818,1.4332170949793857,3,2.1500000953674316,0.03426414315055696,0.965024901236963,0.0007109556124804376
1996-10-01,3.5899980125823903,1.5099980888763358,2.990000009536743,2.0799999237060547,0.02791270769295972,0.9713750211595731,0.0007122711474672284
1996-11-01,3.6056079839433575,1.7756079410280126,3.259999990463257,1.8300000429153442,0.013128993673464985,0.9861664228072913,0.0007045835192436083
1996-12-01,3.611531159057314,1.9115311113735982,3.319999933242798,1.7000000476837158,0.00770533055231514,0.9915836954868698,0.0007109739608153113
1997-01-01,3.606583219967544,2.0365831675154573,3.0399999618530273,1.5700000524520874,0.012583461658461683,0.9867094434549214,0.0007070948866168291
1997-02-01,3.604760528597125,2.164760471376666,3.0299999713897705,1.440000057220459,0.014409743624949664,0.9848811535105545,0.000709102864495952
1997-03-01,3.588453152694932,2.218453147926561,2.759999990463257,1.3700000047683716,0.03040997012428301,0.968796626013497,0.000793403862219865
1997-04-01,3.535280011694441,2.095279954473982,2.5,1.440000057220459,0.08202314403028829,0.9170132470153742,0.0009636089543375768
1997-05-01,3.341914620766838,1.6519145635463797,2.2300000190734863,1.690000057220459,0.26615349655486326,0.7327152387940256,0.001131264651111298
1997-06-01,3.1210019715414137,1.4410020239935013,2.299999952316284,1.6799999475479126,0.4707398753895628,0.5284588550558013,0.0008012695546360876
1997-07-01,2.8719736754060743,1.191973727858162,2.2300000190734863,1.6799999475479126,0.6976056329917508,0.30184267365138523,0.0005516933568640413
1997-08-01,2.7091373458455905,1.0891373410772187,2.2300000190734863,1.6200000047683716,0.8437494455561655,0.15588507663690898,0.0003654778069255057
1997-09-01,2.607800361302825,1.1178003517660822,2.1500000953674316,1.4900000095367432,0.9342965882030755,0.06545601862257332,0.00024739317435137513
1997-10-01,2.563171805466746,1.0731717959300024,2.0799999237060547,1.4900000095367432,0.9742183776920491,0.02559856795798382,0.00018305434996701217
1997-11-01,2.542264731578562,0.9922647792622779,1.8300000429153442,1.5499999523162842,0.9932885254405821,0.006590014333855065,0.00012146022556276047
1997-12-01,2.5380918000936368,0.9280917857885219,1.7000000476837158,1.6100000143051147,0.9971525969737018,0.0027473477770973876,0.00010005524920065103
1998-01-01,2.5368507920136714,0.8668508349290154,1.5700000524520874,1.6699999570846558,0.9983236235587465,0.0015888009038104855,8757553744295253e-20
1998-02-01,2.5362118707412193,0.9262118564361048,1.440000057220459,1.6100000143051147,0.9989276364710208,0.0009937014992536463,7866202972553613e-20
1998-03-01,2.535970981056329,0.8059709619828429,1.3700000047683716,1.7300000190734863,0.9991543690510333,0.0007708559219733663,7477502699348389e-20
1998-04-01,2.536185289173542,0.2561853177837716,1.440000057220459,2.2799999713897705,0.998952947539975,0.0009687379098312092,783145501937995e-19
1998-05-01,2.5375352648637715,0.44753535069446004,1.690000057220459,2.0899999141693115,0.9976746175704856,0.0022284128843997938,9696954511487731e-20
1998-06-01,2.537542837146765,0.5775427989997927,1.6799999475479126,1.9600000381469727,0.9976659445248437,0.0022373966650755797,9665881008080679e-20
1998-07-01,2.5375439778549382,0.3975438729507636,1.6799999475479126,2.140000104904175,0.9976647756721823,0.002238568725150794,966556026669003e-19
1998-08-01,2.537118555707354,0.2771185652440971,1.6200000047683716,2.259999990463257,0.9980691458936354,0.0018394996429946257,9135446337009476e-20
1998-09-01,2.536415291420935,-0.09358482301998321,1.4900000095367432,2.630000114440918,0.998735587161085,0.0011826635053252255,8174933358993994e-20
1998-10-01,2.536391043837331,-0.023608898942209924,1.4900000095367432,2.559999942779541,0.998758821457535,0.0011597085669437363,8146997552134609e-20
1998-11-01,2.536665011706642,-0.08333487385244018,1.5499999523162842,2.619999885559082,0.998499958578427,0.0014145637520421163,8547766953078724e-20
1998-12-01,2.5370107840149903,-0.14298928274221193,1.6100000143051147,2.680000066757202,0.998172215453022,0.0017376231346825563,9016141229563227e-20
1999-01-01,2.5374350757250257,-0.20256493381171772,1.6699999570846558,2.740000009536743,0.997768962857733,0.0021355440552013067,9549308706591583e-20
1999-02-01,2.537049388769555,-0.6829506398406744,1.6100000143051147,3.2200000286102295,0.9981349278143402,0.0017745816158758264,9049056978390527e-20
1999-03-01,2.5379283545089972,-1.2220716359542596,1.7300000190734863,3.759999990463257,0.9972994334356301,0.0025991953317310063,0.00010137123263895097
1999-04-01,2.5507086723945873,-0.5192912608482109,2.2799999713897705,3.069999933242798,0.9850341790396775,0.014757014905047477,0.00020880605527513039
1999-05-01,2.5467540286112302,-0.6432460286092286,2.0899999141693115,3.190000057220459,0.9887886345859226,0.01104650003157343,0.00016486538250394094
1999-06-01,2.5423791075257673,-1.187620911547719,1.9600000381469727,3.7300000190734863,0.9930121109512208,0.006851310312225793,0.00013657873655355927
1999-07-01,2.546551280822247,-1.1134488050084417,2.140000104904175,3.6600000858306885,0.9890085875619727,0.01081978008543675,0.00017163235259053773
1999-08-01,2.5529785234587927,-0.8570215623718952,2.259999990463257,3.4100000858306885,0.9827949949499515,0.016996577164827026,0.00020842788522143626
1999-09-01,2.5924139460571336,-0.8575861016265819,2.630000114440918,3.450000047683716,0.9447204958220726,0.05488128425255052,0.00039821992537684547
1999-10-01,2.6161260026456286,-0.8338740450380872,2.559999942779541,3.450000047683716,0.921552722265811,0.07806604228746308,0.00038123544672606435
1999-11-01,2.6539382397046607,-0.7960618079790551,2.619999885559082,3.450000047683716,0.8850202848407853,0.11454885224815567,0.00043086291105896314
1999-12-01,2.7144830282483845,-0.6755170766557904,2.680000066757202,3.390000104904175,0.8269500790868093,0.17255737016126382,0.000492550751926964
2000-01-01,2.8091319171059057,-0.9208681019675802,2.740000009536743,3.7300000190734863,0.7371176676582932,0.2623226627968702,0.0005596695448365401
2000-02-01,3.2020923116259414,-0.3279076597638292,3.2200000286102295,3.5299999713897705,0.3736269922892016,0.6254235111780498,0.0009494965327485538
2000-03-01,3.5687349310496543,0.6487348547557095,3.759999990463257,2.9200000762939453,0.04585761253223528,0.9529833676930288,0.0011590197747357266
2000-04-01,3.591366608737279,0.32136662781076586,3.069999933242798,3.2699999809265137,0.025671419491061637,0.9735989499612208,0.000729630547717568
2000-05-01,3.605289004375113,-0.014710881183968409,3.190000057220459,3.619999885559082,0.013398318594232527,0.9859003084079503,0.0007013729978173023
2000-06-01,3.6172828561716868,0.36728285617168704,3.7300000190734863,3.25,0.0028433430995673374,0.9962574797305858,0.000899177169847005
2000-07-01,3.617704233909923,0.8977042052996931,3.6600000858306885,2.7200000286102295,0.002379360030799842,0.9967630091572328,0.0008576308119673503
2000-08-01,3.6155586492536655,0.895558620643436,3.4100000858306885,2.7200000286102295,0.004144990206175354,0.9951163953733114,0.000738614420513361
2000-09-01,3.6157481001441707,0.9657480047767394,3.450000047683716,2.6500000953674316,0.003978921192781651,0.995276535749127,0.0007445430580915847
2000-10-01,3.615768512107714,1.4857683976667955,3.450000047683716,2.130000114440918,0.00396024028467025,0.9952949430520343,0.0007448166632955232
2000-11-01,3.615771021960446,1.7157710458023037,3.450000047683716,1.899999976158142,0.003957943071808116,0.9952972293268034,0.000744827601388459
2000-12-01,3.615097011909019,2.065097059592735,3.390000104904175,1.5499999523162842,0.004564650107993181,0.9947081316392864,0.0007272182527206197
2001-01-01,3.618084198914859,2.4780842132199736,3.7300000190734863,1.1399999856948853,0.0021322897012591028,0.996969266491528,0.0008984438072130889
2001-02-01,3.616767054929867,2.4767670692349824,3.5299999713897705,1.1399999856948853,0.0030995930040161137,0.996115704221001,0.0007847027749828796
2001-03-01,3.604816950712222,2.1248169316387355,2.9200000762939453,1.4800000190734863,0.014579210818549305,0.9846831549759367,0.000737634205514101
2001-04-01,3.611421470287659,1.971421484592773,3.2699999809265137,1.6399999856948853,0.00807798587258533,0.9912148811821866,0.0007071329452282233
2001-05-01,3.6169508833083164,2.4369509357604033,3.619999885559082,1.1799999475479126,0.003020863691529168,0.9961577375957319,0.0008213987127389545
2001-06-01,3.6133118338033063,2.543311781351219,3.25,1.0700000524520874,0.006244532225288672,0.9930481434781523,0.0007073242965591588
2001-07-01,3.5918725833946024,2.1318725452476306,2.7200000286102295,1.4600000381469727,0.027344811593700127,0.9718381239888199,0.0008170644174801006
2001-08-01,3.5753966046143875,1.7753966522981035,2.7200000286102295,1.7999999523162842,0.043253697101559185,0.9559278389519701,0.0008184639464707676
2001-09-01,3.550931970812318,2.040931980349061,2.6500000953674316,1.5099999904632568,0.06685162581545101,0.9322982516392324,0.0008501225453165931
2001-10-01,3.312727011412819,1.2827270400230477,2.130000114440918,2.0299999713897705,0.29404319650022953,0.7046974981287063,0.0012593053710642005
2001-11-01,2.8149449002380575,0.614944852554342,1.899999976158142,2.200000047683716,0.7507410011704202,0.24852438849167216,0.000734610337907708
2001-12-01,2.556118636045763,0.17611852160484506,1.5499999523162842,2.380000114440918,0.98139923457398,0.01842614441996833,0.00017462100605184167
2002-01-01,2.5358155083132115,-0.0641843963193568,1.1399999856948853,2.5999999046325684,0.9993212969900066,0.0006081453738273274,7055763616599233e-20
2002-02-01,2.5355109155328055,-0.44448910354067994,1.1399999856948853,2.9800000190734863,0.9995848691135096,0.000348881727975905,6624915851456855e-20
2002-03-01,2.5363195183740457,-0.48368046255246827,1.4800000190734863,3.0199999809265137,0.9988266806324155,0.0010928664018700967,804529657144611e-19
2002-04-01,2.5371838408049663,0.31718381219473657,1.6399999856948853,2.2200000286102295,0.9980083393983163,0.001899153531273668,9250707040999093e-20
2002-05-01,2.535583402274363,0.47558345949482217,1.1799999475479126,2.059999942779541,0.9995172713259864,0.0004148967712465719,678319027671636e-19
2002-06-01,2.5354251317404874,0.42542523664466186,1.0700000524520874,2.109999895095825,0.9996643932257437,0.0002710482317294061,645585425269484e-19
2002-07-01,2.536240346846158,0.4262404517503326,1.4600000381469727,2.109999895095825,0.9989012805800612,0.0010195004237874485,7921899615132966e-20
2002-08-01,2.5385537236974978,0.37855363786680957,1.7999999523162842,2.1600000858306885,0.9967045536269492,0.00318668642502798,0.00010875994802300513
2002-09-01,2.5365542441456417,0.21655431090284413,1.5099999904632568,2.319999933242798,0.9986035537574229,0.001312863441467715,8358280110951493e-20
2002-10-01,2.542215684091839,0.5022157222388116,2.0299999713897705,2.0399999618530273,0.9931997440666619,0.0066561428680100235,0.00014411306532807422
2002-11-01,2.5487102143382114,0.7787102334116979,2.200000047683716,1.7699999809265137,0.9869340828066825,0.012878262318387595,0.00018765487492998495
2002-12-01,2.56153559035517,0.6815355951235418,2.380000114440918,1.8799999952316284,0.9745276321861605,0.025217957786440634,0.00025441002739897046
2003-01-01,2.5960112628065923,0.6660113152586802,2.5999999046325684,1.9299999475479126,0.9411640044611879,0.05845195667438902,0.0003840388644231523
2003-02-01,2.7596460158262084,1.0696459586057487,2.9800000190734863,1.690000057220459,0.7845062104161431,0.2147008727611516,0.0007929168227053679
2003-03-01,3.0333828753497327,1.2933828658129893,3.0199999809265137,1.7400000095367432,0.5278067211245354,0.4713658695983719,0.0008274092770927812
2003-04-01,2.7910314477284905,0.501031485875463,2.2200000286102295,2.2899999618530273,0.7547828981177892,0.24471239056442984,0.0005047113177810978
2003-05-01,2.6148260557599032,-0.43517389655638117,2.059999942779541,3.049999952316284,0.9229188334427403,0.07680449939382211,0.0002766671634375319
2003-06-01,2.566534069677105,-0.7034659112494088,2.109999895095825,3.2699999809265137,0.9695540962342953,0.03024865506716645,0.0001972486985382312
2003-07-01,2.5523558220241767,-0.43764418751256645,2.109999895095825,2.990000009536743,0.9833294535300149,0.016495399997327034,0.00017514647265805727
2003-08-01,2.5503956371317966,-0.09960445823563448,2.1600000858306885,2.6500000953674316,0.9852599154684991,0.014558446757129964,0.00018163777437088898
2003-09-01,2.5583412921586213,0.018341330305593623,2.319999933242798,2.5399999618530273,0.9775953080703952,0.022173531983521254,0.0002311599460835508
2003-10-01,2.5467370301926513,-0.6432630270278076,2.0399999618530273,3.190000057220459,0.9887791535189696,0.011063696811118877,0.0001571496699115535
2003-11-01,2.5391504682142316,-0.980849512712282,1.7699999809265137,3.5199999809265137,0.9961147291059215,0.0037758921728678467,0.00010937872121066611
2003-12-01,2.539888942365758,-0.7201110480974987,1.8799999952316284,3.259999990463257,0.9954214053722513,0.004457999517713782,0.00012059511003503492
2004-01-01,2.540781795241138,-0.4292182333690918,1.9299999475479126,2.9700000286102295,0.9945649534412399,0.005306484186275912,0.00012856237248434063
2004-02-01,2.5378322458878513,-0.4721677445754058,1.690000057220459,3.009999990463257,0.9973862969604232,0.002514790382624686,9891265695210283e-20
2004-03-01,2.5380799320755933,-0.6119201632918385,1.7400000095367432,3.1500000953674316,0.9971537115889771,0.002743522835973855,0.00010276557504917472
2004-04-01,2.5512360067399213,-0.9587639837233359,2.2899999618530273,3.509999990463257,0.9845257702868827,0.015261971919702109,0.00021225779341516209
2004-05-01,2.6907980856374953,-0.10920186667878859,3.049999952316284,2.799999952316284,0.8508218209014675,0.14827069283177288,0.000907486266759662
2004-06-01,3.1000155425420792,0.5700155711523084,3.2699999809265137,2.5299999713897705,0.4672899478623227,0.5314906912270366,0.0012193609106406521
2004-07-01,3.33059930133511,0.160599225041165,2.990000009536743,3.1700000762939453,0.25709772657543334,0.7421243045746505,0.0007779688499161447
2004-08-01,3.330229443917775,-0.3097706609863998,2.6500000953674316,3.640000104904175,0.2589244002221187,0.7403294413849053,0.0007461583929759382
2004-09-01,3.268469065937478,-1.421530991282981,2.5399999618530273,4.690000057220459,0.316682871857084,0.6825617450486879,0.0007553830942281173
2004-10-01,3.4876888135536532,-0.8623110910789156,3.190000057220459,4.349999904632568,0.11818904630743712,0.8810604168313402,0.0007505368612227944
2004-11-01,3.5956281286863043,0.13562809053933195,3.5199999809265137,3.4600000381469727,0.021701209804634747,0.9774967316596794,0.0008020585356860721
2004-12-01,3.607758941698587,0.18775886540464193,3.259999990463257,3.4200000762939453,0.011017134034680515,0.988273993355561,0.0007088726097586382
2005-01-01,3.6022577459259626,-0.38774226361078146,2.9700000286102295,3.990000009536743,0.016620633858265774,0.9826598476658136,0.0007195184759207066
2005-02-01,3.6021972343014386,0.002197329668870049,3.009999990463257,3.5999999046325684,0.016801767195465046,0.9824851705368493,0.0007130622676859124
2005-03-01,3.607486923385704,0.24748702828987934,3.1500000953674316,3.359999895095825,0.011750680606983631,0.9875495328242887,0.0006997865687277934
2005-04-01,3.6154035144956054,0.06540356217932142,3.509999990463257,3.549999952316284,0.004341122389982145,0.9948924135917129,0.0007664640183050149
2005-05-01,3.5983299745665893,-0.5716701017273557,2.799999952316284,4.170000076293945,0.020949949367279067,0.9782696553782908,0.0007803952544303619
2005-06-01,3.5540862059219602,-0.7659139657394162,2.5299999713897705,4.320000171661377,0.06410949454860948,0.9349426587514497,0.0009478466999408688
2005-07-01,3.5958961718599194,-0.5541039235075131,3.1700000762939453,4.150000095367432,0.0230817784180761,0.9761979167264585,0.0007203048554656757
2005-08-01,3.6157636799297115,-0.20423625331308634,3.640000104904175,3.819999933242798,0.004200898495901132,0.9949604333732136,0.0008386681308854194
2005-09-01,3.6305050329593285,1.5705050901797881,4.690000057220459,2.059999942779541,0.00036243828652714774,0.9949749429787459,0.004662618734727182
2005-10-01,3.6252869964103134,2.315287053630772,4.349999904632568,1.309999942779541,0.0005449349838755884,0.9965695077792259,0.00288555723689837
2005-11-01,3.616646523677252,1.6466464950670234,3.4600000381469727,1.9700000286102295,0.0034602641493885105,0.995664224380309,0.0008755114703024743
2005-12-01,3.615538007655108,1.0755380458020816,3.4200000762939453,2.5399999618530273,0.004180244487480376,0.9950763432378752,0.0007434122746443164
2006-01-01,3.6198822962257675,1.5398823725197126,3.990000009536743,2.0799999237060547,0.001219951753220039,0.9975779562473643,0.001202091999415852
2006-02-01,3.6174751714955784,1.1974750952016333,3.5999999046325684,2.4200000762939453,0.0025608953330420307,0.9965999016031878,0.0008392030637702695
2006-03-01,3.6149578214273403,0.8349578500375701,3.359999895095825,2.7799999713897705,0.004694645140185915,0.9945801832401027,0.0007251716197116953
2006-04-01,3.616658835116933,1.0466589018741352,3.549999952316284,2.569999933242798,0.0032035121580708263,0.996012253001154,0.0007842348407752276
2006-05-01,3.621329882722057,0.9313298255015985,4.170000076293945,2.690000057220459,0.0008333906640646307,0.9975931789514937,0.0015734303844418534
2006-06-01,3.623288785778392,0.9332887285579331,4.320000171661377,2.690000057220459,0.0005843996059458835,0.9972373879529178,0.0021782124411363723
2006-07-01,3.6217087023815844,1.261708807285759,4.150000095367432,2.359999895095825,0.0007919261892493788,0.9975132154396046,0.0016948583711460477
2006-08-01,3.6191211123011775,1.6491210836909478,3.819999933242798,1.9700000286102295,0.001553721850325669,0.9973909175434722,0.0010553606062023437
2006-09-01,3.4692676631505623,0.7092676726873053,2.059999942779541,2.759999990463257,0.1477343522084063,0.8505192458682985,0.0017464019232953875
2006-10-01,2.646010069923342,-0.8939898919296849,1.309999942779541,3.5399999618530273,0.9038972119260802,0.09501316162166834,0.0010896264522514173
2006-11-01,2.561860900869438,-1.7481390419101033,1.9700000286102295,4.309999942779541,0.9759886487537408,0.023816234610371325,0.00019511663588791435
2006-12-01,2.5884823846394056,-1.4915175390666493,2.5399999618530273,4.079999923706055,0.9500606804367888,0.049599223896489845,0.00034009566672134133
2007-01-01,2.5557495337527754,-1.7242506760555742,2.0799999237060547,4.28000020980835,0.9804407596305077,0.01938052368151956,0.00017871668797272576
2007-02-01,2.569504867530577,-1.4604953422777722,2.4200000762939453,4.03000020980835,0.9670695314691276,0.03265621651476564,0.0002742520161069007
2007-03-01,2.6438455111880153,-1.3361545078854713,2.7799999713897705,3.9800000190734863,0.8955551854384345,0.10390598414943578,0.0005388304121299335
2007-04-01,2.6642756784424404,-1.2757243787780184,2.569999933242798,3.940000057220459,0.8754678176175005,0.12411259933099514,0.00041958305150444774
2007-05-01,2.7301451763630404,-1.4498546519755824,2.690000057220459,4.179999828338623,0.8125190037666299,0.18697896977985348,0.0005020264535167401
2007-06-01,2.8003475905293653,-2.219652390397149,2.690000057220459,5.019999980926514,0.745959026621637,0.2535118269646516,0.0005291464137113729
2007-07-01,2.7104742726028297,-2.8895256320297387,2.359999895095825,5.599999904632568,0.8313397942414821,0.1682720750334164,0.0003881307251014106
2007-08-01,2.578273619350688,-2.791726266208394,1.9700000286102295,5.369999885559082,0.9582561082397828,0.04153387810522108,0.00021001365499623975
2007-09-01,2.652677978205961,-2.287322079014498,2.759999990463257,4.940000057220459,0.886910562398557,0.11257658232482882,0.0005128552766142315
2007-10-01,3.1774197029237823,-0.48258038290690636,3.5399999618530273,3.6600000858306885,0.398395507582175,0.5997783473292864,0.001826145088538676
2007-11-01,3.605848618147809,2.535848565695723,4.309999942779541,1.0700000524520874,0.01753612380007052,0.9796102644860614,0.0028536117138682347
2007-12-01,3.6205131094101404,3.5305131058338617,4.079999923706055,0.09000000357627869,0.0016165275174409275,0.9967833534693057,0.001600119013253444
2008-01-01,3.6227923349147355,3.5927923355852878,4.28000020980835,0.029999999329447746,0.0006532545992722111,0.9973185186763004,0.0020282267244274162
2008-02-01,3.6206578891853263,3.3806578945497443,4.03000020980835,0.23999999463558197,0.001003452732967614,0.9975972502794709,0.0013992969875615863
2008-03-01,3.6201087160067895,4.000108711238418,3.9800000190734863,-0.3799999952316284,0.0011224075259506888,0.9976301755980597,0.0012474168759897535
2008-04-01,3.6197900839125783,4.3597900934493214,3.940000057220459,-0.7400000095367432,0.0012227415089624569,0.9976063043905231,0.0011709541005143474
2008-05-01,3.621609430261284,4.901609401651054,4.179999828338623,-1.2799999713897705,0.0007651913481001936,0.9975867057650547,0.0016481028868451301
2008-06-01,3.653042158254831,5.083042105802744,5.019999980926514,-1.4299999475479126,0.00020454764074864703,0.9871113306857777,0.0126841216734736
2008-07-01,4.003299606336281,6.103299510968849,5.599999904632568,-2.0999999046325684,9606447330175962e-20,0.8636717326738952,0.1362322028528032
2008-08-01,4.3754375393623235,5.85543755843581,5.369999885559082,-1.4800000190734863,9529013579101044e-20,0.7366266879447949,0.2632780219194141
2008-09-01,4.212620673788368,5.502620635641395,4.940000057220459,-1.2899999618530273,0.00017980246114233906,0.7919347591458193,0.20788543839303839
2008-10-01,3.7292784691244045,3.909278476276962,3.6600000858306885,-0.18000000715255737,0.002319732469510342,0.9563487782450244,0.041331489285465435
2008-11-01,2.8471870414044713,1.0071870080258702,1.0700000524520874,1.840000033378601,0.7855019125034772,0.18851907874018645,0.025979008756336436
2008-12-01,2.5440703405377403,-0.17592968807248893,0.09000000357627869,2.7200000286102295,0.997409708724817,0.00010666303111711662,0.0024836282440657423
2009-01-01,2.538015179886845,-0.09198493455407261,0.029999999329447746,2.630000114440918,0.9990862684689171,6625889567944632e-21,0.0009071056415149299
2009-02-01,2.5363623225028458,0.39636221759867096,0.23999999463558197,2.140000104904175,0.9995672659547784,14014753471148783e-21,0.00041871929175062736
2009-03-01,2.5371873194014714,0.22718737662193045,-0.3799999952316284,2.309999942779541,0.9993270393367887,14894044466928902e-22,0.0006714712587647503
2009-04-01,2.539732942880149,0.2997329333434058,-0.7400000095367432,2.240000009536743,0.9985458890400606,40889851967598326e-23,0.0014537020614198471
2009-05-01,2.5449570681389746,0.5249570872124607,-1.2799999713897705,2.0199999809265137,0.9970048610425997,616457839236719e-22,0.0029950773116165703
2009-06-01,2.5486270581873223,1.4986271058710379,-1.4299999475479126,1.0499999523162842,0.99596398277148,3697261533248472e-23,0.00403598025590459
2009-07-01,2.5849028468745576,1.3449028373378145,-2.0999999046325684,1.2400000095367432,0.9863892469297647,4111463350226754e-24,0.013610748958771885
2009-08-01,2.57476296851216,1.424762992354018,-1.4800000190734863,1.149999976158142,0.9890518617376295,3124550436764043e-23,0.010948107016866269
2009-09-01,2.5647645327218624,1.4247645470269774,-1.2899999618530273,1.1399999856948853,0.9916720350895005,5984581883985855e-23,0.00832790506468083
2009-10-01,2.548290308937574,1.3782903518529184,-0.18000000715255737,1.1699999570846558,0.9960120109646768,31221681538063977e-22,0.003984866867169328
2009-11-01,2.545798234927033,1.4057982492321475,1.840000033378601,1.1399999856948853,0.9942900749931934,0.0035570127996209892,0.002152912207185617
2009-12-01,2.593431441284447,1.0934314412844468,2.7200000286102295,1.5,0.9461494857700092,0.05244268952996876,0.001407824700022
2010-01-01,2.630316287068189,1.0003162918365602,2.630000114440918,1.6299999952316284,0.908542272361856,0.09076581174079092,0.000691915897353072
2010-02-01,2.57108652073434,0.46108662563851466,2.140000104904175,2.109999895095825,0.9651215305221755,0.034624101993094535,0.0002543674847300702
2010-03-01,2.5670293119196326,-0.11297075483756971,2.309999942779541,2.680000066757202,0.9690751690825322,0.03068174479231066,0.00024308612515717656
2010-04-01,2.5596248527938723,-0.6003752330368165,2.240000009536743,3.1600000858306885,0.9762589342484255,0.02352760301076312,0.00021346274081127583
2010-05-01,2.546378747232438,-1.0236211860103601,2.0199999809265137,3.569999933242798,0.9891123493281685,0.010734567173475694,0.00015308349835578108
2010-06-01,2.5355029822884045,-1.0244969604911363,1.0499999523162842,3.559999942779541,0.9995934056460763,0.0003397296952722773,6686465865137285e-20
2010-07-01,2.535660380020562,-1.094339734420356,1.2400000095367432,3.630000114440918,0.9994451695855796,0.00048565327656375373,6917713785665955e-20
2010-08-01,2.5355206925468186,-1.2344792883796951,1.149999976158142,3.7699999809265137,0.9995754141658836,0.0003581247830454026,6646105107111267e-20
2010-09-01,2.5355057113598116,-1.3344941741992704,1.1399999856948853,3.869999885559082,0.9995893241390874,0.0003445301980725427,6614566284013865e-20
2010-10-01,2.5355466275618532,-0.9944533438279174,1.1699999570846558,3.5299999713897705,0.9995512105392402,0.00038183588777163444,6695357298818876e-20
2010-11-01,2.535506018664179,-0.8544940862399957,1.1399999856948853,3.390000104904175,0.9995890454464763,0.0003447996479264665,6615490559715864e-20
2010-12-01,2.5364005711558995,-0.42359946699107315,1.5,2.9600000381469727,0.9987502407630909,0.0011680602097029705,8169902720613409e-20
2011-01-01,2.537122626228229,-0.39287744052897333,1.6299999952316284,2.930000066757202,0.9980663626717393,0.0018419432879772499,9169404028367798e-20
2011-02-01,2.544308384418633,-0.32569150114044887,2.109999895095825,2.869999885559082,0.9911898197692492,0.00864887444595837,0.000161305784792587
2011-03-01,2.590524617957545,-0.05947547740988671,2.680000066757202,2.6500000953674316,0.9466727174363226,0.052897695646345236,0.0004295869173322586
2011-04-01,2.836972982867652,0.5369730305513676,3.1600000858306885,2.299999952316284,0.7119811549824822,0.2869079755519862,0.0011108694655318203
2011-05-01,3.4093871886431457,1.70938714095943,3.569999933242798,1.7000000476837158,0.18762251136027333,0.8109654042739419,0.001412084365784708
2011-06-01,3.5896083424674607,1.929608375846062,3.559999942779541,1.659999966621399,0.02702649552794394,0.9720748692875772,0.0008986351844788291
2011-07-01,3.614754185798262,2.2047542191768628,3.630000114440918,1.409999966621399,0.004922881294423475,0.9942321623281162,0.0008449563774606002
2011-08-01,3.6182921409930144,1.9282920837725552,3.7699999809265137,1.690000057220459,0.002021691834395263,0.9970370613625746,0.0009412468030299504
2011-09-01,3.619206580456649,1.6292065709199064,3.869999885559082,1.9900000095367432,0.0014620550487110455,0.9974857190517246,0.0010522258995643648
2011-10-01,3.616862809957713,1.4568627241270249,3.5299999713897705,2.1600000858306885,0.0030312006587071877,0.9961749490492495,0.0007938502920434802
2011-11-01,3.615240054670757,1.8552400642075009,3.390000104904175,1.7599999904632568,0.004432979927782693,0.9948371910474737,0.0007298290247438661
2011-12-01,3.6057301173773726,1.865730107840629,2.9600000381469727,1.7400000095367432,0.013654506029289767,0.9856214969680911,0.0007239970026189301
2012-01-01,3.60043739543908,2.0104373620604785,2.930000066757202,1.590000033378601,0.01880322095703964,0.9804651493020785,0.0007316297408819239
2012-02-01,3.59432096937857,1.6143209503050837,2.869999885559082,1.9800000190734863,0.024768019992890373,0.9744821495315464,0.0007498304755630729
2012-03-01,3.568378305380902,2.098378276770673,2.6500000953674316,1.4700000286102295,0.05009909264751731,0.9490465429359487,0.0008543644165339522
2012-04-01,3.4387080970129564,2.378708154233415,2.299999952316284,1.059999942779541,0.17483267907360805,0.8240373886311385,0.001129932295253493
2012-05-01,2.808238106154651,1.4482380918495363,1.7000000476837158,1.3600000143051147,0.757838180828858,0.24113625172868344,0.001025567442458528
2012-06-01,2.5629954603070595,0.8129954603070596,1.659999966621399,1.75,0.9752924743241412,0.024513125690814618,0.00019439998504414501
2012-07-01,2.5370163575443696,0.577016319397397,1.409999966621399,1.9600000381469727,0.9982266160351163,0.0016903340945720682,8304987031186916e-20
2012-08-01,2.537608264111907,1.0176082831853936,1.690000057220459,1.5199999809265137,0.9976098824904021,0.0022928887754493353,972287341486518e-19
2012-09-01,2.5415661721127765,1.3615662245648632,1.9900000095367432,1.1799999475479126,0.9938206162365169,0.006041995308087087,0.0001373884553962683
2012-10-01,2.5470064068217706,1.587006428279443,2.1600000858306885,0.9599999785423279,0.9885774443638286,0.011246137539121568,0.00017641809704999287
2012-11-01,2.539009048207333,1.2990090386705895,1.7599999904632568,1.2400000095367432,0.9962530538866002,0.003638278083910977,0.00010866802948877573
2012-12-01,2.538172151521685,1.0381721515216853,1.7400000095367432,1.5,0.9970636958441201,0.002833074354949291,0.00010322980093066619
2013-01-01,2.536964133221464,0.9569640903061196,1.590000033378601,1.5800000429153442,0.9982150960562954,0.0016957247490047725,8917919469983191e-20
2013-02-01,2.541266883714614,1.411266888482986,1.9800000190734863,1.1299999952316284,0.9941079076007676,0.005756851861133137,0.00013524053809918835
2013-03-01,2.5364644327953547,1.0264644423320983,1.4700000286102295,1.5099999904632568,0.9986873005616028,0.0012307382355419485,8196120285518161e-20
2013-04-01,2.5354233913715585,0.5854233436878425,1.059999942779541,1.9500000476837158,0.9996663389569854,0.00026900217559238114,6465886742210213e-20
2013-05-01,2.5359247524016353,0.40592463796071804,1.3600000143051147,2.130000114440918,0.9991978415931848,0.00072817697836694,7398142844803737e-20
2013-06-01,2.5380253328076505,0.46802539956485306,1.75,2.069999933242798,0.9972086303482036,0.0026884590962811252,0.0001029105555152113
2013-07-01,2.541051987850675,0.5510519783139319,1.9600000381469727,1.9900000095367432,0.994311191593288,0.005556325417744185,0.00013248298896781054
2013-08-01,2.536695409442129,0.8366953617584131,1.5199999809265137,1.7000000476837158,0.9984683338661924,0.0014465528293749893,8511330443254399e-20
2013-09-01,2.5355774311432646,0.8755774645218651,1.1799999475479126,1.659999966621399,0.9995227055607006,0.0004096306469994641,6766379230003632e-20
2013-10-01,2.535330900751251,0.875330934129852,0.9599999785423279,1.659999966621399,0.9997523937263132,0.00018482398671271303,6278228697428817e-20
2013-11-01,2.535657197703497,1.2156571452514098,1.2400000095367432,1.3200000524520874,0.9994481124342296,0.00048279296845594007,6909459731449295e-20
2013-12-01,2.536406010198126,1.7764060197348692,1.5,0.7599999904632568,0.9987450479549543,0.0011731825335446952,8176951150094407e-20
2014-01-01,2.5368237305015517,2.6268237340778304,1.5800000429153442,-0.09000000357627869,0.9983497240532819,0.001562582523200029,876934235180746e-19
2014-02-01,2.5355077581394614,2.565507757468909,1.1299999952316284,-0.029999999329447746,0.9995877921458604,0.0003458604099081649,663474442316395e-19
2014-03-01,2.5364433374226176,2.606443337720641,1.5099999904632568,-0.07000000029802322,0.9987098936454233,0.0012077577237929408,8234863078387787e-20
2014-04-01,2.5406450744173408,2.740645077397573,1.9500000476837158,-0.20000000298023224,0.9947051078488734,0.005165017094371366,0.00012987505675512106
2014-05-01,2.5457475211716947,2.585747520277625,2.130000114440918,-0.03999999910593033,0.9897925088655471,0.010039115182491504,0.00016837595196141309
2014-06-01,2.545048665717445,2.425048668399654,2.069999933242798,0.11999999731779099,0.9904461220522314,0.009396305703339053,0.0001575722444296989
2014-07-01,2.5427929294131744,2.3727929276250346,1.9900000095367432,0.17000000178813934,0.9926186328492104,0.007240181342674195,0.00014118580811550095
2014-08-01,2.5380595062792417,2.3380595032990095,1.7000000476837158,0.20000000298023224,0.9971663964825251,0.002733018718453566,0.00010058479902125518
2014-09-01,2.537426208656647,2.5774262077625774,1.659999966621399,-0.03999999910593033,0.9977759208040154,0.002129080431432344,9499876455218102e-20
2014-10-01,2.537386895920988,2.3673868941328484,1.659999966621399,0.17000000178813934,0.9978142441706076,0.002090995260527114,9476056886532507e-20
2014-11-01,2.5358643726110466,2.0358643726110466,1.3200000524520874,0.5,0.9992542590264648,0.000672810002117412,7293097141776783e-20
2014-12-01,2.5352335840737195,1.805233565000233,0.7599999904632568,0.7300000190734863,0.9998457552192711,9235591038972607e-20,6188887033916031e-20
2015-01-01,2.5352815404323263,1.1652815356639548,-0.09000000357627869,1.3700000047683716,0.9998961847484512,42673571385197176e-22,995478944103206e-19
2015-02-01,2.5352777164846527,1.5152777355581386,-0.029999999329447746,1.0199999809265137,0.9998959816811694,5278100767772214e-21,987402180628915e-19
2015-03-01,2.5353029600584422,1.6853029362165841,-0.07000000029802322,0.8500000238418579,0.999889228906153,4566823097448191e-21,0.00010620427074976111
2015-04-01,2.535397450562534,1.4053974553309057,-0.20000000298023224,1.1299999952316284,0.9998634417922752,28526077107363747e-22,0.00013370560001414118
2015-05-01,2.535344071441837,1.5153440905153235,-0.03999999910593033,1.0199999809265137,0.9998764456178603,5089980017464238e-21,0.00011846440212238968
2015-06-01,2.535272722054145,1.535272722054145,0.11999999731779099,1,0.9998940713299335,9083060936447651e-21,9684560912996316e-20
2015-07-01,2.5352411049026045,1.7052411215919048,0.17000000178813934,0.8299999833106995,0.9999020109737955,1088496333445089e-20,8710406287008625e-20
2015-08-01,2.535223309113625,1.4752233663340841,0.20000000298023224,1.059999942779541,0.9999062365132988,12132141342971276e-21,8163134535816766e-20
2015-09-01,2.5352891732571874,1.0752891351102145,-0.03999999910593033,1.4600000381469727,0.9998931420710692,5092865352406964e-21,0.00010176506357837068
2015-10-01,2.535231888141486,0.8952319024466014,0.17000000178813934,1.6399999856948853,0.9999046837165492,10882499181737997e-21,8443378426910793e-20
2015-11-01,2.535193757250836,0.8451937000303773,0.5,1.690000057220459,0.9998974321917695,35706997512879446e-21,6686081071769063e-20
2015-12-01,2.5352231575518998,0.4652232243091018,0.7300000190734863,2.069999933242798,0.9998566752172472,8113434956900644e-20,6219043318387916e-20
2016-01-01,2.5359469835667166,0.03594698356671619,1.3700000047683716,2.5,0.9991771851803984,0.000748382138510857,7443268109071679e-20
2016-02-01,2.5353808182986453,-0.20461919123809802,1.0199999809265137,2.740000009536743,0.9997058961888561,0.0002303338798499335,6376993129395735e-20
2016-03-01,2.535266417549609,0.15526630310869108,0.8500000238418579,2.380000114440918,0.9998132900586483,0.00012488333365624668,6182660769531403e-20
2016-04-01,2.535489906897979,0.3354898592142633,1.1299999952316284,2.200000047683716,0.9996040105624637,0.0003301712151037227,6581822243274936e-20
2016-05-01,2.5353769869321803,0.6653769821638089,1.0199999809265137,1.8700000047683716,0.9997092360497054,0.00022715884028286793,6360511001169871e-20
2016-06-01,2.535359390362667,0.9053593951310384,1,1.6299999952316284,0.9997256181455194,0.0002111274794021699,6325437507849099e-20
2016-07-01,2.5352574097474068,0.8052573906739204,0.8299999833106995,1.7300000190734863,0.9998219438706111,0.00011630662072256236,6174950866650098e-20
2016-08-01,2.535411867096252,0.5954118098757928,1.059999942779541,1.940000057220459,0.9996766680375273,0.00025906683606454183,6426512640813061e-20
2016-09-01,2.5362399032521377,0.30623988417865095,1.4600000381469727,2.2300000190734863,0.9989017054925935,0.0010190809637333645,7921354367296037e-20
2016-10-01,2.5371794334726707,0.4971794716196435,1.6399999856948853,2.0399999618530273,0.9980125944717358,0.0018949365547274667,9246897353667856e-20
2016-11-01,2.5375990499348955,0.33759900225117967,1.690000057220459,2.200000047683716,0.9976128484280004,0.0022897047938085073,9744677819114798e-20
2016-12-01,2.543354013879134,0.43335411878330904,2.069999933242798,2.109999895095825,0.9921040945282814,0.007743034862729717,0.00015287060898902722
2017-01-01,2.5683486012039713,0.4983486679611734,2.5,2.069999933242798,0.9680090969138073,0.03168316661920778,0.00030773646698497475
2017-02-01,2.6313716958615196,0.4213716577145471,2.740000009536743,2.2100000381469727,0.907107086359398,0.09238896765752419,0.0005039459830777973
2017-03-01,2.6066748214603663,0.24667492636454127,2.380000114440918,2.359999895095825,0.930543589534912,0.06914875512050042,0.0003076553445877524
2017-04-01,2.570473054524309,0.11047301637733574,2.200000047683716,2.4600000381469727,0.9656321373013415,0.03414855640890368,0.00021930628975495853
2017-05-01,2.5436355540548212,-0.25636439826146296,1.8700000047683716,2.799999952316284,0.9917450876847161,0.008124464666513944,0.00013044764877013061
2017-06-01,2.537543635478753,-0.33245625008032864,1.6299999952316284,2.869999885559082,0.9976553343709806,0.0022505725358989005,9409309312058847e-20
2017-07-01,2.5379699528817206,-0.4120300948019956,1.7300000190734863,2.950000047683716,0.9972585284269655,0.0026399156507361716,0.0001015559222984711
2017-08-01,2.540690149034908,-0.15930989864880785,1.940000057220459,2.700000047683716,0.9946577780833563,0.0052130644721848935,0.0001291574444590323
2017-09-01,2.5494797660342554,0.2694797946444855,2.2300000190734863,2.2799999713897705,0.9862000858816664,0.013604675932082842,0.0001952381862505876
2017-10-01,2.544893045413763,0.02489306448724904,2.0399999618530273,2.5199999809265137,0.9905856309529678,0.009261123496703284,0.0001532455503289457
2017-11-01,2.5495819836766556,0.3695819169194536,2.200000047683716,2.180000066757202,0.9860769048016217,0.013734122741949432,0.00018897245642890016
2017-12-01,2.5472658175652834,0.6372658509438844,2.109999895095825,1.909999966621399,0.9882936097290568,0.011537869701877685,0.0001685205690653993
