date,signalid_mean,forecast_12_mean,forecast_error_12_mean,signal_1_mean,signal_2_mean,signalid_std,forecast_12_std,forecast_error_12_std,signal_1_std,signal_2_std
1980-01-01,50.5,8.903854283483215,-2.926145640535196,13.198668699997693,13.959572699996777,29.011491975882016,0.12549607907407936,0.12549607865974644,0.8554713271181459,0.88213540493328
1980-02-01,50.5,8.991633311933613,-2.4183665357023987,13.808005399992656,14.207420699987303,29.011491975882016,0.11837472042584873,0.11837472047571489,0.9667686128567012,0.9741117208060344
1980-03-01,50.5,9.07408885974561,-1.4159109112087989,14.044173099994975,14.779078699998601,29.011491975882016,0.09027282574773353,0.09027282608340903,0.6622149862372749,0.7014977882790191
1980-04-01,50.5,9.17659911945958,-0.8234008805404005,14.673565700001756,14.772957099991267,29.011491975882016,0.09295035985355597,0.09295035985354605,0.703248986892226,0.6929301713705808
1980-05-01,50.5,9.28596682415841,-0.49403290940559996,14.664181500003874,14.421219199997893,29.011491975882016,0.0990026125400199,0.09900261230051134,0.750955121818279,0.7078634472864791
1980-06-01,50.5,9.419138703377621,-0.1308614871544002,14.449111700006059,14.34784289999909,29.011491975882016,0.09794473274351573,0.09794473277938583,0.7191190504144811,0.6700570712622963
1980-07-01,50.5,9.504940867517599,-1.255059361325598,14.397883199997155,13.085113400002669,29.011491975882016,0.08003569685163463,0.0800356965757316,0.7122722063841458,0.5768811969503418
1980-08-01,50.5,9.609933427313187,-1.1900667634872004,13.128111599997451,12.786629800000762,29.011491975882016,0.08279061904814763,0.08279061943422211,0.7839326431518849,0.7419707858412914
1980-09-01,50.5,9.657167384779186,-1.2928324243319989,12.790833200001545,12.4736779999911,29.011491975882016,0.08814501854400249,0.08814501832537412,0.8224546199682046,0.8422185510404415
1980-10-01,50.5,9.751746918616016,-0.38825342420879944,12.640530299995344,12.801361699997106,29.011491975882016,0.06814038074941932,0.06814038074188691,0.6617794450947329,0.6674302208599572
1980-11-01,50.5,9.825217622318009,0.2352174699364007,12.728823600001506,12.524630699995791,29.011491975882016,0.08406964808396224,0.08406964774367535,0.6696634414487961,0.7639534034296126
1980-12-01,50.5,9.869585363235178,0.9495852868988018,12.575990099997773,12.438450800007804,29.011491975882016,0.08664412718303001,0.08664412729286707,0.8293456991334788,0.8721143194202594
1981-01-01,50.5,9.846279529026006,1.4562791856895998,12.52879020000378,11.7705867000031,29.011491975882016,0.16216303572445773,0.1621630357869444,1.2885023581951347,1.3426339726498644
1981-02-01,50.5,9.939432526282001,2.3194326408007977,11.833357699998878,11.387541999992349,29.011491975882016,0.08033185236562128,0.08033185213516449,0.6470188821507754,0.7185351925034656
1981-03-01,50.5,9.830936089454413,3.0509358799032027,11.258678300002346,10.475648999994862,29.011491975882016,0.1559922556398255,0.1559922555076915,1.141276272965674,0.9507592523158629
1981-04-01,50.5,9.83233010074757,3.322329871403599,10.446011299999986,10.004082800001875,29.011491975882016,0.1417744835147426,0.1417744835720029,0.6208953425784088,0.648610632493458
1981-05-01,50.5,9.775242635148404,3.095242806444803,10.014084599994824,9.82155949999685,29.011491975882016,0.15494666442782146,0.1549466647869094,0.5849403972228422,0.6264838844125908
1981-06-01,50.5,9.664797117983598,2.604797175219604,9.746288400001028,9.52479339999888,29.011491975882016,0.21815234398577293,0.21815234395526276,0.6901451132958772,0.6376810528499112
1981-07-01,50.5,9.777596152626808,3.337596095378,9.805032499999484,11.001128399998533,29.011491975882016,0.26386910581098083,0.26386910571720923,1.136930118107417,1.1025132980478434
1981-08-01,50.5,9.928257492757204,4.0782575881932,10.694816399994176,10.835201199996764,29.011491975882016,0.09930738661347484,0.09930738622454348,0.6545625529019673,0.5928861746412001
1981-09-01,50.5,9.969273488793975,4.929273526755995,10.754977600002366,11.054984500003929,29.011491975882016,0.12130823902234986,0.12130823896001061,0.7034201699580086,0.8009177563458384
1981-10-01,50.5,9.949200688112017,4.8092008216323885,11.06821849999369,10.144898899999726,29.011491975882016,0.129394292064967,0.1293942915237158,0.7262874549757596,0.6963189796254454
1981-11-01,50.5,9.857136586602389,5.267136433963206,10.109586299998023,9.641690100001176,29.011491975882016,0.1898395942888059,0.18983959419811294,0.6275517488401722,0.6230298372240503
1981-12-01,50.5,9.396435077349194,5.566435153334794,9.594754800000906,8.787495700001488,29.011491975882016,0.4705476753543182,0.4705476752693284,1.147732732948585,1.1953405866403186
1982-01-01,50.5,9.01489639218962,5.304896354085995,8.801047699997218,8.289659000003718,29.011491975882016,0.36922920418383054,0.36922920428063843,0.7657055847594949,0.7495180633779234
1982-02-01,50.5,8.562741958444004,5.072741948905201,8.404831800001743,7.653089399997648,29.011491975882016,0.2627535380354706,0.2627535380251082,0.5749963961911322,0.6389062470571714
1982-03-01,50.5,8.306919097924409,4.706919193067194,7.654361300001738,6.865060699995618,29.011491975882016,0.15278875754455118,0.15278875766095537,0.7679345185848717,0.7633747810939258
1982-04-01,50.5,8.26176110312719,4.361761007648795,6.777186800000652,6.563793899996532,29.011491975882016,0.07019226789929486,0.07019226790484112,0.5941140909488489,0.5934873528409375
1982-05-01,50.5,8.281601914470784,4.731601962235205,6.463698200000565,6.71808659999767,29.011491975882016,0.07161274382472622,0.07161274372709923,0.5570182425015423,0.6833928786198478
1982-06-01,50.5,8.339827014528401,5.759827090691606,6.651735999997711,7.13469129999999,29.011491975882016,0.12951629881733503,0.1295162988682455,1.1040396990450072,1.005177151113914
1982-07-01,50.5,8.273294225851993,5.813294187734799,7.078310100002509,6.501833199997736,29.011491975882016,0.1031854683405175,0.10318546825299825,0.9276753201296057,0.9528222461328774
1982-08-01,50.5,8.217001555277205,5.657001612493203,6.379867999998972,5.838183900002858,29.011491975882016,0.07748936236482441,0.07748936233637847,0.6403606713214538,0.707833939383718
1982-09-01,50.5,8.197897761465999,5.337897866479993,5.728629799996189,4.889265799998626,29.011491975882016,0.12450078518547318,0.12450078497690717,1.1538449836843552,1.1617701132673885
1982-10-01,50.5,8.126663119709193,5.2766632151396,5.02426670000023,5.17806310000358,29.011491975882016,0.07930330622091901,0.07930330613945699,0.7467254938819479,0.7370760453477502
1982-11-01,50.5,8.071365035210006,4.801365054430001,5.129476099997814,4.592279899999919,29.011491975882016,0.07626098526422324,0.0762609852565019,0.6697516913635932,0.7092569510567234
1982-12-01,50.5,8.035168615845198,4.245168654049604,4.534845000001567,3.8426863000022036,29.011491975882016,0.08587704819873945,0.08587704809327701,0.7784221550874928,0.7462413138321036
1983-01-01,50.5,7.99268868068203,3.802688623428805,3.822051500001582,3.700851200000008,29.011491975882016,0.08210447301669906,0.08210447300527594,0.7495036256199269,0.801776724320847
1983-02-01,50.5,8.007279210434778,3.407279305757202,3.6420242999985444,3.3059280999987357,29.011491975882016,0.10925947304474683,0.10925947306648308,1.2459226620050157,1.2584025442542939
1983-03-01,50.5,7.898002095039608,3.0980019039744,3.4287651000001307,3.513800200000384,29.011491975882016,0.06986392492763098,0.06986392503040241,0.6218510624471274,0.6516496476727679
1983-04-01,50.5,7.896672126688396,3.3366721838236,3.5466899999982284,3.8695623999983053,29.011491975882016,0.1101919615215637,0.11019196175045827,0.9234378956372313,0.9148516303816425
1983-05-01,50.5,7.851234843644794,3.6212348245912107,3.8117038999995057,3.401406199998811,29.011491975882016,0.08398624642206086,0.0839862465115171,0.6717611288875996,0.6390550434312665
1983-06-01,50.5,7.803622205424807,3.5836224149591978,3.644335299999467,2.5847020999987422,29.011491975882016,0.07705354683201869,0.0770535472810459,0.7297801727928391,0.7557735813046892
1983-07-01,50.5,7.757112006418397,3.5571121970355986,2.476707199999909,2.458064600000104,29.011491975882016,0.08284936427350711,0.08284936389035356,0.7579576300258284,0.6944999823283021
1983-08-01,50.5,7.70746586903879,3.417465907306003,2.470004200002009,2.5416147999986234,29.011491975882016,0.0693009920822269,0.06930099209155942,0.8281777493408411,0.7137873857189686
1983-09-01,50.5,7.677616657164381,3.4076166763560103,2.519147100000575,2.7829545999984187,29.011491975882016,0.06675892730339625,0.06675892722297255,0.7576918418683027,0.7357673085249682
1983-10-01,50.5,7.623730596909194,3.3637303682116015,2.9264747000015894,2.7465600000006196,29.011491975882016,0.07063917368330447,0.07063917365805734,0.6959859461280332,0.6544987939419131
1983-11-01,50.5,7.617108249371606,3.567108058351606,2.904574500000547,3.3908560000009094,29.011491975882016,0.067428925587757,0.06742892505923197,0.7496636162703215,0.6271818377719846
1983-12-01,50.5,7.598931335785605,3.6489312881959943,3.333890000000121,3.726378699999292,29.011491975882016,0.07758287992458356,0.07758288008915633,0.7640165223957363,0.7796139805558726
1984-01-01,50.5,7.592992847005995,4.062992875664808,3.9054592000013058,4.194402499996357,29.011491975882016,0.07108974185142856,0.0710897417907295,0.5818556261226165,0.6984571088029868
1984-02-01,50.5,7.6067582711284105,4.086758290170799,4.2759656999997695,4.6329779999988965,29.011491975882016,0.08290273538676528,0.08290273534965152,0.8632202076680914,0.7603972443573962
1984-03-01,50.5,7.578661777334404,3.878661729719596,4.48958099999702,4.703614899995718,29.011491975882016,0.06602988416951025,0.06602988421292923,0.684622692364699,0.6313774521586573
1984-04-01,50.5,7.565594262022398,3.8755942045771934,4.939018099999902,4.501663399998919,29.011491975882016,0.07808889024677354,0.07808889025167823,0.786296159899988,0.7730857694344488
1984-05-01,50.5,7.527544899159604,3.757544918316408,4.64675830000025,4.275330600001101,29.011491975882016,0.06329331331394926,0.06329331328908104,0.730208370092752,0.6621822806042742
1984-06-01,50.5,7.498608390956401,3.7386084005903903,4.249806799999008,4.253784399995926,29.011491975882016,0.07859464413798914,0.07859464410975442,0.7094915466560925,0.7522976172414136
1984-07-01,50.5,7.460726399337615,3.910726447117603,4.261897500001329,4.179808900000241,29.011491975882016,0.08510714658999416,0.08510714626998507,0.7922157567954147,0.8464552294065725
1984-08-01,50.5,7.444933639780001,4.094933734832398,4.216636199999604,4.2327481999991186,29.011491975882016,0.06940337483855204,0.06940337498196873,0.5910819802390376,0.6287707710532894
1984-09-01,50.5,7.4332142678871955,4.293214163065592,4.238182499998259,4.249342699998451,29.011491975882016,0.06607664315135084,0.06607664340322138,0.5541287492657279,0.5395191821856505
1984-10-01,50.5,7.407520887198778,4.177520868234399,4.288425400001083,4.1860376000002235,29.011491975882016,0.059623427716495064,0.05962342782970322,0.6128717697821657,0.6465544276470572
1984-11-01,50.5,7.380804663182,3.870804672714,4.233607099997849,4.027919500000706,29.011491975882016,0.06968978391043079,0.0696897840806334,0.6254852086153732,0.6342796620606509
1984-12-01,50.5,7.366601685761191,3.566601733557202,4.057240299999376,3.9513756000013456,29.011491975882016,0.07699784658243308,0.0769978464479116,0.6821315514785333,0.7528907853188491
1985-01-01,50.5,7.320767197148375,3.4307670925496,3.9533406000001374,3.498351000001849,29.011491975882016,0.06633946274144566,0.06633946249014282,0.6780979438485747,0.6496209387167825
1985-02-01,50.5,7.299490112465998,4.189490217370404,3.528001300002456,3.4712830999992907,29.011491975882016,0.05756081055639405,0.05756081074962032,0.5960756267470636,0.6161662517747931
1985-03-01,50.5,7.275080727556393,5.015080737018791,3.4930344999997978,3.6932258999996357,29.011491975882016,0.06102486898822779,0.0610248690869326,0.6406722858371934,0.693908028192541
1985-04-01,50.5,7.257326421116796,5.667326387742407,3.748726399999811,3.6534503999985124,29.011491975882016,0.060315862484839784,0.060315862554732924,0.6561406281597091,0.5600005340922652
1985-05-01,50.5,7.224166724986394,5.734166715434797,3.703896800001737,3.7190255999995934,29.011491975882016,0.05399214474561535,0.053992144653621524,0.5798257383714981,0.5872196448260708
1985-06-01,50.5,7.226139180455597,5.456139199679598,3.786471499997692,3.8387200999991946,29.011491975882016,0.07009587806062603,0.07009587800961885,0.7474612073836936,0.7072135964293519
1985-07-01,50.5,7.1889045937184015,5.608904550687997,3.7734306000000846,3.552387599999698,29.011491975882016,0.059703487017106226,0.0597034870948514,0.6069895907777504,0.6533615481272776
1985-08-01,50.5,7.148566484667186,5.578566432095601,3.4822089000013228,3.373017300000785,29.011491975882016,0.07116080990253133,0.07116080998917942,0.7896638734130511,0.7097676554061587
1985-09-01,50.5,7.120779767161586,5.3707797671615936,3.304238399999589,3.198031599998348,29.011491975882016,0.07478896968033824,0.07478896968033863,0.7091168954407718,0.8182144881165627
1985-10-01,50.5,7.11917078637839,5.649170757662796,3.057171500002619,3.16936259999931,29.011491975882016,0.06827527131330387,0.06827527151406056,0.8368137721472392,0.788802339862098
1985-11-01,50.5,7.147190298072803,5.867190326616797,3.2559296999987497,3.573351699999009,29.011491975882016,0.12462100454484437,0.12462100456067507,1.2801875342882396,1.202648520607877
1985-12-01,50.5,7.0749999208719965,5.974999896843202,3.6193135999981267,3.786766400000504,29.011491975882016,0.06116006898286753,0.06116006895451296,0.6959448725405432,0.6672473420239393
1986-01-01,50.5,7.0597203004184,5.599720262445596,3.753101999998813,3.8716388999963356,29.011491975882016,0.05479532343905941,0.05479532337084743,0.6592439984004721,0.6197426189606217
1986-02-01,50.5,7.01375896931481,4.913759064623604,3.917343200000714,3.095329699999273,29.011491975882016,0.05960483196587058,0.05960483174570932,0.6703459895941457,0.7028168600025687
1986-03-01,50.5,6.9627366935367965,3.932736722177605,3.053089499998815,2.3577132999991037,29.011491975882016,0.055914037307944385,0.05591403753316784,0.658007867108133,0.6338108119739824
1986-04-01,50.5,6.921626258078796,3.141626286719192,2.2679847999997373,1.6740451999992816,29.011491975882016,0.06837963088783225,0.0683796309212317,0.6898205187111288,0.6727910805593769
1986-05-01,50.5,6.8975061459564,3.0375062512036006,1.6421238000000824,1.5978043000004631,29.011491975882016,0.07051385367521139,0.0705138533060276,0.8369628179783479,0.7618404686565137
1986-06-01,50.5,6.865445690910801,3.2154455955076084,1.4158233999997767,1.794325100000221,29.011491975882016,0.07419926115910004,0.0741992613745272,0.8236343820508906,0.7767824215972731
1986-07-01,50.5,6.809129891528004,2.8791298246111974,1.7509444999998924,1.5714498999993611,29.011491975882016,0.06376458138472448,0.06376458136458643,0.7328193954305029,0.7028587805807365
1986-08-01,50.5,6.780680169109205,2.5006799589071984,1.5416893000020055,1.5758953999992125,29.011491975882016,0.06861155083063182,0.06861155159788901,0.8036075634828972,0.7046539788626017
1986-09-01,50.5,6.7518815902296,2.391881456747601,1.5521133000008183,1.751461200002064,29.011491975882016,0.05639667656066853,0.05639667636832257,0.5705750001606843,0.6759299121500285
1986-10-01,50.5,6.707115690320807,2.177115480181597,1.7488703999991158,1.4232473000001864,29.011491975882016,0.06072105577154083,0.06072105552448214,0.6753859380701708,0.664468221612127
1986-11-01,50.5,6.6837886238628,2.1537884140283983,1.5370076000000754,1.3445936999996642,29.011491975882016,0.048531838088650796,0.048531837823536865,0.6935081055343844,0.6258834785676156
1986-12-01,50.5,6.641862634220406,2.2118628057471974,1.1355035999997114,0.9875722999999642,29.011491975882016,0.062377569284253455,0.06237756943393967,0.6061955230090347,0.7083904255869155
1987-01-01,50.5,6.599089467092785,2.5490892763691995,1.204697200000706,1.4285108999999467,29.011491975882016,0.053802764486567005,0.05380276466745185,0.6730234615380357,0.6950861244466898
1987-02-01,50.5,6.584652176991183,2.644652119896799,1.522696400000868,2.061840500001303,29.011491975882016,0.05711584005530034,0.057115840174847915,0.6348027867286498,0.5896500460837869
1987-03-01,50.5,6.574639408563591,2.644639341550002,2.1701191000002154,2.9768865000004223,29.011491975882016,0.05444416925886481,0.05444416907486231,0.6338371114862643,0.6418313749736125
1987-04-01,50.5,6.603353168438827,2.703353072999602,3.0848786000002315,3.7818006999972114,29.011491975882016,0.06313836359938578,0.06313836366811998,0.7050897079290153,0.7961395407536946
1987-05-01,50.5,6.585484736485224,2.6954846315112024,3.8275786999967476,3.8115101999978043,29.011491975882016,0.060323438031614246,0.060323437600452584,0.7759305796564966,0.654096567640709
1987-06-01,50.5,6.557821245640404,2.5978212074659925,3.8537524000010284,3.6635257999998045,29.011491975882016,0.06864796262022019,0.06864796279379666,0.7117009131933734,0.6728602606856174
1987-07-01,50.5,6.563012922728009,2.4330128084307967,3.633871199999496,3.89104949999678,29.011491975882016,0.05265379580641833,0.052653795797711504,0.6071252483711411,0.6510895770607565
1987-08-01,50.5,6.576081494639592,2.5560815137256037,4.01445779999832,4.256274900001868,29.011491975882016,0.0550568734277165,0.05505687347071427,0.6158032274240012,0.5940380781238608
1987-09-01,50.5,6.564236845902792,2.394236769553196,4.2754127000016835,4.313458900001144,29.011491975882016,0.06230477579692271,0.06230477585646819,0.6159415043805693,0.6661542852681344
1987-10-01,50.5,6.562400191992395,2.3124001919924027,4.317558900002793,4.4822770999972,29.011491975882016,0.05687388352191716,0.056873883521926974,0.6572465570188507,0.6419186725320914
1987-11-01,50.5,6.5527258101011885,2.302725810101194,4.4857810000028735,4.6227344999995665,29.011491975882016,0.06670365030716745,0.06670365030717913,0.625874222940377,0.6676341892685101
1987-12-01,50.5,6.684394977470411,2.264394901133998,4.786123600000887,4.594143399997606,29.011491975882016,0.21595814790965284,0.2159581478595064,2.171646863446186,1.9596729444995598
1988-01-01,50.5,6.511653704185608,1.8416536278439966,4.449808800002909,3.946222999998742,29.011491975882016,0.05040909128922052,0.050409091200467,0.554568774111481,0.6048700009619263
1988-02-01,50.5,6.490994691447196,1.6609947679891988,4.135603800002644,3.8811437000033764,29.011491975882016,0.07135125805292766,0.07135125797963707,0.7622234742878901,0.6548247363528445
1988-03-01,50.5,6.571575664898002,1.5915756457236008,3.725684999999571,3.577240400000269,29.011491975882016,0.1725914239514783,0.1725914239471313,1.7079513798711836,1.8422148000882312
1988-04-01,50.5,6.468966199714802,1.3489663139676011,3.9373035000000676,3.9563645000015004,29.011491975882016,0.04864866126345105,0.04864866124809046,0.525721494613841,0.6013354151328848
1988-05-01,50.5,6.44797579582521,1.0879756627219992,3.810452999997645,3.8878781999988443,29.011491975882016,0.06312175159695402,0.06312175174895367,0.5613556515035178,0.6012474062690271
1988-06-01,50.5,6.429421597809198,1.2594215216519993,3.865238399999331,3.8294014999993147,29.011491975882016,0.062260248425478316,0.062260248563921525,0.6623022099759033,0.6796596813817392
1988-07-01,50.5,6.425190585675995,1.4451905664895992,3.8902753999988495,4.164775799997764,29.011491975882016,0.05134297424058565,0.05134297416612703,0.5451084205251354,0.5682207744619872
1988-08-01,50.5,6.423044259890402,1.713044221419998,4.191618099997463,4.0705569000013115,29.011491975882016,0.05936190925627933,0.05936190937359607,0.6843088857739907,0.620687521317994
1988-09-01,50.5,6.417216192334016,2.0772160398972015,4.038864899999616,4.16905649999775,29.011491975882016,0.06462565244650424,0.06462565266953806,0.7310620548330186,0.7770860760427428
1988-10-01,50.5,6.405956217002007,1.9159564464627978,4.1438894999974885,4.353449099999408,29.011491975882016,0.05789729611083663,0.057897296115685795,0.5881285504451801,0.6066695566571798
1988-11-01,50.5,6.393950945838798,1.7339510978520014,4.3111829999990485,4.166033999999015,29.011491975882016,0.05685196856571565,0.056851968461562846,0.608247999203223,0.6010072767860347
1988-12-01,50.5,6.383437767655586,1.7334376723796023,4.290212300001143,4.318662599999901,29.011491975882016,0.05741332187706295,0.05741332183811892,0.566023884147597,0.5933606792825851
1989-01-01,50.5,6.409544151190798,1.2095443421383982,4.484998500002234,4.676163600000654,29.011491975882016,0.06556380150858337,0.0655638013903368,0.7290578220478436,0.8117829185651075
1989-02-01,50.5,6.3919994139907965,1.1319991849135997,4.635572999998271,4.821962100000763,29.011491975882016,0.05160355591033932,0.05160355553489504,0.5451855823326004,0.6139777276330513
1989-03-01,50.5,6.399845508283604,1.1698454891680015,4.771036399999766,5.028050599996829,29.011491975882016,0.059708227695503005,0.059708227576615217,0.6402167731464917,0.6455297959550746
1989-04-01,50.5,6.404263538457587,1.6942635003464046,4.946379799998047,5.155777900003772,29.011491975882016,0.048725523598975105,0.04872552358018995,0.5952935197304967,0.5670248706379751
1989-05-01,50.5,6.406517884501209,2.0465177508744006,5.142094699998358,5.392086800001028,29.011491975882016,0.06352012682049842,0.06352012671981509,0.5826479137874977,0.5800632109088734
1989-06-01,50.5,6.399615022090403,1.7296149457468,5.361409299998078,5.183905999998656,29.011491975882016,0.06609623906526241,0.0660962389918367,0.8043753210173151,0.6527489773194656
1989-07-01,50.5,6.392394808481205,1.5723946369600006,5.175208100001547,4.899416200000017,29.011491975882016,0.06605976704893106,0.0660597672026174,0.7394150626192931,0.798013360938827
1989-08-01,50.5,6.360883734386402,0.7408838492088005,5.11433190000366,4.699002699997346,29.011491975882016,0.05514086556330553,0.055140865597704515,0.6277539947009305,0.6005029129504413
1989-09-01,50.5,6.3292428075668115,0.16924296083119997,4.847399599999637,4.137478800001986,29.011491975882016,0.05108870195267054,0.05108870204910996,0.7403098264503383,0.6712166218117901
1989-10-01,50.5,6.329811037385597,0.039811075515599946,4.221443899999725,4.3766213999967505,29.011491975882016,0.06524442132338984,0.06524442118534722,0.6172556018544546,0.6193864692861839
1989-11-01,50.5,6.334411466720415,0.06441148586800018,4.2939088999991215,4.5010982999959745,29.011491975882016,0.0785304192302282,0.07853041916948736,0.9947485631804325,0.940917436109254
1989-12-01,50.5,6.323499900394397,0.21349976730679995,4.609194000002641,4.707198299999682,29.011491975882016,0.06697211613888453,0.06697211604036098,0.6400962220011427,0.739618593251915
1990-01-01,50.5,6.345361377140403,0.6953612816496004,4.663075700000024,5.146111099999223,29.011491975882016,0.04965993798987943,0.049659937969289254,0.579299182359527,0.5741055488325952
1990-02-01,50.5,6.343961126473619,1.0339611836296003,5.162867900001877,5.246600200003131,29.011491975882016,0.056958139111523,0.056958139171064265,0.6328700569121335,0.572415640424991
1990-03-01,50.5,6.331210709535998,1.4312106146531998,5.2022697999980725,5.199271499998921,29.011491975882016,0.05371356784500046,0.05371356770269956,0.638610216568303,0.5635109254975607
1990-04-01,50.5,6.317354057713618,1.4273541911363972,5.2698435000012775,4.8061985999968915,29.011491975882016,0.04917231911554262,0.04917231916658389,0.5364717110522957,0.580753498578629
1990-05-01,50.5,6.299949247539599,1.3499494384259991,4.749505099997656,4.455199899998688,29.011491975882016,0.059427684864653496,0.05942768500943465,0.8265981991683296,0.8350480288203403
1990-06-01,50.5,6.297577848642003,1.5975780396975978,4.299127099998668,4.7393389000009645,29.011491975882016,0.06528750718783671,0.0652875072900086,0.7443624805507262,0.7385074115810341
1990-07-01,50.5,6.303790387174405,1.8537905780336055,4.695957399999852,4.879004700002481,29.011491975882016,0.043975067979049674,0.04397506752117346,0.5462344811740111,0.5298637029474068
1990-08-01,50.5,6.325565320699603,2.525565368385198,4.889470999999739,5.633582999998172,29.011491975882016,0.04716925427631917,0.047169254240381674,0.5773928897480048,0.5730594408011465
1990-09-01,50.5,6.422413210011191,3.032413105263606,5.575052500004141,5.756859400002846,29.011491975882016,0.15417903288293888,0.1541790327199199,1.639181972723227,1.5242413407741973
1990-10-01,50.5,6.350747568854398,3.4307474924380017,6.155379799999025,6.229525299999161,29.011491975882016,0.05007512131607053,0.05007512107564345,0.6127749073524009,0.5371274325151953
1990-11-01,50.5,6.356598228927202,3.3665982192363995,6.306364300004158,6.246890999997928,29.011491975882016,0.05665790352688442,0.05665790349626749,0.5709695601884665,0.6109197227208665
1990-12-01,50.5,6.3570205623000104,3.297020619823199,6.2268538999938645,6.04251730000058,29.011491975882016,0.053012676727834676,0.05301267660990316,0.6106635245520994,0.6420740818757543
1991-01-01,50.5,6.345528298054404,3.745528393580809,6.125216599998466,5.553003400001461,29.011491975882016,0.050833639618202,0.05083363977764187,0.5266930234731405,0.6075785545308593
1991-02-01,50.5,6.328229589410018,3.5082296560008057,5.638283000002965,5.332838400001125,29.011491975882016,0.0501859630697787,0.05018596320629589,0.606887425512079,0.5957600775134064
1991-03-01,50.5,6.301919611127986,3.1119195540532005,5.283779599999035,4.832373199999473,29.011491975882016,0.052982213236777244,0.05298221314234208,0.5832834282447517,0.6468415933805765
1991-04-01,50.5,6.308117216329605,3.1281171494127995,4.920039100000382,4.980338300001812,29.011491975882016,0.056274868206917995,0.05627486817708122,0.6889879934517237,0.6520545918224354
1991-05-01,50.5,6.307231580202394,3.287231599462408,5.065918000000163,5.049477899999452,29.011491975882016,0.06396300698615329,0.0639630069715014,0.6435541689085276,0.6314097362237647
1991-06-01,50.5,6.281927932501997,3.1919280181743903,4.927596799998883,4.634807599999016,29.011491975882016,0.05117894910641168,0.05117894918033769,0.757933891128345,0.6030643850679107
1991-07-01,50.5,6.26759147306799,3.1075913874496024,4.532521500002241,4.455346899997282,29.011491975882016,0.05996809822301468,0.05996809839678484,0.691346277896636,0.6342907187161975
1991-08-01,50.5,6.239152735379988,3.089152640231606,4.462509500001596,3.69618240000171,29.011491975882016,0.054819436580070345,0.05481943645593255,0.6515301914545013,0.6445123027275595
1991-09-01,50.5,6.382561834158388,3.3925618246640012,3.817466599999031,3.566056800001182,29.011491975882016,0.1944512593391173,0.19445125929836862,2.784057432738442,2.409401168577959
1991-10-01,50.5,6.1806468303583815,2.980646782507203,3.4389724999985343,2.974141699997396,29.011491975882016,0.0531864313978748,0.05318643138254306,0.6092848630873352,0.6811641683044284
1991-11-01,50.5,6.165482246568007,3.115482294145605,2.8780514999976776,2.926458299999258,29.011491975882016,0.05249587732252101,0.05249587734335078,0.7742138258665268,0.7067863383162052
1991-12-01,50.5,6.151570262830412,3.251570167590001,3.0125445000000166,2.951800900001437,29.011491975882016,0.054028870866175006,0.05402887066109264,0.669269340679171,0.7005135004963722
1992-01-01,50.5,6.135872887989197,2.8758728975256043,3.0431687000002565,2.669833200001806,29.011491975882016,0.040208527985335786,0.04020852797753568,0.6654953691378733,0.5420429017640934
1992-02-01,50.5,6.121458273339593,2.871458273339595,2.5620159999998315,2.832408000002268,29.011491975882016,0.05693357513019452,0.05693357513019728,0.7272411662009217,0.7970365862281414
1992-03-01,50.5,6.119383781652009,3.0293838674659934,2.8090937999989958,3.14860119999866,29.011491975882016,0.05572581314830381,0.055725813420709217,0.6174446669121765,0.7353869702622082
1992-04-01,50.5,6.106143643407204,2.8761436242904073,3.160443999998703,3.247057099998243,29.011491975882016,0.0537288598277836,0.053728859800674676,0.6045752691925195,0.7019849872973997
1992-05-01,50.5,6.10159619315801,2.8815961644380006,3.207814099999639,3.0842398000006432,29.011491975882016,0.05829987421793805,0.05829987411131133,0.8110714901096613,0.7513701044260856
1992-06-01,50.5,6.076182564154006,3.0761825641539944,3.0494320000007975,3.107784300000667,29.011491975882016,0.0490705833787431,0.049070583378738805,0.5859492411031676,0.561688018557976
1992-07-01,50.5,6.066016657196408,3.286016685810803,3.1938262999999774,3.1055356999973496,29.011491975882016,0.04935675277240703,0.04935675285553917,0.6485780910902744,0.6293260599894419
1992-08-01,50.5,6.051515917972802,3.281515937143206,3.180155899999441,3.1919295000002847,29.011491975882016,0.04783427922345014,0.04783427926793907,0.5391049480732035,0.670225754775041
1992-09-01,50.5,6.0411522756291935,3.3511522183976075,3.1636585999987483,2.9580408000012612,29.011491975882016,0.04226194604239681,0.042261946027349014,0.5472369439053143,0.616551096699675
1992-10-01,50.5,6.059161307596403,3.309161307596399,2.841040700001098,3.371069400000455,29.011491975882016,0.07495884111914786,0.07495884111913882,0.9864947086495857,1.0236218576687188
1992-11-01,50.5,6.021707881414799,3.3417078144731893,3.1719265999988067,3.1442853999978264,29.011491975882016,0.05734086542370588,0.05734086535717455,0.6999428559691825,0.754945469765571
1992-12-01,50.5,5.992484869272796,3.2424848692727988,3.100678199999302,2.9860014000014035,29.011491975882016,0.04942476918221618,0.049424769182237184,0.5405839691552028,0.5952232349753387
1993-01-01,50.5,6.00044879887839,3.4804488179224067,2.84532820000144,3.311639599999495,29.011491975882016,0.04413388251281007,0.04413388251948202,0.5401931879721801,0.5998611743373279
1993-02-01,50.5,5.985375194866412,3.4653752139748013,3.209370999999436,3.298539099999741,29.011491975882016,0.049703956140120784,0.04970395609403793,0.5657286479519072,0.5616549640968069
1993-03-01,50.5,5.964835746780798,3.4548357563680074,3.2166771999994435,3.0536382000002438,29.011491975882016,0.04071386004670588,0.040713860006786284,0.5105543090107477,0.5162336508536256
1993-04-01,50.5,5.953724698739198,3.5937248031984024,2.977602900000489,3.1917767000017307,29.011491975882016,0.04095649046537011,0.04095649017665639,0.605626485190729,0.5801298589301552
1993-05-01,50.5,5.942475985229999,3.6524760234579974,3.2058425999998583,3.189840799999707,29.011491975882016,0.04742569671290622,0.047425696751828526,0.5935732363561629,0.6084616152522934
1993-06-01,50.5,5.926928407374005,3.4369283978839995,3.129611099998712,2.9046001000000494,29.011491975882016,0.04866547657435786,0.04866547652964556,0.7191052260477313,0.7158043121884138
1993-07-01,50.5,5.911077920950405,3.141077940037199,2.9965933000003075,2.8516568000006375,29.011491975882016,0.0452564225600924,0.045256422590491965,0.6098239438786816,0.5477800874152469
1993-08-01,50.5,5.898436832005204,2.998436736728,2.7342529999987972,2.851302700001765,29.011491975882016,0.040316859296132344,0.04031685946105626,0.5817414887798699,0.5611065179824933
1993-09-01,50.5,5.878768950492803,2.918768912400793,2.643398999999066,2.6095390999986687,29.011491975882016,0.052187850989648336,0.05218785126311894,0.6183549792641532,0.614130128623489
1993-10-01,50.5,5.869109102661984,3.259109207739594,2.663658100000281,2.73838460000194,29.011491975882016,0.04511919545162891,0.04511919540133372,0.6684721048914543,0.5493182729400717
1993-11-01,50.5,5.858184417514011,3.188184341369586,2.7618458999991784,2.7310716999991924,29.011491975882016,0.039130368271915676,0.03913036828561875,0.5430117149488911,0.5224441521376557
1993-12-01,50.5,5.848202281357986,3.17820220528,2.6258203000005143,2.6901355999990426,29.011491975882016,0.04390538825328918,0.04390538828829499,0.551956549648552,0.5905563652733039
1994-01-01,50.5,5.822608945687603,3.0226089933907936,2.7159518999999483,2.628177899998964,29.011491975882016,0.051554440977560304,0.05155444086084447,0.6558166125728555,0.6820144237638318
1994-02-01,50.5,5.819492047534795,2.9594921522548026,2.5649038999999245,2.55133849999969,29.011491975882016,0.047420008023716397,0.047420007993694745,0.6552304821003619,0.6536051068368333
1994-03-01,50.5,5.799045451756403,2.949045547365597,2.4685457000006097,2.582874499999854,29.011491975882016,0.051479521379372534,0.05147952137522556,0.5697761887408046,0.572412406318278
1994-04-01,50.5,5.780013788488007,2.7300138361036064,2.56450240000096,2.35028860000079,29.011491975882016,0.04708392373983052,0.04708392382695383,0.5714951193414369,0.5729562861880206
1994-05-01,50.5,5.7730252563239945,2.5830251993179996,2.336540699999348,2.294617300000582,29.011491975882016,0.04957241093210133,0.04957241138084992,0.6851222660124215,0.648116284693321
1994-06-01,50.5,5.753445601334822,2.7134456392936,2.342096799999654,2.5521560000021477,29.011491975882016,0.04925229842822379,0.04925229840421359,0.7536049624940478,0.7133630403434897
1994-07-01,50.5,5.759388607576787,2.9993886171051987,2.446821599998556,2.773620400000526,29.011491975882016,0.06238077533433289,0.062380775319065655,0.7035427125007098,0.8631343977508381
1994-08-01,50.5,5.7413896446556,3.1213897591611994,2.7072799999988364,2.9933734000015693,29.011491975882016,0.05265316849087269,0.05265316868374028,0.583497993891525,0.7040283861729811
1994-09-01,50.5,5.745533560890802,3.2055335988975964,2.92077470000115,2.8981936000003685,29.011491975882016,0.05679913420708616,0.05679913441568987,0.6985188237209649,0.6973608128268426
1994-10-01,50.5,5.729628462825599,2.9196285201379983,3.024819400000707,2.6410007000000797,29.011491975882016,0.0641424126896981,0.06414241268879103,0.765760973782642,0.7547129842840035
1994-11-01,50.5,5.698695308372404,3.0886954134487974,2.650164100000443,2.7179648000006456,29.011491975882016,0.04481016987058831,0.04481016975418546,0.550994303370469,0.5276082406000003
1994-12-01,50.5,5.681794564928395,3.141794603057191,2.595903700000374,2.702995599999028,29.011491975882016,0.045614302374014426,0.04561430218546252,0.5239783095774216,0.5716930559670755
1995-01-01,50.5,5.672423763970794,2.942423744659995,2.6957753000005265,2.7251694999992493,29.011491975882016,0.04089168367203173,0.0408916835186498,0.5784554800311574,0.5319893691682295
1995-02-01,50.5,5.6631914203624065,3.013191325023601,2.722989099999973,2.9622843000012025,29.011491975882016,0.04881718206520478,0.04881718159285807,0.5826192044892958,0.6478903369630138
1995-03-01,50.5,5.647072262446804,2.8070723483548035,2.807632999999152,2.829732100001276,29.011491975882016,0.04989900494628359,0.0498990047416357,0.5695583830543527,0.5174128089791326
1995-04-01,50.5,5.658191150836791,2.7581910553852023,2.884019700000951,3.0532417000008625,29.011491975882016,0.039360219136211336,0.039360218960868706,0.6187990551273843,0.5145721823696554
1995-05-01,50.5,5.6493307647104025,2.7593306596748017,3.087200999999175,3.2916519000005793,29.011491975882016,0.04921332504075908,0.04921332499646997,0.728321263590977,0.6820480338695881
1995-06-01,50.5,5.657649756968799,2.9076497569688047,3.2118621999995995,3.2399447999983266,29.011491975882016,0.08757409530353387,0.087574095303537,1.0088218504465989,1.109643929559696
1995-07-01,50.5,5.614838597907599,2.6648385500068046,2.966088100000286,2.7055240000009633,29.011491975882016,0.05065722096337496,0.05065722097096589,0.5956955671555504,0.621719264449015
1995-08-01,50.5,5.6078722711147835,2.7278721568704,2.8465637000001784,2.7078170000006896,29.011491975882016,0.04547349116519285,0.04547349102163895,0.5832515993908425,0.645949828017451
1995-09-01,50.5,5.589485346022799,2.5894853460227956,2.594849899999522,2.5824052999993454,29.011491975882016,0.04459716016754686,0.044597160167537474,0.6748575233495309,0.6066572517642836
1995-10-01,50.5,5.59076211333,2.600762103797997,2.5815894000001043,2.749833100001444,29.011491975882016,0.06632577340329997,0.06632577339248247,0.6967308409347871,0.7786727501033573
1995-11-01,50.5,5.553175646086789,2.293175655716001,2.847111099999793,2.6528300000003173,29.011491975882016,0.06734034214252847,0.0673403422668519,0.6994177769750987,0.659057164086124
1995-12-01,50.5,5.543245872501189,2.2232459387696037,2.569262699999139,2.521029300001285,29.011491975882016,0.04635006135351035,0.04635006120915388,0.556253296000403,0.5801413576032322
1996-01-01,50.5,5.5328964644775995,2.4928965026932026,2.523262700000948,2.7805064000001734,29.011491975882016,0.0462431238578812,0.046243123806970994,0.6082205137096881,0.5728187688066181
1996-02-01,50.5,5.518269491235572,2.4882695197084046,2.6833451000003223,2.6256156000010207,29.011491975882016,0.05421702699646085,0.05421702693933876,0.7138133632096362,0.7353825810149912
1996-03-01,50.5,5.517848878498006,2.7578488879403955,2.6474785000015184,2.889243400000453,29.011491975882016,0.04254589018631591,0.04254589012288875,0.5545423748086606,0.5126793308233353
1996-04-01,50.5,5.509961317332801,3.0099613173328037,2.8918231000000576,2.924902499999407,29.011491975882016,0.0427140598117483,0.04271405981174957,0.5924447409285896,0.5412606269644863
1996-05-01,50.5,5.534270037912414,3.3042700189751963,3.0881374000005826,2.754493500000113,29.011491975882016,0.08715723773975095,0.08715723773139189,1.0519870730207816,0.9507770050217806
1996-06-01,50.5,5.492160935236799,3.192160982758005,2.9700879999999903,2.737529999999652,29.011491975882016,0.05646963987618749,0.05646963973186655,0.5993338649108362,0.598389033097477
1996-07-01,50.5,5.478843435393182,3.248843416433197,2.6474209999993423,3.0635362999989595,29.011491975882016,0.06242597514336132,0.062425975084633614,0.7985021683015395,0.6142704813849699
1996-08-01,50.5,5.467840088014803,3.2378400690599993,2.9044383999990964,2.9096751999990573,29.011491975882016,0.06525873202741621,0.06525873200445184,0.7355784874160829,0.6681822488278891
1996-09-01,50.5,5.469482227709189,3.3194821323396018,2.9141556000005524,3.115316700000684,29.011491975882016,0.053681919620244795,0.05368191936895691,0.6680668542132696,0.6349009112563695
1996-10-01,50.5,5.437412664073609,3.3574127403351963,2.9991791999997033,2.9309356000008946,29.011491975882016,0.04394242975103687,0.043942429692775634,0.533912420818859,0.55712670532127
1996-11-01,50.5,5.448655729862391,3.618655686905201,2.9158544000010322,3.2660975000012007,29.011491975882016,0.04994490099834623,0.04994490091620528,0.6240798463833511,0.5487497324974207
1996-12-01,50.5,5.453321215900401,3.7533211684119965,3.1675062999989576,3.131658099998396,29.011491975882016,0.07897920559146712,0.0789792055809047,0.8803461052416836,0.8193065802567423
1997-01-01,50.5,5.418633383095998,3.8486333307475995,3.2962216000015916,2.9241995999993433,29.011491975882016,0.05556932548257266,0.055569325579820396,0.6079607873675194,0.6911726240078494
1997-02-01,50.5,5.4155213969603935,3.975521339701203,2.852327000001102,3.008315100001636,29.011491975882016,0.054336748716993295,0.05433674860168399,0.5305389081903746,0.5750990358495955
1997-03-01,50.5,5.3959192020588125,4.025919197316808,3.09729430000088,2.739321699998502,29.011491975882016,0.05389164076452758,0.053891640801890336,0.619041049638682,0.5832351370405146
1997-04-01,50.5,5.416693388215177,3.9766933310447956,2.709807999999869,2.638501399999585,29.011491975882016,0.09264592811997606,0.0926459280090868,1.0104647689179318,1.0307507294547709
1997-05-01,50.5,5.359205987116402,3.6692059299816027,2.4845274999996616,2.1757637000012164,29.011491975882016,0.05951441638130373,0.05951441642406597,0.6547887305019953,0.6354746331992888
1997-06-01,50.5,5.364758979740397,3.6847590320619954,2.192924599999372,2.412559100000897,29.011491975882016,0.05727733449538085,0.05727733428634286,0.7597277363288949,0.840053736780611
1997-07-01,50.5,5.337637655486002,3.6576377077171913,2.281670399999299,2.2810474000010617,29.011491975882016,0.04923749622013504,0.04923749628413025,0.5466258658949437,0.5141095731791766
1997-08-01,50.5,5.332302568562816,3.712302563837593,2.2670205000011756,2.3334779000000587,29.011491975882016,0.0657381555644213,0.0657381555528249,0.7075954562014141,0.7036983794443372
1997-09-01,50.5,5.315170793600006,3.825170784055593,2.149544500000092,2.1912986000006534,29.011491975882016,0.05759428701498295,0.05759428702673239,0.6553364757288542,0.6636855113524178
1997-10-01,50.5,5.292879677657184,3.8028796680939956,2.034259500000768,2.133650999999826,29.011491975882016,0.062234966753405396,0.062234966798118845,0.597937655857843,0.5102206790952645
1997-11-01,50.5,5.282786203317994,3.732786250926401,2.0835321000003493,1.8644626999992346,29.011491975882016,0.05221079484383735,0.052210794864234834,0.6193635916893598,0.6103501574377752
1997-12-01,50.5,5.271683724442393,3.6616837100155983,1.932816300000122,1.69311950000032,29.011491975882016,0.06738012298397335,0.06738012300676642,0.7472400875931441,0.8209226537852876
1998-01-01,50.5,5.230531960262393,3.5605320031076038,1.651477599999499,1.6022737999995733,29.011491975882016,0.05139647613357606,0.0513964761017498,0.5677851900733936,0.5898506493606056
1998-02-01,50.5,5.228889286872791,3.618889272485199,1.4754976999995253,1.3898292999992075,29.011491975882016,0.06435662351951592,0.06435662346935916,0.5698140807378066,0.5749487189498043
1998-03-01,50.5,5.205192992903606,3.4751929738688006,1.4911241000009676,1.393183700000301,29.011491975882016,0.05299243956427975,0.05299243949412191,0.5655271272158012,0.5659101923445425
1998-04-01,50.5,5.189494213272808,2.9094942420155956,1.4805676999992312,1.4633579000001788,29.011491975882016,0.07010892105529855,0.0701089209964318,0.6112233671532852,0.6239609473829165
1998-05-01,50.5,5.1781332741904125,3.088133359996404,1.4190224999989196,1.7288532000003514,29.011491975882016,0.06563875211406411,0.06563875168759646,0.6140641886000432,0.6101241966454937
1998-06-01,50.5,5.161417736529188,3.201417698321612,1.6736485000012677,1.6892162999990268,29.011491975882016,0.0816345290172536,0.08163452899883307,0.6394080395916824,0.604622655161122
1998-07-01,50.5,5.1587435347723956,3.018743429861599,1.5942229000002428,1.6708528999997225,29.011491975882016,0.06933031596128111,0.06933031608889474,0.6732651841323304,0.5780917193976588
1998-08-01,50.5,5.120869632086396,2.860869641610401,1.654411100000103,1.5548018000002255,29.011491975882016,0.07297276295396377,0.07297276303915942,0.5800319078016954,0.5619691021875285
1998-09-01,50.5,5.132516807567196,2.502516693247999,1.6768889000002185,1.5266093000003393,29.011491975882016,0.07122587818645625,0.0712258784190434,0.6199546218829127,0.5735338665021606
1998-10-01,50.5,5.10652221828359,2.546522275314002,1.490034499999518,1.4753754999997863,29.011491975882016,0.07334308140950054,0.07334308144451405,0.6016016598492572,0.5942598062883069
1998-11-01,50.5,5.0896416701052,2.4696417847004026,1.405458800000747,1.6323174000007652,29.011491975882016,0.06863596313585581,0.06863596328099879,0.5908073559737633,0.580972666574943
1998-12-01,50.5,5.095305591515192,2.415305524616001,1.54084220000021,1.5883465999999,29.011491975882016,0.07836503915246358,0.07836503903195216,0.8404646874868587,0.7583413392719633
1999-01-01,50.5,5.069733163463991,2.3297331539643995,1.6078403000001655,1.8272438999999592,29.011491975882016,0.08169508060521462,0.08169508059734079,0.5946383144181271,0.6214568432472167
1999-02-01,50.5,5.0338092539136134,1.8138092254348035,1.7938465000005155,1.6482425000000143,29.011491975882016,0.08312606401631353,0.08312606400124697,0.6138813894819941,0.6483956335911616
1999-03-01,50.5,5.0391837958620105,1.2791838054100009,1.6090788999987757,1.7915682999994642,29.011491975882016,0.05643970740660592,0.05643970726393073,0.5879139406054903,0.59142905621381
1999-04-01,50.5,5.0369559745915975,1.9669560410835996,1.7741222999999102,2.254035699998555,29.011491975882016,0.08973023742586005,0.08973023747024332,0.6480354957333535,0.596889094549914
1999-05-01,50.5,5.0299943405356125,1.8399942835655976,2.404420099999995,2.0301817000006217,29.011491975882016,0.0639431439417873,0.06394314383432363,0.6160488467908094,0.5739490772840226
1999-06-01,50.5,5.009853200685997,1.2798531814984024,2.1217559000005677,2.0286261999997284,29.011491975882016,0.07744535556531461,0.07744535558378354,0.5688827579495168,0.6181588906472872
1999-07-01,50.5,4.987473895971195,1.3274738098648,2.0726273000005966,2.214998699999747,29.011491975882016,0.08261897362223343,0.08261897363086806,0.5835564648363502,0.5352579663818768
1999-08-01,50.5,4.976728319587605,1.5667282339995996,2.1382690000001854,2.3570871999999365,29.011491975882016,0.08507438660995867,0.08507438664120602,0.5307740561915308,0.4976443768686677
1999-09-01,50.5,4.980584954784408,1.5305849067744017,2.3585783000018536,2.6210498000007827,29.011491975882016,0.0841249028035012,0.0841249029546736,0.5560986073925802,0.5627319157504707
1999-10-01,50.5,4.970852139110812,1.5208520913011976,2.6457341000003707,2.572512100001045,29.011491975882016,0.08516759142914619,0.0851675913622548,0.5494827872834425,0.5054815723155965
1999-11-01,50.5,4.960992862098396,1.510992814396001,2.525815700000136,2.533480000001017,29.011491975882016,0.09471915721098177,0.09471915717463845,0.69078020069488,0.6554719085654505
1999-12-01,50.5,4.941792351080804,1.5517922459863989,2.612178500000079,2.6001633999994582,29.011491975882016,0.0747252239916648,0.07472522407578279,0.560867684604806,0.49006271387672395
2000-01-01,50.5,4.941974827311586,1.211974808322396,2.58268799999859,2.6787008000013075,29.011491975882016,0.0868781227062134,0.08687812269403263,0.5065177897122305,0.5639004715438861
2000-02-01,50.5,4.941356936150414,1.4113569646896027,2.6685425000004477,3.251587400000247,29.011491975882016,0.07730342116387308,0.07730342115693806,0.5714633835050104,0.6300377655851253
2000-03-01,50.5,4.957075792194387,2.0370757158116013,3.214094399999721,3.692314600000489,29.011491975882016,0.08417148514129086,0.08417148537061603,0.5253873078248377,0.558368248222013
2000-04-01,50.5,4.960822731971618,1.6908227511211984,3.81807179999998,3.040787700001415,29.011491975882016,0.09286166151732017,0.09286166149610688,0.8132788869069189,0.8996712467652819
2000-05-01,50.5,4.941898083813591,1.321898198410002,3.0797977000010723,3.2219513000005993,29.011491975882016,0.07040719773963751,0.07040719771909525,0.4752577168056557,0.5816248854857952
2000-06-01,50.5,4.938235293732006,1.6882352937320033,3.1830034999993755,3.7470707999990664,29.011491975882016,0.0940235641673311,0.0940235641673163,0.5697017519135105,0.6527888786334795
2000-07-01,50.5,5.061454529924002,2.341454501201598,3.854789399998799,3.653019500001427,29.011491975882016,0.11423437058725955,0.1142343705815791,1.454707240798976,1.3216250602144615
2000-08-01,50.5,4.921053822703177,2.201053794187993,3.633906500000044,3.49832850000017,29.011491975882016,0.07950389948575246,0.07950389944337743,0.6323936714503566,0.5828253086089776
2000-09-01,50.5,4.910936223339594,2.2609361277244004,3.297912299998728,3.4370375999993867,29.011491975882016,0.07507428571098845,0.07507428596774197,0.6049680549377588,0.6341827790458073
2000-10-01,50.5,4.918887682832393,2.788887568772,3.497677200001636,3.3562089000016426,29.011491975882016,0.09866616264381797,0.09866616256899671,0.6972622833534295,0.6086589909567449
2000-11-01,50.5,4.90625338231041,3.0062534060631974,3.5166334000029185,3.4690515999984615,29.011491975882016,0.07439618952114115,0.07439618948561966,0.49581848668587264,0.5169131527683144
2000-12-01,50.5,4.909840532340787,3.3598405800608004,3.421329699998365,3.4154720000000807,29.011491975882016,0.10007891410908286,0.10007891410210054,0.6923091414230573,0.6674754544557073
2001-01-01,50.5,4.8932392345879885,3.7532392489084065,3.3814573999991846,3.8192555000010304,29.011491975882016,0.09090940483275504,0.09090940485899024,0.5042365751446151,0.5848794738063806
2001-02-01,50.5,4.8983933007171885,3.7583933151304048,3.7876965999990575,3.546225900001781,29.011491975882016,0.09189598039920521,0.091895980377428,0.5710659377137521,0.6485592211422077
2001-03-01,50.5,4.852971278389206,3.372971259410801,3.558607499996756,2.91366329999906,29.011491975882016,0.098745103938569,0.09874510412564172,0.5077763665047906,0.4942544791363877
2001-04-01,50.5,4.858573985573198,3.2185739998392005,3.024227700000098,3.2634501000004548,29.011491975882016,0.09374047933599551,0.09374047935965434,0.6046810457435985,0.5834097801097913
2001-05-01,50.5,4.877238907400794,3.697238959996401,3.312671400000358,3.5869949999990394,29.011491975882016,0.08564715752028469,0.08564715756077713,0.5931391135302977,0.5700017459872959
2001-06-01,50.5,4.935305122397203,3.8653050700187985,3.661124499999122,3.2720390000000354,29.011491975882016,0.12292338867822927,0.12292338856634376,1.0989252438806227,0.9993835648653638
2001-07-01,50.5,4.834852322581998,3.3748522845012014,3.2376157000004673,2.6937727000009,29.011491975882016,0.08436842113374664,0.08436842120646258,0.5847341499478008,0.515405690328354
2001-08-01,50.5,4.85249728739759,3.052497334985197,2.7555547000010154,2.763064799998765,29.011491975882016,0.07741252620147249,0.07741252623785702,0.6420592152918732,0.5850676808023161
2001-09-01,50.5,4.828168325966016,3.318168335550403,2.77101259999935,2.645985899999569,29.011491975882016,0.10298474836343302,0.10298474831472261,0.6456708725952307,0.7005195440020232
2001-10-01,50.5,4.814119903172013,2.784119931620793,2.586618299999692,2.2477174999994003,29.011491975882016,0.11215023887849053,0.1121502387886912,0.7298427995178254,0.712769677265038
2001-11-01,50.5,4.823399184579999,2.6233991370160017,2.1190497000001143,1.9707501000004533,29.011491975882016,0.083566053367245,0.0835660533275312,0.6818668219617039,0.7444802408258799
2001-12-01,50.5,4.770175136250404,2.3901750217276008,1.8355451999999135,1.5493403000000259,29.011491975882016,0.08945896831412185,0.08945896820249252,0.5110987093408449,0.6066951913910505
2002-01-01,50.5,4.781383592335602,2.181383687562804,1.5672390999994925,1.1894430999995447,29.011491975882016,0.10328480502550244,0.10328480497616009,0.7439258483609813,0.8496279866813022
2002-02-01,50.5,4.821817802791207,1.8418177837207985,1.103568799999711,1.0633217999996603,29.011491975882016,0.12251310840405873,0.12251310860788049,1.3103788509795795,1.190975709126811
2002-03-01,50.5,4.786902888662812,1.7669029078308014,1.029550200000541,1.6667684000004357,29.011491975882016,0.13444152985030425,0.13444153000225023,1.0671353497467968,1.1568841577310243
2002-04-01,50.5,4.724542174846387,2.5045421462035953,1.4449445999999588,1.644636000000767,29.011491975882016,0.08245426172620032,0.08245426169467752,0.49021947683149275,0.5609771246411781
2002-05-01,50.5,4.7005603853932145,2.6405604426700044,1.6561387999998554,1.177243000000169,29.011491975882016,0.09098746680164521,0.09098746703071299,0.5764346116726079,0.5227852726792218
2002-06-01,50.5,4.681206937082385,2.5712070419839983,1.1492667000006216,1.1461173000000395,29.011491975882016,0.09936219837055524,0.09936219825253144,0.5574401803095681,0.5638134370625085
2002-07-01,50.5,4.6568686803719945,2.5468687853179994,1.2106255999996436,1.4302428000003544,29.011491975882016,0.10405348003606689,0.10405347977600939,0.6346903890974911,0.5911944545618837
2002-08-01,50.5,4.660500238314404,2.5005001524399986,1.5118269000002484,1.7496895000005037,29.011491975882016,0.10525173884895556,0.10525173871778001,0.5506840493036649,0.6320754102315522
2002-09-01,50.5,4.649731405524001,2.3297314722019995,1.744329000000393,1.4432948000002144,29.011491975882016,0.10277790344506177,0.10277790348644542,0.6424826612865105,0.6018321690395086
2002-10-01,50.5,4.6313688368812045,2.591368874998804,1.4331316000000986,2.012490100000838,29.011491975882016,0.10165658111710561,0.10165658111264113,0.6009214494413028,0.5612106152368644
2002-11-01,50.5,4.642537969606003,2.872537988621195,2.0909333999990793,2.2231249999999885,29.011491975882016,0.10356067086678926,0.1035606709384491,0.6003104286894981,0.6061932565232834
2002-12-01,50.5,4.613036217570399,2.733036222345993,2.2861118999997636,2.355920699998551,29.011491975882016,0.1255295853548215,0.1255295853500694,0.5656566474235531,0.6194807677707131
2003-01-01,50.5,4.617447825583198,2.687447878231601,2.3547927999994784,2.69082540000216,29.011491975882016,0.10200797772698235,0.10200797779705822,0.6087848379371125,0.573985006114328
2003-02-01,50.5,4.606901022194806,2.9169009647359996,2.621257100000701,2.9784891000000444,29.011491975882016,0.09623561811728805,0.09623561780631688,0.5659870665802953,0.6156979027660554
2003-03-01,50.5,4.6368211286331995,2.896821119068805,3.1185338000015066,2.956082600001377,29.011491975882016,0.1147294800329978,0.11472948005945262,0.7400709168413024,0.678440312534155
2003-04-01,50.5,4.579469133028805,2.2894691712016013,3.027875099999615,2.2305854000005385,29.011491975882016,0.10371579598583923,0.10371579606491668,0.5055400563190722,0.5546776381328337
2003-05-01,50.5,4.568318868007592,1.518318915717999,2.249502700000326,2.0083976000003987,29.011491975882016,0.10406438529534778,0.10406438521233966,0.5586448383955409,0.515911037735689
2003-06-01,50.5,4.650425141217993,1.3804251603559985,1.9522636999994247,1.9358979999996746,29.011491975882016,0.12710290822192696,0.12710290820698056,1.16214013280519,1.0440442507649335
2003-07-01,50.5,4.5628587388760025,1.5728587292551999,2.0666101999985775,2.1008910999999677,29.011491975882016,0.1216029705173105,0.12160297053173617,0.6445364606186489,0.5405693085781611
2003-08-01,50.5,4.534737827681595,1.8847377323580021,2.1415069000015943,2.228237400000823,29.011491975882016,0.11340801258671125,0.11340801233763267,0.5644453771577125,0.5347842918293286
2003-09-01,50.5,4.541634151227193,2.001634189395604,2.1111702000004633,2.364799000000636,29.011491975882016,0.10596080121530499,0.10596080095926043,0.514184584780338,0.5640996819794581
2003-10-01,50.5,4.530560145768395,1.3405600885368016,2.2894654999987547,2.07794520000058,29.011491975882016,0.09409577599545338,0.09409577582489995,0.555054874873693,0.53837553042016
2003-11-01,50.5,4.5353582581452025,1.0153582774168006,2.033266099999802,1.671272299999519,29.011491975882016,0.11487286833386548,0.11487286837361693,0.6796571869877831,0.6515729655576326
2003-12-01,50.5,4.476139780210803,1.2161397896788024,1.7526427000006608,1.9054623999998512,29.011491975882016,0.11716750229932793,0.11716750227544459,0.6091002886157644,0.6284619041669902
2004-01-01,50.5,4.486521734721593,1.5165217059491973,1.867995800000207,1.9897336000014183,29.011491975882016,0.11464001661886287,0.11464001679333635,0.626580008808091,0.6409191676874324
2004-02-01,50.5,4.4917975685663984,1.4817975781631985,1.9090519999993012,1.6940612999985298,29.011491975882016,0.0954219407694496,0.09542194072801889,0.597446283009307,0.634170844001436
2004-03-01,50.5,4.453047491709999,1.3030473963504035,1.772913400000786,1.7221538999997208,29.011491975882016,0.10432114756025074,0.10432114774699514,0.5190608164100288,0.5169641661314491
2004-04-01,50.5,4.556046535702794,1.0460465452332008,1.6757365999999094,2.2186089999996823,29.011491975882016,0.11895891263452409,0.11895891268056916,1.0486716818528252,0.9333886952302771
2004-05-01,50.5,4.758828324409994,1.9588283719812076,1.9321486999984956,3.3927800000003776,29.011491975882016,0.17264415763271332,0.17264415754260864,2.287513194537348,2.463301941120476
2004-06-01,50.5,4.460092363833209,1.930092392276803,2.9618093000015335,3.2317667999997695,29.011491975882016,0.11130157172222131,0.11130157181046807,0.5801322363060943,0.6182492195852035
2004-07-01,50.5,4.462445498219596,1.2924454222880006,3.331471700000886,3.0319494999996004,29.011491975882016,0.11240622756118213,0.11240622756978343,0.6639943757540159,0.544858504493326
2004-08-01,50.5,4.440129983624406,0.8001298788055995,3.0266219000004493,2.554984499999065,29.011491975882016,0.10950420445919097,0.10950420432800347,0.48488949625617866,0.547038238906695
2004-09-01,50.5,4.430212968090799,-0.2597870889564012,2.6352367999996296,2.489987400000368,29.011491975882016,0.11141279225892384,0.1114127923514738,0.5837788083695267,0.607085161521885
2004-10-01,50.5,4.4393602947628095,0.08936038980999993,2.4947088999995155,3.094148299999299,29.011491975882016,0.11249895765013479,0.1124989574253927,0.6242551692282071,0.5844029356953889
2004-11-01,50.5,4.473805544514799,1.0138055063496016,3.324960299999668,3.6124924999983703,29.011491975882016,0.10597926091140739,0.10597926088765744,0.61438596469194,0.6010406717590298
2004-12-01,50.5,4.436107243025604,1.016107166522402,3.5875534999989473,3.1932587999992434,29.011491975882016,0.09878798141299099,0.0987879814668054,0.5428756067206185,0.6083664844737103
2005-01-01,50.5,4.546510729845205,0.5565107203720006,3.293580799999643,2.975524999999207,29.011491975882016,0.11838317050944895,0.11838317049388843,1.0926904538022524,1.0243908821145635
2005-02-01,50.5,4.443866843915598,0.8438669392252021,3.0162230000004815,3.0474214000002218,29.011491975882016,0.11239930905644765,0.11239930898924061,0.523308992191752,0.6999097089789984
2005-03-01,50.5,4.426958753845207,1.0669588589760004,2.9504176000003066,3.2611679000012606,29.011491975882016,0.1175345980668763,0.11753459807352166,0.5758734633235356,0.5604278617524473
2005-04-01,50.5,4.438086503988801,0.8880865516304002,3.1554539000005595,3.628659300000121,29.011491975882016,0.11009798906850993,0.11009798897745135,0.5664233094622617,0.6428021247020571
2005-05-01,50.5,4.409179451709602,0.2391793755655999,3.4051900999995075,2.7341262999997813,29.011491975882016,0.11101413673459971,0.11101413661914218,0.6198887729576855,0.5814652487027441
2005-06-01,50.5,4.396934386491996,0.07693421475359999,2.73643799999976,2.475926899999005,29.011491975882016,0.10185390925669442,0.10185390969521231,0.6375590823748113,0.6145697136539002
2005-07-01,50.5,4.461073460991596,0.31107336586999984,2.4592836000011715,3.2400044000004278,29.011491975882016,0.12231445777587352,0.12231445777036683,0.8875494598542044,0.8619731730708948
2005-08-01,50.5,4.393845642558801,0.5738457095107996,3.2203124000013044,3.7212116999995235,29.011491975882016,0.10358683007219821,0.10358682999544513,0.5367240565908593,0.576087827382115
2005-09-01,50.5,4.453243593124,2.3932436502308003,3.5851189000002806,4.6901729000013335,29.011491975882016,0.10302897711550113,0.10302897728249263,0.5078278488387532,0.5374893360516118
2005-10-01,50.5,4.427515675030405,3.1175157324371994,4.748349999998615,4.359576200001587,29.011491975882016,0.10717254800159882,0.10717254806570467,0.5617399012348477,0.5689668418074092
2005-11-01,50.5,4.421132153330402,2.4511321248751945,4.294862800002693,3.490008399998652,29.011491975882016,0.10891084745550521,0.10891084739103049,0.5182101700875735,0.5364883572143302
2005-12-01,50.5,4.425786482728,1.8857865208047968,3.479208000000571,3.3772248999985326,29.011491975882016,0.11816960417623727,0.11816960417242085,0.6717205740662652,0.6721931314335869
2006-01-01,50.5,4.427187944605594,2.3471880209116005,3.434271800001192,3.849765600000012,29.011491975882016,0.09355997103270988,0.09355997096916112,0.6208055660898641,0.5386686504576154
2006-02-01,50.5,4.470737904849203,2.0507378283519992,4.027014899999203,3.593988699998819,29.011491975882016,0.11957102413643445,0.11957102406943908,0.868907152406879,0.8126312058568189
2006-03-01,50.5,4.408197479397203,1.6281975078648012,3.4785223000000824,3.2830988000003973,29.011491975882016,0.12025196741758849,0.12025196734874673,0.5916124103037936,0.6797808439223795
2006-04-01,50.5,4.389850992542006,1.819851059409601,3.3808088999999892,3.518779099999894,29.011491975882016,0.10326219124611022,0.10326219118696128,0.5602804794876985,0.55743490758212
2006-05-01,50.5,4.524808642827599,1.8348085854296032,3.6453595000010197,4.157884999998649,29.011491975882016,0.10956123977159579,0.10956123984212746,0.9356548307824754,0.9701785435331406
2006-06-01,50.5,4.429008582575208,1.7390085253684004,4.142506199998598,4.325738699998436,29.011491975882016,0.09708996039720105,0.09708996048167079,0.5843682271511905,0.5222021709643101
2006-07-01,50.5,4.477089488372402,2.1170895932984015,4.3776348000011645,4.206249500000421,29.011491975882016,0.10722455227337589,0.1072245523429712,0.833730810219133,0.7477734882718101
2006-08-01,50.5,4.433128151413602,2.463128122905197,4.120063399998351,3.9109995999972087,29.011491975882016,0.10654807015186356,0.10654807005644774,0.6123912874065902,0.5640047434923471
2006-09-01,50.5,4.385764904312405,1.625764913874001,3.796702599998815,2.121980100000737,29.011491975882016,0.09828854825970279,0.09828854832364715,0.5909683465636439,0.6406243742324781
2006-10-01,50.5,4.353104898940391,0.8131049372123976,2.0738654000002406,1.196656400000452,29.011491975882016,0.10153087984547218,0.10153087956273096,0.56508897871358,0.5754656713629493
2006-11-01,50.5,4.434932698235586,0.12493275531359999,1.1866188000001774,1.994173600000496,29.011491975882016,0.10802574780440422,0.10802574786787615,0.8258282120118112,0.8600080235388436
2006-12-01,50.5,4.33850958673839,0.258509663386,1.9987411000011308,2.5292406000001635,29.011491975882016,0.10535336996070935,0.10535337005954766,0.5999617578573447,0.6302204786518318
2007-01-01,50.5,4.356086099241193,0.07608588939559978,2.4898649000007236,2.1122395999991905,29.011491975882016,0.10596214899448012,0.10596214892614005,0.7580724287106888,0.7820230538696187
2007-02-01,50.5,4.338831917968797,0.30883170825400014,2.053749199999908,2.3631580000011883,29.011491975882016,0.09819434060953196,0.09819434062097081,0.6201422832280977,0.6526757207399152
2007-03-01,50.5,4.3158262923695965,0.3358262733103993,2.3832566999999405,2.8179616999986514,29.011491975882016,0.09279485522205196,0.09279485527359296,0.523772607018878,0.4919328790939433
2007-04-01,50.5,4.359787015904404,0.41978695846520003,2.902051500001057,2.5319958999996177,29.011491975882016,0.10049890033814529,0.10049890007085252,0.6895973431311166,0.6471537404714307
2007-05-01,50.5,4.3814639115704,0.2014640830044,2.515304299998215,2.7611037000016267,29.011491975882016,0.11522935500917132,0.11522935496879654,0.8913598920784636,0.8167742308769457
2007-06-01,50.5,4.320397348635202,-0.6996026321464021,2.7331855000010394,2.6786748999987733,29.011491975882016,0.10297283871412978,0.10297283864103984,0.5888682392449465,0.5374164574219359
2007-07-01,50.5,4.340661718617597,-1.2593381863340014,2.7206773000003257,2.5068974999993565,29.011491975882016,0.0995326040388344,0.09953260384291529,0.6518984495032794,0.7867461084329829
2007-08-01,50.5,4.284164756217607,-1.0858351296163997,2.335310199999451,1.9862375999998119,29.011491975882016,0.08717469302820806,0.08717469277666322,0.5218279124983486,0.6255307781246199
2007-09-01,50.5,4.306525530550397,-0.6334745265347989,1.9941342000008833,2.710651199999672,29.011491975882016,0.09373462628898305,0.09373462622770033,0.5939716594248108,0.5885601922530053
2007-10-01,50.5,4.306077732636799,0.6460776466812022,2.7525425999987623,3.5307165999994656,29.011491975882016,0.09594011451461143,0.09594011459843162,0.5228979627524436,0.5547647120384124
2007-11-01,50.5,4.319635966426007,3.2496359137923956,3.5123002000008983,4.222387499998364,29.011491975882016,0.10033152816608867,0.10033152838626547,0.5348574485563489,0.5892730304338746
2007-12-01,50.5,4.327911976263599,4.2379119726488,4.352889100000463,4.048436600000464,29.011491975882016,0.0918669963605954,0.09186699632757318,0.5408204442595305,0.6002717519782244
2008-01-01,50.5,4.340627964116394,4.310627964796813,4.094919100001608,4.186254699999659,29.011491975882016,0.11277724116928006,0.11277724114927477,0.6400796091459902,0.6167189727536107
2008-02-01,50.5,4.319184092027598,4.079184097404404,4.140996499998188,4.077236400000179,29.011491975882016,0.10121098823469409,0.10121098827111737,0.5922684440881835,0.5809756773187643
2008-03-01,50.5,4.3095850748039926,4.689585070060374,4.133414099998578,3.9841813999981266,29.011491975882016,0.09907601717776929,0.099076017144702,0.5488313504333636,0.551268907426286
2008-04-01,50.5,4.337001493415598,5.077001502999602,3.9360284999989363,3.878454500001012,29.011491975882016,0.11318500567391339,0.11318500571470329,0.5377761967688318,0.6885352019625928
2008-05-01,50.5,4.475755358764392,5.755755330114404,3.9411714999995557,4.159511499998809,29.011491975882016,0.11765527675684138,0.11765527660966237,1.1912658236426423,1.274921623924466
2008-06-01,50.5,4.472025129291591,5.902025076827191,4.134170200002703,4.809229200001668,29.011491975882016,0.12678801102258408,0.12678801100609852,0.9736061861852826,0.9927181797789935
2008-07-01,50.5,4.508208266139198,6.608208170662399,5.057596400000319,5.613516399999623,29.011491975882016,0.20236570363403417,0.2023657037171097,0.5862711224012567,0.6534951112001544
2008-08-01,50.5,4.532893988947597,6.0128940080696065,5.645543000000479,5.41882940000012,29.011491975882016,0.28848233275856305,0.2884823326633678,0.5799885171834961,0.5327062498441324
2008-09-01,50.5,4.462386811109601,5.7523867727904054,5.375788699999293,4.944623799999562,29.011491975882016,0.15319256573157386,0.15319256583894142,0.6595990230934908,0.6035245416674359
2008-10-01,50.5,4.351209428506403,4.531209435723196,4.993981200002923,3.636760600000258,29.011491975882016,0.10593170810299132,0.1059317080812146,0.5728984242444422,0.5581166042895751
2008-11-01,50.5,4.287825230468395,2.4478251970232012,3.697737699999718,1.1264524999997518,29.011491975882016,0.09663181426004831,0.09663181442231727,0.5793667565716613,0.6258132273856535
2008-12-01,50.5,4.291051616025196,1.5710515874491975,1.1338872000004907,-0.08664350000031501,29.011491975882016,0.08437515576079994,0.08437515576678258,0.6500141256138059,0.6677994398940772
2009-01-01,50.5,4.270876671951598,1.640876557397197,0.01835109999991716,-0.05341980000014034,29.011491975882016,0.09542263051524323,0.09542263060984925,0.713489762679133,0.6404765598875926
2009-02-01,50.5,4.263469284166797,2.1234691792252,0.004938299999954102,0.2616180000002242,29.011491975882016,0.08003576308710642,0.08003576308798642,0.520415627592715,0.5546043487941398
2009-03-01,50.5,4.285192370438801,1.9751924279872022,0.2744742000003233,-0.5184473999994526,29.011491975882016,0.09384778013074978,0.09384778006427631,0.6569595449856299,0.7050464390485816
2009-04-01,50.5,4.259356824638405,2.019356815171595,-0.3537885999998442,-0.6950088000000381,29.011491975882016,0.10067525177797848,0.100675251728903,0.5989270574714954,0.6096804450507819
2009-05-01,50.5,4.238460849213598,2.218460868151601,-0.752416799999802,-1.1898506999991942,29.011491975882016,0.10667026185211768,0.10667026197268585,0.5630656414894061,0.5541712580310777
2009-06-01,50.5,4.251093391798407,3.201093439475991,-1.2843130999997334,-1.3743656000000948,29.011491975882016,0.1130276577963679,0.11302765792727279,0.6129300513269652,0.6308823432453834
2009-07-01,50.5,4.259089663450391,3.019089653845198,-1.4766173999999348,-1.9992291000012958,29.011491975882016,0.13873161340311593,0.13873161327632832,0.5681624146454936,0.6170473414615709
2009-08-01,50.5,4.282789317498391,3.132789341386793,-2.0875112000004172,-1.4806697999989848,29.011491975882016,0.23666121722475378,0.23666121741847296,0.6417607302126762,0.6701671631034939
2009-09-01,50.5,4.335776076350403,3.195776090694801,-1.506389100000125,-1.308655800000085,29.011491975882016,0.3123660086738982,0.31236600873957576,0.6251597604822482,0.5854193609720573
2009-10-01,50.5,4.465543095102398,3.295543138104009,-1.3079517999998913,-0.15821759999961568,29.011491975882016,0.5402830173092995,0.5402830173011249,0.5477710698663854,0.55171144403282
2009-11-01,50.5,4.367194522180003,3.2271945364188066,-0.2381384000000481,1.7641491999996297,29.011491975882016,0.4035677885815359,0.40356778861269443,0.5714018121929186,0.5667516605450302
2009-12-01,50.5,4.331564552885999,2.831564552885997,1.932702499999483,2.66477330000197,29.011491975882016,0.21644802610107908,0.21644802610106825,0.6432010450015037,0.6478288619668247
2010-01-01,50.5,4.252670239544797,2.622670244358401,2.703633399999784,2.658054799999087,29.011491975882016,0.17673715433884574,0.17673715433387335,0.5449671330169764,0.5651448092364936
2010-02-01,50.5,4.199415331118797,2.0894154359067985,2.678308499999228,2.141348699999347,29.011491975882016,0.12041802328116426,0.12041802332251109,0.6447280209231372,0.6958404964522719
2010-03-01,50.5,4.155756318992812,1.4757562522867962,2.15760340000073,2.3273324999985094,29.011491975882016,0.08232282177627362,0.08232282189497356,0.5379481133794761,0.5000552728179314
2010-04-01,50.5,4.353366334159201,1.1933662482692058,2.4839776999990346,2.2645124999985913,29.011491975882016,0.14826524680694067,0.1482652466304066,2.1378038953196983,1.8333651755881957
2010-05-01,50.5,4.13816207291079,0.5681621397780003,2.2717754000002732,1.9126067999992549,29.011491975882016,0.07336641152917836,0.07336641160313052,0.5057940060494467,0.5355755249035269
2010-06-01,50.5,4.1133741452668025,0.5533742022547998,2.110342099999672,1.0380512000006257,29.011491975882016,0.08399963671264032,0.08399963661808595,0.6510837421355272,0.5796868490616456
2010-07-01,50.5,4.114667335541594,0.4846672212060007,0.9867053999997002,1.2887572999990757,29.011491975882016,0.08252962250814967,0.08252962234854626,0.5691391952382198,0.5837350304402019
2010-08-01,50.5,4.13038435408,0.3603843729856002,1.265320399999134,1.057055599998921,29.011491975882016,0.08746425799591083,0.08746425808611459,0.7284196721328844,0.6520807733191575
2010-09-01,50.5,4.10173331061721,0.23173342487360024,1.1262229999993452,1.218590900000087,29.011491975882016,0.09055881741921806,0.09055881766464925,0.5404845954270472,0.5982237081073432
2010-10-01,50.5,4.100465256432401,0.5704652848996002,1.0108099999998097,1.1117043999996878,29.011491975882016,0.08716345858414733,0.08716345845835159,0.7596542256761216,0.7270029300718955
2010-11-01,50.5,4.160536960686,0.7705368558408007,1.2366245000009513,1.3462774000002204,29.011491975882016,0.12924285592704912,0.12924285587102824,1.1541164317638768,1.341711347642923
2010-12-01,50.5,4.082797875106802,1.122797836985999,1.0547954999998908,1.5370290999997334,29.011491975882016,0.08147058018831567,0.08147058036726378,0.6119074455772499,0.5974274770124793
2011-01-01,50.5,4.070126147829206,1.1401260813032017,1.4631276999995213,1.6663121000014727,29.011491975882016,0.07935304230248445,0.07935304213168082,0.5812496931782546,0.5648487615673804
2011-02-01,50.5,4.0778687272972,1.2078688414967989,1.6243647999993194,2.032988199998865,29.011491975882016,0.08639663714661464,0.08639663675799712,0.6661606553492512,0.6575214030986252
2011-03-01,50.5,4.080908621164403,1.4309085259012013,2.241458300000105,2.614245999999931,29.011491975882016,0.08971338344008614,0.08971338320642225,0.649797513803507,0.6360575910112701
2011-04-01,50.5,4.062054857300804,1.7620549050223988,2.705009600000415,3.1858753999995217,29.011491975882016,0.07691397228297213,0.07691397231881479,0.5233854670868168,0.5013506687474879
2011-05-01,50.5,4.238410159960801,2.538410112190799,3.25264000000098,3.617314199999178,29.011491975882016,0.13497048285014868,0.1349704829224996,1.5373329058250922,1.4888698423837654
2011-06-01,50.5,4.074635356021199,2.4146353894408032,3.538690800000053,3.5609712999979832,29.011491975882016,0.08805328142737875,0.08805328143950095,0.5425758395878191,0.6086997136848676
2011-07-01,50.5,4.076377425711203,2.6663774591976037,3.480851700001898,3.6450101999993394,29.011491975882016,0.09046265766455949,0.09046265765865186,0.5525032163502299,0.5195688572797216
2011-08-01,50.5,4.086859487224403,2.3968594299592,3.698512599997547,3.799034900000768,29.011491975882016,0.08166304909738392,0.08166304877848918,0.5465047849568525,0.580500054687769
2011-09-01,50.5,4.075506125205993,2.085506115607997,3.8028274000006252,3.9434437999984993,29.011491975882016,0.09036625820310663,0.09036625827629666,0.4396261926820004,0.5653933001100937
2011-10-01,50.5,4.075718260526012,1.9157181745883998,3.868919400001262,3.5216449999996833,29.011491975882016,0.07271836476835834,0.07271836465130739,0.5519096301771778,0.5293943307275023
2011-11-01,50.5,4.098858710219202,2.338858719786397,3.5751616999997493,3.239561199998536,29.011491975882016,0.11963359820780624,0.11963359817594788,0.8183990946726426,0.8630367897927329
2011-12-01,50.5,4.077884621773599,2.3378846122883976,3.4155343000003944,3.0064316000018914,29.011491975882016,0.08947956466809491,0.08947956467502055,0.5586179115729561,0.6416824869943171
2012-01-01,50.5,4.0590977002092,2.4690976668363978,3.023572600000003,2.9947136000009267,29.011491975882016,0.08626401895875718,0.08626401895211976,0.6263299048668566,0.6132427592918837
2012-02-01,50.5,4.052642696200812,2.0726426770300006,2.9266337000003735,2.9186205000012575,29.011491975882016,0.07918615189537703,0.07918615183078039,0.585822040801661,0.5910485022106513
2012-03-01,50.5,4.043571872955595,2.573571844279605,2.857611299998493,2.6184934999999205,29.011491975882016,0.07195793858539563,0.07195793853177225,0.508907252164668,0.5097224668452057
2012-04-01,50.5,4.050846715377189,2.9908467725616,2.650398499999196,2.3043418999990357,29.011491975882016,0.06982434348455654,0.06982434350649608,0.5892738675114316,0.6333946241198465
2012-05-01,50.5,4.032510419334797,2.67251040512559,2.4003488999994675,1.7309166999997947,29.011491975882016,0.07856693521118499,0.07856693506341747,0.610866893880443,0.5474581717568765
2012-06-01,50.5,4.029121535542792,2.2791215355427967,1.696775199999937,1.7325535999998,29.011491975882016,0.08878907013688556,0.08878907013688664,0.5560655001921672,0.6462137058438416
2012-07-01,50.5,4.0115348192140035,2.051534780993998,1.7637873000004711,1.3600694999994978,29.011491975882016,0.06795340640344932,0.06795340621282982,0.5258109044226107,0.5067468546192669
2012-08-01,50.5,4.0109793778115925,2.4909793967607983,1.3996643000003235,1.7088971000002835,29.011491975882016,0.08225277846181962,0.08225277849966385,0.7427399556415437,0.6096118151177855
2012-09-01,50.5,3.9964912100584025,2.8164912623843974,1.6917421000006474,2.040980399999321,29.011491975882016,0.07069439059560806,0.07069439070924652,0.4695474742351156,0.5025149437350795
2012-10-01,50.5,4.0025562396332,3.0425562612715975,1.9144952000009239,2.158589400000742,29.011491975882016,0.0704175348011954,0.07041753460003299,0.5722844970868943,0.5223653990456512
2012-11-01,50.5,3.9915548284479985,2.751554818862796,2.211305000000162,1.7377069000006218,29.011491975882016,0.0852895289019017,0.08528952893424552,0.610161324226677,0.6163450788259643
2012-12-01,50.5,3.998955324864002,2.4989553248640006,1.807764799999852,1.7476710999997178,29.011491975882016,0.08883847235506634,0.08883847235505607,0.6361293720332808,0.6221150462251231
2013-01-01,50.5,3.9770870311159996,2.3970869881796006,1.8360213999998718,1.5262901000005928,29.011491975882016,0.07975442057465146,0.07975442069066535,0.6525798061295769,0.6236782228742485
2013-02-01,50.5,3.961076463234393,2.831076467995603,1.5698477999991518,2.00591909999914,29.011491975882016,0.0738736952968333,0.07387369524811517,0.6013422911258304,0.563782268608071
2013-03-01,50.5,3.956561118081993,2.44656112753841,1.985817400000882,1.4797135999998923,29.011491975882016,0.0750211040196748,0.07502110410861527,0.5357937824519544,0.5155804661855247
2013-04-01,50.5,3.9665461093284033,2.0165460616115993,1.3847155000001536,1.082516899999555,29.011491975882016,0.07781621438126396,0.077816214276838,0.6445631272955683,0.647952811390546
2013-05-01,50.5,3.944153502248804,1.8141533880207967,1.1212544000001043,1.3643760000003191,29.011491975882016,0.07094426230787644,0.07094426244230315,0.5101872085387347,0.6231005983785513
2013-06-01,50.5,4.019353107278792,1.9493531740735965,1.4641730999989138,1.7248750000008473,29.011491975882016,0.1148040380767743,0.11480403820638375,0.9472149343134774,0.9929671762148071
2013-07-01,50.5,3.9364305068379957,1.9464304972216002,1.79838960000034,1.9381491999995213,29.011491975882016,0.08652590153820815,0.08652590150200622,0.6708253593548816,0.6999697739326253
2013-08-01,50.5,3.9267273191016043,2.226727271701597,1.9294223000000228,1.483783300000684,29.011491975882016,0.07642095239434625,0.0764209523693254,0.5616938482138804,0.5706592568286883
2013-09-01,50.5,3.912270544493602,2.2522705778075975,1.5680908000010905,1.1726999000002123,29.011491975882016,0.0699514516614979,0.06995145172898502,0.5746677507443055,0.55038967420696
2013-10-01,50.5,3.909948351192396,2.249948384595998,1.1588217999992638,0.9531971999999428,29.011491975882016,0.08086552610274099,0.08086552605516667,0.6851241172892426,0.5455609129896019
2013-11-01,50.5,3.914948093662001,2.594948040940005,0.8963670999995991,1.320100799999787,29.011491975882016,0.09063296907018274,0.0906329689579524,0.7028366822725232,0.7284292250026505
2013-12-01,50.5,3.893641983050003,3.1336419926576036,1.280109100000078,1.530787799999688,29.011491975882016,0.06978273667740276,0.06978273672485814,0.5645088824103233,0.5451494192662188
2014-01-01,50.5,3.8869408374203993,3.976940840977199,1.5241997000002294,1.5383149000006862,29.011491975882016,0.0656115354044076,0.06561153537681966,0.5688399058729255,0.5388755832244919
2014-02-01,50.5,3.872166602090398,3.902166601412795,1.4807752999995636,1.1463545999994826,29.011491975882016,0.07275833975553465,0.07275833974131607,0.5309779429097441,0.5295906752078352
2014-03-01,50.5,3.8899354578331984,3.959935458137607,1.1369903000005648,1.4709400999992872,29.011491975882016,0.09973003742391473,0.09973003741876592,0.7101650429793886,0.7992736596732493
2014-04-01,50.5,3.869479294440398,4.0694792974324,1.4094207999996513,1.9356817000012065,29.011491975882016,0.0762154958431966,0.07621549581948693,0.5573174706144033,0.5106817625587197
2014-05-01,50.5,3.8700666806528004,3.910066679756403,1.8774909000000561,2.043959500000447,29.011491975882016,0.06251431178329413,0.06251431182418474,0.5482252951652514,0.5484652979303016
2014-06-01,50.5,3.862331265352397,3.7423312680507967,2.157289700000338,2.0775390000011744,29.011491975882016,0.07013342891816422,0.07013342892283189,0.6191561506890617,0.5867384029581326
2014-07-01,50.5,3.8527639811440024,3.6827639793428033,2.2294191000006554,2.0396869999996805,29.011491975882016,0.07615857594686855,0.0761585759565061,0.4992620226848624,0.5614342800732004
2014-08-01,50.5,3.843969415807608,3.643969412780002,2.0381313999995156,1.7708003999991906,29.011491975882016,0.06764530580993035,0.06764530581059261,0.6516255553203789,0.6614479318997565
2014-09-01,50.5,3.838453922416795,3.8784539215295952,1.6750103000002758,1.8123242000000162,29.011491975882016,0.06212780301496813,0.06212780301118592,0.5691156220726701,0.5394740297569399
2014-10-01,50.5,3.8225819954412033,3.652581993667604,1.6282361999993322,1.6214035999997574,29.011491975882016,0.06642276312100696,0.0664227630867014,0.5731270394939405,0.5513312291057393
2014-11-01,50.5,3.829032544655591,3.329032544655592,1.6401662000002752,1.3272109000002528,29.011491975882016,0.06792192605954078,0.06792192605954035,0.5734317094010509,0.5933887676143215
2014-12-01,50.5,3.807330104926405,3.077330085876806,1.3659117000003445,0.7876670999999912,29.011491975882016,0.06330705267683406,0.06330705274115599,0.5090772221281311,0.5539692570884982
2015-01-01,50.5,3.792892159000004,2.4228921542639967,0.6492922000004157,-0.11259599999991667,29.011491975882016,0.11205305348815459,0.11205305349577162,0.5407725066109615,0.6747627345983376
2015-02-01,50.5,3.7801008888267997,2.760100908043202,-0.05857519999974713,0.04217100000008627,29.011491975882016,0.06449213842905689,0.06449213844753454,0.6995952729040441,0.598532825365146
2015-03-01,50.5,3.8033951696751926,2.9533951457532037,-0.030073199999603038,-0.12119209999972379,29.011491975882016,0.09763629767292771,0.0976362977089508,0.6802840178001168,0.6311826828562944
2015-04-01,50.5,3.7848627990255945,2.654862803794397,-0.09338260000009718,-0.166425500000041,29.011491975882016,0.07358389536531965,0.07358389535887705,0.5771636490709161,0.5514324157907639
2015-05-01,50.5,3.7664140235100008,2.7464140427351986,-0.26781700000011477,-0.032549999999705745,29.011491975882016,0.09570945109217012,0.09570945112495935,0.5523383231601585,0.5192028217069843
2015-06-01,50.5,3.7529247768172014,2.752924776817203,-0.08006039999942965,0.1455548999999107,29.011491975882016,0.07863960059834728,0.07863960059834532,0.6367265779184273,0.5352912504109408
2015-07-01,50.5,3.7652174829688003,2.9352174996359937,0.08337230000017543,0.21158939999969964,29.011491975882016,0.09612457598550779,0.09612457592962431,0.7230392752020244,0.7197245504521638
2015-08-01,50.5,3.728491735359599,2.6684917928100007,0.22114710000041402,0.14188049999991062,29.011491975882016,0.0807838523748316,0.0807838524139703,0.5620847929019689,0.5497998382065545
2015-09-01,50.5,3.746560477676405,2.286560439448,0.22769450000023986,-0.020302999999562105,29.011491975882016,0.07526708268653368,0.07526708280020387,0.6790947433927781,0.6109060478419139
2015-10-01,50.5,3.714572869368797,2.074572883667602,0.027692200000622495,0.1855640999998327,29.011491975882016,0.06764285646713132,0.06764285643689977,0.6359123114384078,0.6347458834274382
2015-11-01,50.5,3.7367482376836083,2.0467481804992,0.11605550000023708,0.36338719999984476,29.011491975882016,0.09510903406487556,0.09510903422139699,0.6813715245829396,0.6891420540931866
2015-12-01,50.5,3.7396236672772,1.669623734009198,0.3863017999999356,0.7357170000000905,29.011491975882016,0.2106458880732346,0.21064588793189543,0.7018816412150672,0.6831952889823094
2016-01-01,50.5,3.7161128766584066,1.2161128766584022,0.7315192000003123,1.4023617999997056,29.011491975882016,0.07638286181677907,0.0763828618167846,0.6442278757482715,0.6433949858419856
2016-02-01,50.5,3.705820194059996,0.9658201845963988,1.2886217999997103,1.0112558999999057,29.011491975882016,0.10493765342399178,0.10493765343491634,0.7734316086902804,0.6447169393966948
2016-03-01,50.5,3.8408250211344024,1.4608249066503958,1.125647400000084,0.7892797000010126,29.011491975882016,0.14845643596166708,0.14845643567705358,1.7110226850606636,1.8434553229422108
2016-04-01,50.5,3.6803075717847946,1.4803075242212012,0.8996456999996699,1.1144659999995925,29.011491975882016,0.06923921889921837,0.06923921875990666,0.6573132680078617,0.5132471088857264
2016-05-01,50.5,3.6704924905083995,1.8004924856584008,1.1040067000000462,0.8852863000002131,29.011491975882016,0.0724723437467471,0.07247234366174056,0.6982582543338739,0.570064351233418
2016-06-01,50.5,3.6913617075036025,2.061361712346796,0.908510199999805,1.02352029999986,29.011491975882016,0.09197197237465517,0.09197197246547116,0.8110956001209605,0.7593931418709167
2016-07-01,50.5,3.6489416297452073,1.9189416106859962,1.008716500000038,0.8161473999994711,29.011491975882016,0.07527087492001716,0.07527087489196706,0.5119068770730826,0.6300898256498548
2016-08-01,50.5,3.6648041379459912,1.7248040808684044,0.7352491000001917,1.1261667999997333,29.011491975882016,0.07519206445744257,0.07519206448712311,0.6477611873492085,0.6176351007906349
2016-09-01,50.5,3.654879017613603,1.4248789985468011,1.065588900000424,1.5248555999994522,29.011491975882016,0.08135806633073402,0.08135806630310116,0.7117471554127128,0.724941158576186
2016-10-01,50.5,3.6222107710264013,1.5822108093616007,1.4524330000002912,1.6363426000004446,29.011491975882016,0.06924009014338996,0.06924009010686283,0.5626101164914781,0.6277407242660693
2016-11-01,50.5,3.6376741959384007,1.4376741481459996,1.5832879999990253,1.6409017000006276,29.011491975882016,0.07331628868588287,0.07331628891748586,0.6101132460005193,0.5767716686677216
2016-12-01,50.5,3.6337105101264062,1.5237106146936028,1.7069193000002665,2.0508940000012883,29.011491975882016,0.06027312571722285,0.0602731253629529,0.5987912415936214,0.6432235458205923
2017-01-01,50.5,3.647159925899194,1.577159992682005,2.0639238999999834,2.4584028999992205,29.011491975882016,0.07414621855546279,0.07414621880082306,0.6762504046179564,0.6048924121638292
2017-02-01,50.5,3.643980919036003,1.433980880818402,2.427739600000517,2.7931966999993794,29.011491975882016,0.06661684136072817,0.066616841400755,0.6162075925957624,0.6848431408053753
2017-03-01,50.5,3.652003804812791,1.2920039095120026,2.67730240000126,2.3686470999998988,29.011491975882016,0.07795360386883156,0.0779536038103097,0.7711871738752332,0.6658861790893569
2017-04-01,50.5,3.629288269974399,1.1692882316235993,2.3427636000002194,2.128011600000241,29.011491975882016,0.07269451035342074,0.07269451040909936,0.6117044060559618,0.6182094515720167
2017-05-01,50.5,3.627393423276402,0.8273934710503998,2.2444878000007225,1.896432600000201,29.011491975882016,0.07464325782856353,0.07464325758111691,0.4729539109818467,0.614402602497294
2017-06-01,50.5,3.6076227969216013,0.7376229113688005,1.9002152999985782,1.6181099999999708,29.011491975882016,0.05884562284975967,0.058845622682537686,0.5669800539116812,0.5998919901640495
2017-07-01,50.5,3.608894252352402,0.658894204616398,1.5092868999997069,1.7478489999992677,29.011491975882016,0.06586669081223541,0.06586669089490665,0.6861707198732965,0.6015868959563349
2017-08-01,50.5,3.594390568461204,0.8943905206972024,1.6979896999994153,1.8853800000018281,29.011491975882016,0.07149804844862186,0.07149804851336072,0.48720283554408556,0.6327725458354134
2017-09-01,50.5,3.5973261463027972,1.3173261750183967,1.9100998999992793,2.2401663999999046,29.011491975882016,0.06290510840982529,0.06290510846045108,0.5880829193179047,0.5725468652055364
2017-10-01,50.5,3.5975180640292046,1.0775180831323994,2.17890109999886,2.1639333000004353,29.011491975882016,0.061051562093797265,0.06105156218499733,0.6147130609532113,0.5867347657000355
2017-11-01,50.5,3.6030991080348116,1.4230990411052002,2.0515526000000133,2.0719673000000247,29.011491975882016,0.06624770036735944,0.06624770043312761,0.5915535824051749,0.5967282452092264
2017-12-01,150.5,3.6269359566733343,1.7169359900999992,2.207743033333312,2.067230633333342,86.74675786448736,0.10038888467447048,0.10038888477774825,0.8929168677082414,0.8207222093862606
2018-01-01,150.5,3.5880833150466644,2.0380833627000006,2.095334666666652,2.0836811000000055,86.74675786448736,0.06855305593138007,0.06855305494095679,0.6029544988347771,0.5471376684295347
2018-02-01,150.5,3.5791736762666657,2.059173694973333,2.085155633333335,2.197532266666677,86.74675786448736,0.060063063507981754,0.060063063692646454,0.5008423754263338,0.5151098223899392
