date,trans_1_1_mean,trans_1_2_mean,trans_1_3_mean,trans_2_1_mean,trans_2_2_mean,trans_2_3_mean,trans_3_1_mean,trans_3_2_mean,trans_3_3_mean
1980-01-01,0.8955342579999895,0.04168593871999973,0.023147609519999238,0.07184599311999824,0.9027947175599751,0.04637913831999956,0.03261975779999907,0.05551936044000039,0.9304732629199957
1980-02-01,0.8955378012399887,0.041984575000000024,0.022701803879999805,0.07185959299999914,0.902479373319994,0.04549839232000118,0.032602606919999354,0.05553605032000122,0.9317998017600062
1980-03-01,0.8956225271600048,0.04198618823999915,0.022246043320000054,0.07190563275999773,0.9024009585200263,0.04455574195999848,0.03247181707999852,0.055612843159999,0.9331982066000011
1980-04-01,0.8957809779199863,0.042221336440000784,0.021811071640000134,0.07194822083999955,0.9022731518000078,0.04372745480000054,0.03227080179999822,0.05550550616000086,0.9344614720800012
1980-05-01,0.896159817400009,0.042230971879999094,0.021339643480000434,0.07164906548000002,0.9022667553599885,0.04282705640000034,0.03219111659999923,0.055502279359999344,0.9358332789999878
1980-06-01,0.8960288848800125,0.04237363984000095,0.021078586359999717,0.0718692512800004,0.9022943664800007,0.042141064720000315,0.03210186955999837,0.05533199204000079,0.936780350799985
1980-07-01,0.8961548125199915,0.04230292331999911,0.020691551880000054,0.07186927475999866,0.902383224080018,0.0414807091200008,0.031975911559998633,0.055313873440001056,0.9378277336000047
1980-08-01,0.89625461975999,0.042540048960000285,0.020368210239999594,0.07183062735999982,0.902108697679991,0.04084024796000001,0.031914755839998206,0.055351253960000416,0.9387915469599899
1980-09-01,0.8963186980399979,0.04257672343999844,0.02010355879999987,0.07177463031999935,0.9022409392800097,0.040084969999999505,0.03190666823999898,0.05518232187999985,0.9398114699999909
1980-10-01,0.8964381544000064,0.042739344959999606,0.019752864960000657,0.07180329207999976,0.9020401221600078,0.039396455679999415,0.03175855843999902,0.055220530680000664,0.9408506984799923
1980-11-01,0.8963801144799959,0.042704212960000376,0.01940016632000053,0.07185214604000065,0.9022410186000047,0.03885535935999876,0.03176773895999898,0.05505476540000026,0.9417444775200016
1980-12-01,0.8965777844800229,0.0428714830799995,0.019048178360000497,0.07190622099999976,0.9020331406400216,0.03813516692000018,0.03151599603999874,0.05509538920000024,0.9428166479200056
1981-01-01,0.8966225751199942,0.04290125788000019,0.01881206252000088,0.07191836075999884,0.9020249868399822,0.0375660664799994,0.031459055679998654,0.05507375239999947,0.9436218761599929
1981-02-01,0.8967068129199899,0.04300737860000006,0.01856082100000118,0.07181926811999959,0.901943698400002,0.036924093039999585,0.03147390515999884,0.05504892867999946,0.9445150758399832
1981-03-01,0.8968136416799912,0.04316464916000096,0.01820304096000109,0.07187569796000078,0.9018032407600164,0.03624234320000036,0.031310648799999306,0.05503209888000066,0.9455546253600128
1981-04-01,0.8968826751999858,0.04301307451999911,0.01783276904000086,0.0717125181199992,0.9020640908400318,0.035551417640000374,0.031404799359998896,0.05492282763999939,0.946615813919995
1981-05-01,0.8967903673999954,0.04311451627999999,0.017496509960001495,0.07179435447999995,0.9017321019199811,0.034980533279999726,0.03141528607999925,0.05515336500000016,0.9475229598399856
1981-06-01,0.8966510651199969,0.04322564239999954,0.01722261284000167,0.0719541209599995,0.9017679745200095,0.03429783203999916,0.0313948275999982,0.0550063775200003,0.9484795500800105
1981-07-01,0.8967785950399976,0.043324924520000946,0.016900027400001728,0.0718223325599994,0.9016499903599716,0.03370879700000015,0.03139906531999867,0.05502509916000015,0.9493911648800176
1981-08-01,0.8970028916800064,0.04329360811999922,0.016578906520002115,0.07175411136000083,0.9015925425599821,0.03323539687999938,0.031243030559998778,0.05511387408000102,0.9501856953599902
1981-09-01,0.8971416687200031,0.04356316595999911,0.016378298240001928,0.07175624215999904,0.9012228265999845,0.03271746591999989,0.031102085799998846,0.055213986640000656,0.9509042481999899
1981-10-01,0.8968871116400048,0.04335637428000018,0.016182972240002244,0.07181742076000092,0.9015694311999932,0.0322295662799989,0.03129547243999901,0.05507418967999989,0.9515874478000158
1981-11-01,0.8968667591200029,0.04332083395999934,0.015770986840002096,0.0718443076,0.9014780857199937,0.03166796276000007,0.03128894359999853,0.055201085200000305,0.9525610562799954
1981-12-01,0.896868487719996,0.04333535355999968,0.015583289600002062,0.07181355103999815,0.9014217858400001,0.031178517480000095,0.03131795807999853,0.0552428544800001,0.9532381869599879
1982-01-01,0.8965942268799899,0.04327012331999993,0.015279162800001949,0.07193724811999848,0.901457947399999,0.03071372083999954,0.03146852399999895,0.05527192988000145,0.9540070979999864
1982-02-01,0.896804063320011,0.04373741603999945,0.015083467360002496,0.07182572043999871,0.9006711764400115,0.03255843935999959,0.03137021691999847,0.055591405600000095,0.9523580937599974
1982-03-01,0.8979364059199859,0.044810307840000244,0.015230542880002149,0.07155973360000017,0.89959054984,0.04301267211999891,0.030503860759998894,0.05559915708000112,0.9417567949199924
1982-04-01,0.8980075603200005,0.04464921944000041,0.015197155440002101,0.07177284656000245,0.9007173226800111,0.045488342519999905,0.030219598639998884,0.05463346831999919,0.93931450000001
1982-05-01,0.8981127773199986,0.044285420079998535,0.015185105840002409,0.07188147759999867,0.9018170765199991,0.045564986999999856,0.030005755879998448,0.05389750892000028,0.9392499152800001
1982-06-01,0.8985921295199846,0.04465465331999987,0.01521309648000235,0.07183838231999935,0.9017660729200069,0.045662673119998116,0.02956948183999834,0.0535792776400019,0.9391242339200093
1982-07-01,0.89827596468001,0.04400489632000177,0.015228698840002296,0.07210754572000043,0.9033936760000292,0.045562161279999534,0.029616493839999265,0.05260141612000042,0.9392091378400077
1982-08-01,0.8975410700799996,0.04195038799999969,0.015200042400002164,0.07217885587999985,0.9070000596400027,0.04538268408000069,0.030280079799998666,0.05104955156000021,0.9394172630399802
1982-09-01,0.8972181220400077,0.04123172923999919,0.015129108560002099,0.07169579648,0.9095926531600094,0.04524362171999984,0.031086081239998394,0.04917560616000175,0.9396272659599944
1982-10-01,0.8975647756399905,0.042911593999998734,0.015083871880002039,0.0714074273600001,0.9083903650799888,0.045161568199999044,0.031027811359999127,0.04869803439999971,0.9397545570799969
1982-11-01,0.9013008027600055,0.05567061223999881,0.015126251840002304,0.07018572575999849,0.8935818210400004,0.04531550364000035,0.028513459479999063,0.05074756683999929,0.9395582360400007
1982-12-01,0.9052024237999908,0.0632397868800012,0.015126688240001933,0.06824819599999954,0.884630614279988,0.04537764688000018,0.026549392879998992,0.052129591439999616,0.9394956629200208
1983-01-01,0.9072462151999998,0.06176417267999779,0.0151144360400019,0.06640112736000153,0.8869148135200063,0.04527904712000027,0.026352642919998743,0.05132099496000003,0.9396065370399957
1983-02-01,0.9093746519199956,0.059692430600000304,0.015125377360002058,0.06435565843999932,0.889866568879993,0.045280559839997965,0.026269680279999024,0.05044099283999919,0.9395940516399991
1983-03-01,0.9113527082000099,0.05805557608000041,0.015052866320002056,0.0627883802000003,0.8921655279199889,0.04513317784000011,0.02585891687999923,0.04977890576000013,0.9398139521999954
1983-04-01,0.9132671227199914,0.05697447672000068,0.015023338680002286,0.061134013920000514,0.89370689232001,0.04511600876000122,0.025598863079999423,0.049318613480000384,0.9398606554800017
1983-05-01,0.9154714082800027,0.055713654880000234,0.01503992820000193,0.05928737316000069,0.8953210457999881,0.04512782119999991,0.02524121939999906,0.048965288160000564,0.9398322521600094
1983-06-01,0.9178100021600161,0.0538344811600016,0.014981577200002146,0.05725021488000134,0.8978295743200021,0.04512134559999897,0.024939784119999607,0.04833594516000125,0.9398970845599962
1983-07-01,0.9199271211600111,0.052227073120000356,0.014993055400002344,0.05536713583999947,0.8999880839200124,0.04499855588000168,0.024705746519998923,0.04778484692000044,0.9400083886799798
1983-08-01,0.9217005302000197,0.051160952880000284,0.0149696363200019,0.053794255999998083,0.9013189163999892,0.04493717492000061,0.02450520099999943,0.04752013144000008,0.9400931782799998
1983-09-01,0.9237143850400005,0.05019689463999967,0.014948254200002191,0.05215706867999969,0.902691456879986,0.044992566600000415,0.024128569559999733,0.04711165976000113,0.9400591764799958
1983-10-01,0.9256012650399922,0.049475707040001114,0.014936827560002168,0.050679174999999826,0.9036354687200068,0.044908151359999225,0.023719565719999385,0.046888845360000375,0.9401550264400005
1983-11-01,0.9273838038400043,0.04897040211999978,0.014948624680002196,0.04941924327999983,0.9043309149600024,0.04484182895999994,0.02319696603999979,0.04669867007999945,0.9402095363599785
1983-12-01,0.9289818713999816,0.04879792268000043,0.014949051440002178,0.048277941559999885,0.904474018679994,0.04487922656000056,0.022740181639999645,0.04672805563999961,0.9401717151200086
1984-01-01,0.9306603251199977,0.0486729641600004,0.014955354840002153,0.04715634843999942,0.9047056112400256,0.044937992760000815,0.02218332679999996,0.04662143228000069,0.9401066663200056
1984-02-01,0.9318278292800035,0.048849281880000824,0.014951784480001834,0.046375711320000124,0.9042830889200041,0.0448690332400003,0.021796483680000284,0.046867621199998495,0.9401791723199848
1984-03-01,0.9331232935999955,0.04930573519999972,0.014927916240001879,0.0456999473199996,0.9037437623199966,0.04490461247999894,0.021176776559999944,0.04695050472000018,0.9401674675199967
1984-04-01,0.9348920012800184,0.04950003955999998,0.014907742080002215,0.04447335919999931,0.903505407879995,0.04479666184000053,0.02063465348000013,0.04699454432000019,0.9402955889199962
1984-05-01,0.9364019948800112,0.04944035103999913,0.014849216800002117,0.04336656563999837,0.9035482499600188,0.04490197683999971,0.02023143816000027,0.04701140640000071,0.9402488072000007
1984-06-01,0.9376522315599964,0.049461377079999785,0.014938281640001954,0.04249495928000114,0.9035686998000122,0.044887539520000165,0.01985279024000061,0.046969927360000725,0.9401741655200098
1984-07-01,0.9388739140000155,0.04930219756000076,0.014939659520002225,0.04164248435999921,0.9037197093199978,0.044868320400001445,0.01948358452000055,0.0469780855999999,0.9401920190799897
1984-08-01,0.9401225229199653,0.04937854844000027,0.014916480120001987,0.04083796144000075,0.9036039372800189,0.044814006559999994,0.01903949852000052,0.047017522800000294,0.9402694973200084
1984-09-01,0.9412056042800019,0.049467423120000194,0.01487836972000199,0.040077636079998855,0.9034786243199787,0.0447905211600004,0.018716759440000695,0.04705397252000021,0.9403311164800109
1984-10-01,0.9423709962000171,0.0493423778800003,0.01489377432000261,0.03931107551999987,0.9036381077999879,0.04479136612000097,0.018317912720001155,0.047019515560000204,0.9403148526800131
1984-11-01,0.9434975101600311,0.0492410001600001,0.014903043120002032,0.03850166543999954,0.9038115607200088,0.044723433960001314,0.01800082176000145,0.046947442159999686,0.9403735199200083
1984-12-01,0.9445319455599992,0.048936552640000276,0.014884065880001986,0.03775340159999995,0.9040453760800026,0.044752773720000395,0.017714659280001627,0.047018066199998584,0.9403631506000003
1985-01-01,0.9455307064799924,0.04875255751999932,0.014850033120001882,0.03696601052,0.904338309200006,0.04476583544000048,0.017503276080001146,0.04690911944000008,0.9403841331200021
1985-02-01,0.9464690570400066,0.04851431916000034,0.014870400640002095,0.03624301247999957,0.9047384594400051,0.04471646591999979,0.01728792592000146,0.04674722820000046,0.9404131459600039
1985-03-01,0.9473903844399852,0.04834066348000021,0.01484174932000184,0.03559295972000035,0.9049103744400001,0.0447328630000001,0.017016637080001815,0.04674896212000019,0.9404253806800168
1985-04-01,0.9484412187999752,0.04812509775999979,0.01486407128000225,0.03491028708000004,0.9052112903999991,0.04472195751999982,0.016648482960001793,0.04666362556000059,0.9404139558400211
1985-05-01,0.9492244192399951,0.04799996704000131,0.014889924760002378,0.034313178600000036,0.9054053849600202,0.04467515192,0.016462402240002044,0.04659465452000203,0.9404349236399755
1985-06-01,0.9500164119999783,0.04785937631999968,0.014866874520001988,0.03378102296000004,0.9056276133200116,0.04471458856000067,0.01620256384000218,0.04651301219999903,0.9404185448799909
1985-07-01,0.95092792288001,0.047572314760000636,0.014808494640002088,0.033099666759999695,0.9059735057599962,0.0446063300000004,0.015972406360002092,0.04645419775999999,0.9405851626800064
1985-08-01,0.9516997757999744,0.04754190492000068,0.014802400160002177,0.032548274519999976,0.9060107558800015,0.044573810080000366,0.0157519568400021,0.0464473361200002,0.9406237983599898
1985-09-01,0.9524927683200031,0.047322921600000824,0.014894082280002168,0.031969918199999996,0.9062568647199859,0.04453593636000076,0.015537317880002371,0.04642021223999877,0.9405699858000047
1985-10-01,0.9533325314400056,0.04703062608000047,0.014829376960002517,0.031406521239999804,0.9066807901200055,0.04456007236000084,0.015260949880002296,0.04628858900000083,0.9406105396000176
1985-11-01,0.9538619860800145,0.04696478184000032,0.014839721920001896,0.0309988630399997,0.9067383344000095,0.04462506252000109,0.015139129480002123,0.04629688604000179,0.9405352094000042
1985-12-01,0.9545407469999934,0.0470159580800007,0.014768624320001877,0.030552132840000138,0.9067388793200111,0.04457319992000045,0.014907080200002032,0.046245155000000336,0.9406581730400183
1986-01-01,0.9552761929200051,0.046782416640000005,0.014865969720002089,0.030036673599999352,0.9070101751199972,0.04459878100000179,0.014687129720002254,0.04620740403999976,0.9405352309599937
1986-02-01,0.9558707220800026,0.04672900023999921,0.014824155120002241,0.02961475203999966,0.9071349653999999,0.044601376959999606,0.014514519120002078,0.04613604463999978,0.9405744658400101
1986-03-01,0.9564102652400054,0.046650792919999254,0.01480843548000186,0.02923366907999932,0.9072812263600054,0.04457470272000082,0.01435605732000194,0.04606799695999956,0.9406168495999994
1986-04-01,0.9571425116799814,0.04672599932000049,0.014786942200002144,0.02872597407999952,0.9071695857999984,0.04447371431999938,0.01413151836000205,0.04610441379999925,0.940739335320008
1986-05-01,0.9577116790799968,0.04670678407999988,0.014813617800002196,0.028409658440000745,0.907090433920002,0.044498508560000885,0.013878657320002088,0.04620277548000007,0.9406878745600011
1986-06-01,0.9583820542799876,0.04670572576000074,0.014829042240002588,0.02789449379999975,0.9071799486799962,0.044583420480000684,0.013723458240002175,0.046114330280001344,0.9405875433600199
1986-07-01,0.9588128991999911,0.04670851159999914,0.014831773160002148,0.027637260439999305,0.9070941061999951,0.04446020919999988,0.013549847880002089,0.046197373959999406,0.9407080224799794
1986-08-01,0.9593638255999851,0.046622902760000175,0.014783434320001933,0.027259598039999916,0.9072018865199923,0.044614635359999294,0.013376573040002242,0.04617522331999958,0.9406019284800069
1986-09-01,0.9599633322800023,0.04665042632000066,0.01481704632000201,0.026857940599999842,0.9071480219199888,0.044471373960000025,0.013178721120002162,0.0462015553199998,0.9407115794399997
1986-10-01,0.9604783679999968,0.046627022760000275,0.0147593801600021,0.02649518407999935,0.9072693330000012,0.04450996227999942,0.013026443400001976,0.04610365788000024,0.9407306660400038
1986-11-01,0.9610274138000142,0.046583227359999466,0.01473872436000225,0.026112247880000244,0.9072351721599975,0.044481464440001714,0.01286033972000208,0.04618159880000013,0.9407797933599892
1986-12-01,0.9615208049999754,0.04656796135999955,0.014787606840002201,0.025770166439999853,0.9072287464399941,0.044445614959999644,0.012709016840002205,0.04620327712000069,0.9407667918400041
1987-01-01,0.9619362211599758,0.04661015228000202,0.014754474040002208,0.025532081799999995,0.9071906153199996,0.04436301228000041,0.012531692320002145,0.04619922904000058,0.940882515559985
1987-02-01,0.9623802232000263,0.046431730160000385,0.014768287200001997,0.025235332399999914,0.9074274985600087,0.044428242279999884,0.01238442172000197,0.04614076219999937,0.9408034661600038
1987-03-01,0.9628313223600022,0.04638434204000167,0.014766141800002327,0.02495492560000006,0.9075806753600008,0.04439586575999894,0.012213751240002334,0.04603497951999959,0.9408380087999996
1987-04-01,0.9633927422799999,0.046428061359999405,0.014760891920001792,0.02451466092000017,0.9075873873200001,0.0444295731200005,0.0120925943600021,0.045984557639999125,0.9408095437200115
1987-05-01,0.9637053116800058,0.046371403560000246,0.014755192840002087,0.02429939635999965,0.9075940283600125,0.04449018924000003,0.011995299040001966,0.04603457192000012,0.9407546123599974
1987-06-01,0.964185173680013,0.046258526080000494,0.014769399000002025,0.023977797559999993,0.9077172515199915,0.044309428640000405,0.011837039000001716,0.04602421436000084,0.9409211846400026
1987-07-01,0.9645615339200226,0.0462508039999994,0.014800471640002033,0.023720381080000023,0.9077588683599954,0.044402550079999784,0.011718092240002103,0.04599031628000047,0.9407969724799977
1987-08-01,0.9650614079599866,0.04632588872000013,0.014762140400002148,0.023409680599999667,0.9076260939200179,0.044380169639999405,0.011528913960001842,0.04604803784000093,0.9408576864400039
1987-09-01,0.9653676360000116,0.04648935891999978,0.014776699040001983,0.02319552615999976,0.907403601639987,0.044368145239999615,0.01143682592000169,0.046107049840000455,0.9408551645199947
1987-10-01,0.9657620267599899,0.04647049703999923,0.014774789480001814,0.0229401887199998,0.9074616439200196,0.04432668204000157,0.01129778548000192,0.04606785892000056,0.9408985181199928
1987-11-01,0.9661714234000213,0.04663132859999948,0.01475543140000196,0.022667272159999752,0.9072262648399931,0.04443208476000094,0.011161303600002054,0.0461424212400003,0.940812457840004
1987-12-01,0.9665652289199895,0.04653979800000035,0.01474047860000189,0.022377082000000187,0.90721193,0.04434252508000047,0.011057695320001733,0.04624826740000047,0.9409170020399708
1988-01-01,0.9670055027600093,0.04649206480000063,0.014717234080002271,0.022109943039999542,0.9072656637600004,0.044387277360000754,0.010884549480001917,0.0462422584399993,0.9408954681599793
1988-02-01,0.9673745846800031,0.04662974408000023,0.014756362960001868,0.02181397204000028,0.9070894460399994,0.0443396196000002,0.010811443560001638,0.046280798040000425,0.9409040254800095
1988-03-01,0.9676853745599968,0.04658520700000096,0.014772606560002004,0.021625897640000318,0.9072138286799971,0.04441785407999947,0.01068873524000193,0.046200971879999664,0.9408095482800116
1988-04-01,0.9680843542399874,0.04662141967999873,0.014760959000002303,0.02138878515999994,0.9071740425200008,0.044384233600000204,0.010526871280001593,0.046204531879999865,0.9408548191999969
1988-05-01,0.9683458627200148,0.04651445891999969,0.014715716040002049,0.02120676611999996,0.907230694160011,0.04438661064000054,0.010447387640001655,0.04625485555999904,0.940897658559996
1988-06-01,0.9687120766399938,0.04657368380000071,0.014747769600002293,0.0209569051600005,0.9071470304400073,0.044367926600000294,0.010331018800001554,0.046279290239999354,0.9408842936400041
1988-07-01,0.9690161021200041,0.046628130439999416,0.014712525600002038,0.020734384599999937,0.9071165394000109,0.044436247160000567,0.010249501120001541,0.0462553218800009,0.9408512288399958
1988-08-01,0.9693064801600026,0.046601579159999906,0.014773035960002156,0.02057529284000048,0.9070856484799887,0.04425282172000032,0.010118224360001612,0.046312779759999784,0.9409741388399986
1988-09-01,0.9696433202799951,0.04662216248000128,0.014756356840002049,0.02036330156000046,0.9070073451999967,0.04432671512000067,0.009993367920001767,0.046370504799999185,0.9409169267599641
1988-10-01,0.969908506,0.04661345567999825,0.014785015520002073,0.02016078180000021,0.9070411740800081,0.044303368799999486,0.00993072072000142,0.04634536004000056,0.940911632760004
1988-11-01,0.9702920868000168,0.046625696720000505,0.014796105440001973,0.01989331704000049,0.9069126716799989,0.044423451039998646,0.009814595040001562,0.046461638800000954,0.9407804325600108
1988-12-01,0.9705235570799916,0.046562372120000785,0.014728848320002177,0.019754881440000923,0.9071295943999944,0.044266820560001655,0.009721547240001736,0.04630802068000042,0.9410043197200001
1989-01-01,0.9707723188000021,0.04662261063999969,0.014717252800001822,0.0196099764000008,0.9070292788400106,0.04433166891999937,0.009617716440001513,0.04634809916000031,0.9409510799999994
1989-02-01,0.9710241530800002,0.046810061120000745,0.014746702880002224,0.019465646040000804,0.9067981263200054,0.0443068674000005,0.009510183080001353,0.04639180500000042,0.9409464168400082
1989-03-01,0.9711534112399716,0.04695465084000086,0.014770573480002396,0.019396475080000378,0.9065215464799834,0.04429026116000023,0.009450118400001269,0.046523800439999825,0.9409391796799811
1989-04-01,0.9711055976400293,0.04697414824000042,0.014712381320001982,0.019559267480000486,0.9065788745199955,0.044301321479999795,0.009335128200001404,0.04644698071999908,0.9409862857600092
1989-05-01,0.9699476866399944,0.04694731136000025,0.014700670600002033,0.02077315112000033,0.906584079600005,0.04431830031999994,0.009279164280001485,0.046468591799999945,0.9409810235199819
1989-06-01,0.9692332363200021,0.04681379912000041,0.014744047400001892,0.021569526479999688,0.9069760928000111,0.04423920464000013,0.009197250600001308,0.04621011328000121,0.9410167752800148
1989-07-01,0.9695343928800187,0.04682099619999975,0.01470773180000232,0.021306950400000427,0.9071805679199996,0.044338586480000775,0.009158662000001577,0.0459984416800008,0.9409536814400195
1989-08-01,0.9710418501199961,0.04740218543999881,0.014676524720002148,0.019920360959999852,0.9062921462000194,0.04425747584000117,0.009037790920001416,0.0463056621600001,0.9410660042800051
1989-09-01,0.9723799621600143,0.04795995168000081,0.01475795740000235,0.018725677480000962,0.9053286034399802,0.04426345359999873,0.008894361320001268,0.046711433120000714,0.9409785859599944
1989-10-01,0.9726866224399849,0.047875970519999415,0.014682818160002099,0.01847245676000082,0.905358310760012,0.04432048955999997,0.008840932000001238,0.04676570607999982,0.940996705480008
1989-11-01,0.9729351108000042,0.047995495200000814,0.01472157300000201,0.018293359040000894,0.9052994285200102,0.04435596472000047,0.008771535560001167,0.04670505847999996,0.9409224654800084
1989-12-01,0.973187180839998,0.048007700200000204,0.014714670000002135,0.018114173600001164,0.9052173400399982,0.04428653151999898,0.008698654480001067,0.04677494543999947,0.9409988067200156
1990-01-01,0.973194089600003,0.048103600080000385,0.01476008224000225,0.018219137880000593,0.9049980391600163,0.044348559480000015,0.00858675668000121,0.046898354960000097,0.9408913586000213
1990-02-01,0.9729282296000086,0.048233119679999666,0.014795614160002406,0.01854345880000106,0.9048362810400196,0.044253391239999135,0.008528313720001212,0.04693059831999991,0.9409510048400028
1990-03-01,0.9726352969999827,0.04819959239999988,0.01474229992000232,0.018902862040000364,0.9050003645999851,0.04433115635999951,0.008461841480001142,0.04680004172000066,0.9409265177200098
1990-04-01,0.9735938170000099,0.04833133459999963,0.014732546400002069,0.01801973948000118,0.9047558856800113,0.04439128511999909,0.008386434240001274,0.04691278711999983,0.9408761788000122
1990-05-01,0.9743349907999898,0.048502299240000254,0.014770885320001786,0.017395471640001194,0.9043943287200051,0.04440242332000065,0.008269508560000997,0.047103370600000916,0.9408267069200102
1990-06-01,0.9744990242800035,0.048626064520000074,0.014744319040001815,0.017287787760001467,0.9043244507599763,0.04436637015999957,0.008213187680001045,0.0470494878800013,0.9408893235200061
1990-07-01,0.9747023130399899,0.04861923555999926,0.014729077000002247,0.017145040920001443,0.9042110228799974,0.044400125480000614,0.00815265260000098,0.04716973780000043,0.9408707952400046
1990-08-01,0.9740671435600006,0.04856391784000034,0.014741709560001825,0.017857709560001375,0.9043953466000055,0.044277289200000715,0.00807513708000092,0.04704072691999988,0.9409809932399925
1990-09-01,0.9688862858799887,0.0483671253600003,0.014681446960001978,0.02300185059999968,0.9050948977200081,0.044262120120001164,0.008111865640001017,0.04653800700000047,0.9410564255600005
1990-10-01,0.966498740240001,0.04759600708000077,0.014650156640002134,0.025370109760000675,0.9068407682000137,0.04406018759999966,0.008131151240000982,0.04556324495999992,0.9412896484800223
1990-11-01,0.9664474378800113,0.04696701616000014,0.014602148160002344,0.025456532039999546,0.9080228963200085,0.04390238055999996,0.008096025160000988,0.04501008068000143,0.9414954790800029
1990-12-01,0.9664097986000036,0.046499882440000466,0.014536436320002124,0.02545788644000044,0.9090347658800079,0.04379277764000127,0.008132318080001116,0.04446536348000004,0.9416707890400224
1991-01-01,0.9663414240399986,0.045964055960000326,0.014474114080002152,0.02553522907999938,0.9102076482399969,0.04368670052000003,0.008123343600000919,0.04382829368000004,0.9418391764000187
1991-02-01,0.9661890272399963,0.04528417292000105,0.014456432160002032,0.025646654400000166,0.9117531518399947,0.0435675233199999,0.008164322080000973,0.04296265740000092,0.9419760402000085
1991-03-01,0.9659173853200048,0.04587416904000003,0.014520584560002082,0.025841503560000263,0.9120871909999934,0.0435727200400003,0.008241104880000955,0.04203863212000032,0.941906697079997
1991-04-01,0.9655798250799852,0.04722611971999888,0.014451856200001847,0.02615256584000018,0.911521498079987,0.043521285079999444,0.008267602040001121,0.04125238439999999,0.9420268681200025
1991-05-01,0.9651743004000048,0.04806194052000044,0.014472759960002064,0.026507469439999994,0.9113202133199988,0.04346036056000138,0.008318232040001119,0.04061782400000074,0.9420668975999863
1991-06-01,0.9654326618000054,0.05173596696000001,0.014495220000002291,0.026286541039999722,0.9074861714799968,0.04340273880000062,0.008280783960001002,0.04077784188000054,0.9421020460800117
1991-07-01,0.9663677196399958,0.05644792352000031,0.014492770720002225,0.02556380596000005,0.9018449995199974,0.04354287539999983,0.008068469200001097,0.04170707992000019,0.9419643628800178
1991-08-01,0.967122864719996,0.058623751640000665,0.014524172680002055,0.025000572239999908,0.8989330529600066,0.04355936399999984,0.00787656248000094,0.04244319084000061,0.9419164534000131
1991-09-01,0.9673684695199877,0.058755802840000516,0.014495814640002184,0.02477200864000012,0.8988882807199954,0.04355727127999991,0.00785951136000087,0.042355924240001,0.9419469207599831
1991-10-01,0.9676058305600035,0.05872253536000016,0.014486279400002192,0.024618261839999413,0.899031753080022,0.043652927879999914,0.0077759108800010196,0.04224571268000064,0.9418607935599949
1991-11-01,0.967768448639998,0.05834726816000032,0.014478084960002578,0.02448779747999982,0.8995458192000126,0.043553531120000634,0.0077437621600010415,0.04210689972000073,0.9419683888800127
1991-12-01,0.9678489788400086,0.058220525640000874,0.014529630720002,0.024442820080000035,0.8998668772000159,0.04347155899999967,0.007708202640000989,0.04191258784000028,0.9419988154799734
1992-01-01,0.9679370401999852,0.05794025783999988,0.014458278480002118,0.024381546560000106,0.9003401795600027,0.043561566599999955,0.0076814022400008165,0.04171957964000029,0.9419801610800039
1992-02-01,0.9681025910399964,0.05768498836000046,0.014523268680002437,0.02428207344000054,0.9008054733200309,0.04354061752000057,0.007615330080001116,0.04150950267999974,0.9419361025999985
1992-03-01,0.9682071767600157,0.05749385004000128,0.014400631960002333,0.024213855320000914,0.9012304146799907,0.04345537920000016,0.007578973800000849,0.04127572919999963,0.9421440047600063
1992-04-01,0.9683776567999928,0.05724797816000018,0.0144703248800022,0.02405615264000016,0.9015437063200071,0.04340678196000042,0.00756619360000091,0.0412083303999999,0.9421228978399985
1992-05-01,0.9682968061199869,0.05678867752000036,0.014384347800002346,0.024121628240000168,0.9023827508399892,0.04335087668000069,0.007581558400001094,0.0408285567199995,0.9422647705200118
1992-06-01,0.9684342549600137,0.0564505995200025,0.01438968416000206,0.024014734960000002,0.903010361519987,0.0433742697199997,0.007551018000000891,0.040539029280001436,0.9422360581600088
1992-07-01,0.9684405026000018,0.055940219639999234,0.01445128700000235,0.024004269799999842,0.9038418943200012,0.04336000548000103,0.007555223520000842,0.04021788895999978,0.9421887099599966
1992-08-01,0.9685110340799904,0.05572593028000039,0.01445205340000189,0.023963556720000195,0.90424954112,0.04334480844000005,0.007525413600001048,0.04002453336000086,0.9422031423599874
1992-09-01,0.9685624561600084,0.055269157359999994,0.014402758560002189,0.023940452520000342,0.904953090040004,0.043256613479998984,0.007497089000000964,0.039777762919999675,0.9423406109999998
1992-10-01,0.9686162731599816,0.05477087540000082,0.014339366960001947,0.023895201280000295,0.9058986054399886,0.04318123240000019,0.007488516520000965,0.03933050147999967,0.942479382600002
1992-11-01,0.9684959873599926,0.054195668120000054,0.014350877640002093,0.024007002839999795,0.907043166720009,0.04318326123999939,0.007496998760000821,0.038761161000000696,0.9424658594400088
1992-12-01,0.9684241755599835,0.053308417400000786,0.014320192320002421,0.024058344880000488,0.9084489441600094,0.043125126160000006,0.007517483080000828,0.03824265052000079,0.9425546961200075
1993-01-01,0.9684759130400069,0.05307337444000034,0.01428101596000207,0.02399249620000045,0.9088631857999856,0.043166753040001206,0.007531586560000807,0.03806342932000077,0.9425522264400049
1993-02-01,0.9684327075999943,0.05235952032000171,0.014313811840002221,0.024065070880000275,0.9100684121599903,0.04296514436000015,0.007502222840000976,0.03757207720000081,0.9427210361200065
1993-03-01,0.9685893121600007,0.051747719720000876,0.014267086640002138,0.023861983440000154,0.9111379536399906,0.04303721460000052,0.007548699480000924,0.03711432792000032,0.9426956917600106
1993-04-01,0.9684571607600256,0.05112154708000054,0.014272822320002336,0.02401070335999947,0.9122703220400181,0.042925555840000185,0.007532160680001141,0.03660812864000007,0.9428016101200051
1993-05-01,0.9685319166800272,0.050528472719999974,0.014220023120002244,0.023959816919999447,0.9132917926000117,0.042893136000001233,0.0075082582400008546,0.03617972264000052,0.9428868405599972
1993-06-01,0.9685112859599889,0.04992275271999968,0.014243166960001911,0.023952921000000117,0.9142262994399831,0.04275402931999943,0.007535788680000958,0.035850936320000325,0.9430028074800012
1993-07-01,0.9685063432399862,0.049086028760000275,0.014180474000002065,0.02395678120000009,0.9156704505999876,0.04274222080000114,0.007536881560001163,0.035243513120000215,0.9430773076399752
1993-08-01,0.9684351418799779,0.04832939144000014,0.014160175320001857,0.024016341800000448,0.9169161031199887,0.0426500192800006,0.007548520520000972,0.034754518720000425,0.9431897971600014
1993-09-01,0.9685481174399839,0.04769452124000005,0.01413211228000236,0.02391686104000039,0.9179103488800103,0.042573767960000425,0.007535019760000885,0.03439512236000033,0.9432941344399826
1993-10-01,0.9686538333999942,0.04711457195999948,0.014140157520002056,0.023815651160000118,0.9189538473199799,0.042614406519999606,0.007530509760001017,0.03393157356000001,0.9432454234000194
1993-11-01,0.9687322396800009,0.04661223072000091,0.014128013880002236,0.02374732059999961,0.9197752661199919,0.042613784720001165,0.00752043688000106,0.033612497000000366,0.9432582051199967
1993-12-01,0.9687779483200152,0.04611746424000062,0.01407345504000195,0.02368905792000044,0.9205884815600138,0.04250999740000059,0.007533002640001031,0.03329405856000038,0.9434165536799866
1994-01-01,0.9689835964000062,0.04564173739999959,0.014073422760002275,0.023568559239999218,0.9213320603599908,0.04244787055999955,0.00744783728000112,0.033026193760000974,0.9434786975600117
1994-02-01,0.9691006422000042,0.04517183691999955,0.014080678040002036,0.0234209926400005,0.922071740480007,0.042327886919999544,0.007478363560001006,0.03275643223999991,0.943591442679998
1994-03-01,0.9693001410800074,0.044982847800000274,0.014115979120002061,0.023267806880000037,0.9223764455600008,0.0423532693200006,0.007432050680000913,0.032640702400000304,0.9435307454400225
1994-04-01,0.9694919149199871,0.04464272788000085,0.014072259160002383,0.023114560560000153,0.9229518882399904,0.04229300840000046,0.007393517040000952,0.03240538872000026,0.9436347096000065
1994-05-01,0.9696477658800163,0.04440038883999999,0.014017743640002123,0.023017050520000595,0.9233351258400055,0.04231318812000074,0.007335175840001058,0.032264463439999926,0.9436690546399867
1994-06-01,0.9697956810799953,0.0439794475200016,0.014047628280002012,0.022882695040000164,0.9238903396799973,0.04230248308000035,0.007321625440000903,0.03213020896000068,0.9436498832799876
1994-07-01,0.9699935002000168,0.04397313635999961,0.01406191132000204,0.022695445000000113,0.9239268993599986,0.042305987320000085,0.007311071200000907,0.032099949880000665,0.9436320979599984
1994-08-01,0.9701509224799705,0.043809241039999225,0.014084862800002356,0.022631404880000424,0.9242251041200107,0.04233455280000036,0.007217676440001018,0.03196566859999989,0.9435805977200078
1994-09-01,0.9704175202399976,0.04367606299999998,0.014034049960001963,0.02237685083999981,0.9244547945200314,0.04228084880000058,0.007205631680000987,0.03186914204000004,0.9436851000400021
1994-10-01,0.9705260268800112,0.04361687884000025,0.013990789080002189,0.022301475640000373,0.9245465179599998,0.04228555696000008,0.007172494600001021,0.031836609120000435,0.9437236480800003
1994-11-01,0.9707972412800095,0.04345634292000064,0.0140420584400016,0.022094936320000206,0.9247653236800106,0.04220871659999946,0.007107808000001088,0.031778322399999975,0.9437492293200083
1994-12-01,0.9709468058399979,0.04340053068000172,0.014029214240002365,0.021962853360000666,0.9249337833600094,0.04227757227999982,0.007090331680001068,0.03166568460000083,0.9436932142000048
1995-01-01,0.9711545157600001,0.0431626515600006,0.014042699760002206,0.02182970276000033,0.9251645258399919,0.04223441608000014,0.007015783040000931,0.03167281731999996,0.943722894199985
1995-02-01,0.9713085132399709,0.04314095335999981,0.014052586600001946,0.02172270880000039,0.9252165774800263,0.042263515520001425,0.00696876156000113,0.03164246664000028,0.9436838831999855
1995-03-01,0.971535174160007,0.04310122563999986,0.014033256360001658,0.021519144719999935,0.9252970812399883,0.042250265400000535,0.006945690840000879,0.031601672960000105,0.943716472600005
1995-04-01,0.9717005674799981,0.042967841120000703,0.014004180560002397,0.021386201160000128,0.9254953188799916,0.04222450308000044,0.006913236920001273,0.031536836080001074,0.9437713069999949
1995-05-01,0.9718338419999886,0.04286306051999924,0.013997370360002715,0.021285222799999656,0.9256254285199987,0.042250463280000775,0.006880939440000973,0.03151150276000056,0.9437521623600166
1995-06-01,0.9720778611999823,0.04287828343999907,0.014040161720002326,0.021105504080000243,0.9256738912400001,0.04211460103999973,0.006816628400000983,0.03144782879999983,0.9438452167600113
1995-07-01,0.9722276695599791,0.04283909664000028,0.014033195480002102,0.020988923200000002,0.9258103310000037,0.04216803496000011,0.006783418680001032,0.03135055411999993,0.9437987581999887
1995-08-01,0.9723586472400001,0.04262980280000003,0.013972445160002251,0.020869293480000006,0.9259473061600234,0.04211315511999965,0.006772071240000986,0.03142287299999993,0.9439143988400012
1995-09-01,0.9725305539199999,0.04272011631999979,0.013974869120002337,0.020763962319999905,0.9259323326400001,0.042105228480000284,0.0067054640800010504,0.031347548760000225,0.9439199249599761
1995-10-01,0.9727304364399838,0.04254866876000076,0.014039219040002032,0.02059674723999985,0.9261257106000027,0.0421324183600006,0.0066727904400008435,0.03132563939999938,0.9438283681599828
1995-11-01,0.9728425699200105,0.042513918320001336,0.01401433224000232,0.020519528760000023,0.9261687970399864,0.04215581592000044,0.006637896040001089,0.03131729275999994,0.943829849600006
1995-12-01,0.9730209414800367,0.042475996440000774,0.013972589600002467,0.020377762960000153,0.9263082198399714,0.04220758624000021,0.0066012808400010715,0.031215793520000337,0.943819820559989
1996-01-01,0.9731508445600058,0.042374729720000136,0.014004382920002077,0.02029922104000034,0.9263984668799891,0.04214082464000037,0.006549944760000934,0.031226792600000074,0.9438548104399995
1996-02-01,0.9733069664400094,0.0424013830800006,0.01399906888000194,0.020187962680000636,0.9264382852000005,0.042097565959999986,0.00650506844000102,0.031160332519999542,0.9439033654000192
1996-03-01,0.9734368109599865,0.04225428160000041,0.013982139400002057,0.02006699632000009,0.9266622438800025,0.04205834692000087,0.006496197880000891,0.031083458360000225,0.9439595055199919
1996-04-01,0.9735881972799755,0.04228016623999942,0.013919132440002199,0.019955084960000816,0.9266717867199911,0.042060476079999555,0.006456731720001012,0.031048047600000246,0.944020384040017
1996-05-01,0.9736871908400077,0.042265340440000465,0.01396905424000206,0.019878814920000314,0.9266720956399902,0.04199280476000117,0.006433987440000832,0.031062548240000144,0.9440381452800019
1996-06-01,0.9738939253599843,0.042183237800000946,0.013970369840002238,0.019753279560000375,0.9268293301999906,0.042039105800000705,0.006352806600000848,0.03098741976000014,0.943990517239997
1996-07-01,0.9739851925200038,0.042187244840000485,0.01393002256000189,0.019673737440000384,0.9268746201600232,0.04210529872000043,0.006341069520000858,0.030938138360000984,0.9439646716800163
1996-08-01,0.9740970844799908,0.04212887172000017,0.01401707096000215,0.01957140084000024,0.9269435192399946,0.042108354240000125,0.006331510000000957,0.030927608200000175,0.943874566560002
1996-09-01,0.9742469764400039,0.0420057769600003,0.0139738638800021,0.019456293920000135,0.9270394789599967,0.04202512084000064,0.006296712440000945,0.03095472720000014,0.9440010241999809
1996-10-01,0.9743527109599922,0.04201765771999931,0.013965775480002262,0.01940701544000026,0.9271298233200032,0.04200486535999977,0.006240275160001003,0.03085251583999984,0.9440293579600063
1996-11-01,0.9745128694000047,0.04201764700000084,0.01396160224000231,0.01928541700000031,0.9271368986400025,0.041985243200000855,0.006201718520000899,0.030845465359999727,0.9440531395199955
1996-12-01,0.9746322894399967,0.04207572760000049,0.014021117680001484,0.01918539992000044,0.9270990963200155,0.042045864759999496,0.0061823207600011434,0.030825186760000144,0.9439330201200096
1997-01-01,0.9747807196399791,0.04200568507999951,0.013962760120002247,0.019104326840000227,0.9272793424799993,0.04209334908000085,0.006114969680000843,0.030714964559999752,0.943943901359984
1997-02-01,0.9749028344400044,0.0419565507200001,0.013948467400001937,0.019003771440000337,0.9273278484399835,0.04197884100000121,0.0060933837600009675,0.030715593079999867,0.9440726904000142
1997-03-01,0.9749451809999948,0.04193038644000079,0.013924351280002547,0.018970480280000663,0.9274219929199932,0.04200739820000023,0.006084343960000867,0.030647605160000365,0.9440682500799903
1997-04-01,0.9750947689999914,0.04187775831999973,0.013906753080001805,0.018849026040000164,0.9274510865999829,0.04197822815999968,0.006056212440001042,0.030671163160000008,0.9441150228000054
1997-05-01,0.9751197311999914,0.04191664439999993,0.013949970680002022,0.0188594610400003,0.9274732612000188,0.041927837799999174,0.0060208076800008685,0.030610079079999627,0.9441221999599738
1997-06-01,0.9751322064799753,0.04187056156000073,0.013967870400002254,0.01886601620000087,0.9276105202399939,0.04201530972000001,0.006001765360000885,0.030518909760000865,0.9440168004800051
1997-07-01,0.9752227711199873,0.0418488751600001,0.013904304920002176,0.01880722220000025,0.9277226866000082,0.0418906202400009,0.005970001000000852,0.030428430720000222,0.9442050833600172
1997-08-01,0.9752664664800097,0.04175632108000026,0.013926762200001849,0.01878857644000016,0.9278850614799995,0.04190826640000026,0.0059449630400008335,0.03035863043999959,0.944164970519977
1997-09-01,0.9752548229600163,0.04179129096000024,0.013895982880002444,0.018812015240000438,0.92793274636,0.04194060408000063,0.00593316832000098,0.03027594848000017,0.9441634070399791
1997-10-01,0.9752304517199808,0.041901641080000225,0.013905316280002297,0.01886940784000056,0.9278837147599853,0.04202912872000108,0.005900152960000974,0.030214654199999746,0.9440655529200115
1997-11-01,0.975229099640012,0.04186080968000028,0.013921667960002415,0.018892591720000414,0.9280389201199997,0.0418601638,0.005878305760000976,0.030100272000000317,0.9442181770400101
1997-12-01,0.9752443791600048,0.04179835844000075,0.013952690920002018,0.018896570520000558,0.9281585371600044,0.04184125244000137,0.005859057040000909,0.030043119759999955,0.9442060550400087
1998-01-01,0.9752537437999911,0.04172530599999981,0.01392468212000239,0.018893586640000796,0.9283277611200073,0.04187004243999976,0.005852672920000945,0.029946935880000063,0.9442052713599933
1998-02-01,0.9752235636399842,0.04173266935999987,0.01387513116000202,0.018950535800000425,0.9284570987999837,0.04178539500000067,0.005825901400001031,0.02981022371999993,0.9443394891999998
1998-03-01,0.9753224505600123,0.041708869919999884,0.013855052520002156,0.01887821080000067,0.9284745517600095,0.04178555912000039,0.005799318240000979,0.029816597799999366,0.9443593933599915
1998-04-01,0.9753354942800021,0.04166033231999987,0.01388655772000229,0.01888715736000052,0.9287158922000046,0.04182176000000102,0.005777354480000889,0.02962378112000029,0.9442916735999962
1998-05-01,0.9751559794400029,0.041735244720000834,0.013878411680002303,0.019067342720000782,0.9287357358000098,0.041789755320001176,0.005776682640000864,0.029529026959999982,0.9443318362799813
1998-06-01,0.9751692500800229,0.041590467639999504,0.013847533280002182,0.01906272568000051,0.9290357180800028,0.04185667308000073,0.00576802720000106,0.029373808639999815,0.9442958010400119
1998-07-01,0.9748167359200008,0.04162370532000155,0.013865798040002111,0.019411071080000387,0.9292186600399931,0.04167651011999938,0.005772191360000994,0.02915763475999988,0.9444576761200006
1998-08-01,0.9747057640399894,0.04158163475999968,0.013837053560001937,0.019509113840000473,0.929482843679984,0.041620234600000264,0.005785126760000936,0.02893552476000023,0.9445427118000029
1998-09-01,0.9743897395599879,0.04139186820000031,0.013848451840002286,0.019837975360000645,0.92990949440001,0.041688508480000115,0.005772304440000859,0.028698654920000184,0.9444630450399912
1998-10-01,0.9740586551199892,0.041370009599999244,0.013817902360002072,0.020147561760000106,0.9301865329600046,0.041418587360000016,0.005793781240000937,0.028443467079999903,0.94476352387999
1998-11-01,0.9737814470000239,0.04133296240000103,0.013765079120002367,0.020422165000000495,0.9305475879200028,0.04142244559999966,0.005796399480000813,0.02811945567999974,0.9448124834800119
1998-12-01,0.9734729948800044,0.04124171688000059,0.013749795600002253,0.02071630207999974,0.930978580560004,0.04140592968000071,0.005810725720000755,0.02777970232000002,0.9448442748000045
1999-01-01,0.9729249864400222,0.041041317800000386,0.0137583537600022,0.021238989400000033,0.9315814894000093,0.04131946364000137,0.0058360220800008555,0.027377194599999863,0.9449221726000128
1999-02-01,0.9723837428800015,0.040897691360000876,0.013680745400001835,0.021702903000000384,0.9321942107199861,0.041237922239999884,0.00591336244000081,0.026908100440000488,0.9450813390800076
1999-03-01,0.9716880973599914,0.040687341640000485,0.013697870160001964,0.022352731840001153,0.9328760423200219,0.04110316032000002,0.005959159080000841,0.02643661115999992,0.9451989808799826
1999-04-01,0.9711909855200035,0.0405135010800006,0.013590164960002019,0.022799497799999843,0.9335843146399955,0.04103930164000024,0.006009521600000927,0.025902194040000465,0.9453705250800017
1999-05-01,0.9708207943600132,0.04036073044000096,0.013550835840002079,0.023154674919999535,0.9340975224400065,0.04096656564000135,0.006024533280000877,0.025541753920000233,0.9454825896800161
1999-06-01,0.9703268901199938,0.04016891352000042,0.013539828040002026,0.023606605320000116,0.9347471035600204,0.040842062639999635,0.006066522720000878,0.02508398204000011,0.9456181113599872
1999-07-01,0.9699917341600189,0.039994472200000006,0.013515110040002205,0.0239365664000002,0.9353113983200144,0.04074485039999972,0.006071688000000951,0.02469411480000049,0.9457400445199889
1999-08-01,0.9695813085200188,0.03973938907999892,0.013489519640002097,0.02428133912000009,0.935959446319998,0.040759838799999504,0.006137341800000862,0.024301148519999746,0.9457506454800103
1999-09-01,0.9694342262000084,0.03964817155999935,0.013512825760001988,0.024452824319999518,0.9362361735600138,0.040652491880000044,0.0061129366400008624,0.02411565811999972,0.9458346812399927
1999-10-01,0.969347486599996,0.03948960996000001,0.013446711480002028,0.02455269500000047,0.9366889582400125,0.04066383904000037,0.006099822320000967,0.023821434439999865,0.9458894311200065
1999-11-01,0.9693194988800073,0.03933326928000088,0.013453529280001776,0.024590861639999812,0.9370041471999971,0.04045113744000013,0.0060896326800009525,0.023662593440000067,0.9460953374400226
1999-12-01,0.9693061618399835,0.03933024451999989,0.013453504880001908,0.02460907132000025,0.9370414489999832,0.04056665327999932,0.0060847813600009406,0.023628306400000628,0.9459798325599998
2000-01-01,0.969428931519983,0.0391483361600004,0.01340553952000192,0.02450640212000041,0.9373481992799947,0.04062723835999905,0.0060646745200009415,0.02350347200000018,0.9459672264000136
2000-02-01,0.9695847433599998,0.0392474958399996,0.013413867560001808,0.024379563479999443,0.9372928190800116,0.04051502907999996,0.00603567992000105,0.02345967599999966,0.9460711169599828
2000-03-01,0.9698440826799953,0.03940858419999928,0.013457343880002113,0.024199814160000253,0.9369533936400035,0.04068894252000004,0.005956097880000761,0.023638036000000126,0.9458537178000096
2000-04-01,0.9701504863999977,0.03935712952000149,0.013420588680001996,0.02392252568000003,0.936989104360013,0.04054749699999951,0.005926982560001035,0.02365376648000012,0.9460318988800207
2000-05-01,0.9702913036400116,0.03940591803999951,0.013465379240002271,0.02379652692000073,0.9369758565999946,0.04054333180000001,0.0059121663600009925,0.0236182398000002,0.9459912966000259
2000-06-01,0.9707183539199922,0.03960893160000075,0.013403971960002268,0.023453211920000345,0.9364757567599963,0.040616825120000026,0.005828423320000762,0.02391531232000006,0.9459791974400367
2000-07-01,0.9711103678800123,0.039712126400000054,0.013474206120002157,0.023139984800000023,0.9362111131600019,0.04058311111999865,0.005749648960000773,0.02407676092000036,0.9459426852800012
2000-08-01,0.9714186968799869,0.039811092640000226,0.013475947320002494,0.022864916879999815,0.9360077403199888,0.04068830580000034,0.0057163910800010435,0.024181169199999623,0.945835751680004
2000-09-01,0.9716193838399996,0.03988898372000121,0.013423895960002355,0.022711212040000473,0.9358928375599848,0.04067593203999962,0.00566939864000086,0.024218190560000782,0.9459001977200083
2000-10-01,0.9719214203599958,0.039937148159999686,0.013499638920002213,0.02245633136000009,0.9357236852000002,0.040706716919999844,0.005622252000000799,0.024339156120000514,0.9457936338800085
2000-11-01,0.9722370096800068,0.040056977720000775,0.013474060440002059,0.02216917736000062,0.9354893341599971,0.04059553203999925,0.005593823800000877,0.02445370248000014,0.9459304163200055
2000-12-01,0.97248658944001,0.040075291880000107,0.013484721440002286,0.021971217960000632,0.9353624228000005,0.04060650843999987,0.005542187680000846,0.02456226648000048,0.9459087771200017
2001-01-01,0.973112276040027,0.04029048352000049,0.013558506680002162,0.02144221407999967,0.9347952585199745,0.04074286040000073,0.005445518360000923,0.024914257680000367,0.9456986330000077
2001-02-01,0.9734433871599849,0.04036537980000052,0.013510869560001821,0.021156288359999987,0.93452689940001,0.040806820200000274,0.005400323520000893,0.025107726119999684,0.9456823150799784
2001-03-01,0.9733361269599741,0.040334248880000666,0.01351246968000204,0.02127940904000019,0.9347854658000053,0.04074620243999988,0.005384459440000797,0.02488026688000049,0.9457413249599917
2001-04-01,0.9735552871999945,0.040319108240000526,0.013546403440002113,0.021090134040000225,0.9348030735200007,0.04071505640000006,0.005354597040000828,0.024877832279999807,0.9457385442800327
2001-05-01,0.9739728802000068,0.04044632180000056,0.013616550280002054,0.020719397359999843,0.9343490672400054,0.0408477145599997,0.005307723600000868,0.025204609080000367,0.9455357414400059
2001-06-01,0.9741899354000012,0.04054714327999858,0.013572473720002042,0.020546963519999836,0.934266541680003,0.040848752240000334,0.00526309412000064,0.02518631595999956,0.9455787867599931
2001-07-01,0.9738843246400042,0.040359075280000024,0.013520039520002122,0.020829620039999934,0.9348354219999767,0.040742592560000165,0.005286053200000852,0.024805499720000145,0.9457373689199885
2001-08-01,0.9737561285999909,0.040291701959999794,0.013514077080002284,0.0209620096399999,0.9350654101200093,0.040737023680000206,0.005281853760000906,0.024642886640000024,0.9457489203600096
2001-09-01,0.9736869838000008,0.040121004360000136,0.01351601704000205,0.02102888368000046,0.9354656714000181,0.0406811073200006,0.0052841407200008165,0.024413327240000057,0.9458028720400062
2001-10-01,0.9736004110799962,0.03994009483999973,0.013482853040002048,0.02112698704000026,0.9358354403200027,0.04060851716000072,0.005272610160000855,0.024224488800000044,0.9459086265199999
2001-11-01,0.973529372680023,0.03984221403999979,0.013452861080001833,0.021178677360000158,0.9361207485599871,0.04062577475999913,0.005291947600000783,0.024037053999999846,0.9459213482000232
2001-12-01,0.9735584131199996,0.03981133772000037,0.0134358243600022,0.02119706811999984,0.9362861630399717,0.04055021275999898,0.0052445075600007565,0.023902505640000033,0.9460139599200063
2002-01-01,0.973633901520001,0.0397281079999997,0.01348413820000253,0.021122416440000274,0.9364189267199733,0.0406205920000009,0.005243699320000725,0.023852955000000488,0.9458952765200026
2002-02-01,0.9737626360000105,0.03966506779999874,0.013434787400001974,0.021026741000000026,0.9364575615599923,0.04056927443999933,0.005210610920000781,0.02387737976000028,0.94599592496
2002-03-01,0.9738122437199788,0.03961799448000039,0.013427502160002096,0.020982605879999776,0.9366251893999995,0.040559899920000544,0.005205152760000745,0.023756821520000186,0.9460125962400073
2002-04-01,0.9738845255600057,0.0394418254799992,0.013489191960002039,0.020932499440000474,0.9368674671599906,0.040614933159998846,0.005182982840000752,0.023690700200000022,0.9458958837199851
2002-05-01,0.9739393146400017,0.03928648604000087,0.013389177560001896,0.020902433840000158,0.9370836747199826,0.04055799644000065,0.005158251040000822,0.023629831440000186,0.9460528180400075
2002-06-01,0.9741356590800021,0.03939071612000076,0.013406377680002196,0.02073175647999974,0.9370192547999866,0.040565295160000285,0.005132567960000739,0.023590029400000063,0.9460283160000061
2002-07-01,0.974117331439994,0.03925984875999956,0.013396392280001872,0.020757588559999606,0.9371853210800045,0.04045528696000083,0.0051250658400007415,0.023554837399999598,0.946148322080001
2002-08-01,0.9741769293599759,0.03915334560000053,0.013404170360001943,0.020710326039999907,0.9374426662800313,0.04055067723999915,0.00511274696000073,0.023403984680000538,0.9460451632800121
2002-09-01,0.9742969639200071,0.03907290876000086,0.013350086320002076,0.020617498280000097,0.9375735108399929,0.0404625991999998,0.005085515960000827,0.023353599239999995,0.9461873070400073
2002-10-01,0.9743577767600048,0.038939670440000254,0.013372726920002104,0.020574677560000483,0.9378026305599949,0.04031204636000121,0.005067539520000736,0.02325769796000024,0.9463152341999935
2002-11-01,0.974383342000003,0.038984006320000084,0.013348096920001714,0.020552666280000097,0.9377385886800146,0.04040388335999946,0.005063993480000759,0.023277394520000327,0.9462480176400087
2002-12-01,0.9745505598400086,0.03890337692000053,0.013378825880002157,0.020426766719999573,0.937926994879991,0.040415373160000656,0.005022664920000756,0.023169630479999936,0.9462057970000162
2003-01-01,0.9746338617600214,0.03880744728000013,0.013370109000001936,0.0203489151999992,0.9380607115999985,0.04036101568000047,0.005017226480000693,0.02313186616000013,0.9462688675200026
2003-02-01,0.9746880983599805,0.03882121056000032,0.013371245880002389,0.020308836999999663,0.9380012784399794,0.040364032839999994,0.005003060720000761,0.02317750052000039,0.9462647205200004
2003-03-01,0.9748054624399989,0.03880667479999987,0.013390974960001956,0.020210647159999873,0.9380500085199887,0.0404770335599997,0.004983890920000682,0.023143309559999728,0.9461319775199831
2003-04-01,0.9749635975199992,0.038746839400000864,0.013346547600001884,0.020089624519999783,0.9381732763599989,0.0403522554000008,0.004946783040000693,0.023079899720000543,0.946301205640017
2003-05-01,0.9750672325200008,0.03866297328000004,0.013406621160001986,0.02001434820000016,0.9382505079600081,0.04033157852000025,0.004918402200000674,0.02308652403999995,0.9462617994399951
2003-06-01,0.9751447876400151,0.038644421559999614,0.013354360920002108,0.019926272359999796,0.9383353247599772,0.04037987044000063,0.004928934680000758,0.02302024984000049,0.9462657626000034
2003-07-01,0.9752678309199955,0.0385944053999997,0.013389133280002357,0.01984258943999968,0.9384440124000103,0.04044526064000014,0.00488958508000058,0.02296156843999994,0.946165587000008
2003-08-01,0.9753635314000038,0.03858072603999969,0.01336591988000185,0.01977108056000006,0.9384293487200418,0.04038167320000079,0.004865395040000698,0.02298993387999965,0.9462524054000151
2003-09-01,0.9754835054000129,0.038431264760000305,0.013322177080002034,0.01966882968,0.9386610392399765,0.04037155756000049,0.004847664040000752,0.022907717960000334,0.9463062591599916
2003-10-01,0.9755772723999756,0.038454357879999373,0.013333902600001895,0.019583960520000453,0.9386386255599963,0.04026154768000092,0.00483875004000061,0.022907009880000394,0.9464045487599989
2003-11-01,0.9757053383999996,0.038439501399999604,0.01334591008000231,0.01948937460000034,0.9386789299999896,0.040246608800000756,0.004805279400000748,0.022881567039999627,0.9464074721599824
2003-12-01,0.9757747088000042,0.03839204956000016,0.013399177640002008,0.01944075208000039,0.9387210662400098,0.040354232759999366,0.004784531120000636,0.022886875160000545,0.9462465834399815
2004-01-01,0.975876491039989,0.03830375828000056,0.013278509840002032,0.01934628871999977,0.9388429179600077,0.04026499827999998,0.004777211960000752,0.022853309040000158,0.9464564894399973
2004-02-01,0.9760055293599955,0.0383189222800006,0.01333428680000202,0.01925007935999983,0.9387966775999884,0.04025722236000057,0.004744389720000676,0.022884392160000423,0.9464084899599929
2004-03-01,0.9761697252800005,0.03820563076000052,0.013356455200002365,0.019103659520000267,0.9389249395200111,0.0402545489600002,0.004726596440000535,0.022869414160000122,0.9463889894000055
2004-04-01,0.9762278555999734,0.038217741040000086,0.013340025360002124,0.01906034588000029,0.9390089979199977,0.04024189032000024,0.004711826880000627,0.02277327711999975,0.9464180833600199
2004-05-01,0.9763273503600214,0.03826541347999971,0.013337631880002095,0.018973790039999786,0.9389408222400041,0.0403446869599998,0.0046988496400006295,0.022793761039999937,0.94631766684
2004-06-01,0.9763971628800145,0.038240544120000615,0.013344101680002178,0.018922259319999874,0.9389476662400302,0.040298581480000116,0.004680575600000676,0.022811777319999827,0.946357325239994
2004-07-01,0.9765320209600059,0.03823945244000019,0.013339802880001979,0.018813039680000834,0.9389486229599879,0.04028753919999893,0.0046549410400006114,0.022811933520000063,0.9463726567599877
2004-08-01,0.9766429088400106,0.038179605400000115,0.01333104460000227,0.0187353829199998,0.9389917230799827,0.04029715355999911,0.004621691000000712,0.022828659080000223,0.9463717911200012
2004-09-01,0.9767594208799997,0.038129029719999895,0.013350927240001958,0.018647998600000562,0.9390972820800214,0.04035653144000032,0.00459258600000067,0.02277370896000007,0.9462925410800094
2004-10-01,0.9768729790400082,0.0382137778800006,0.013339746400002047,0.018547100960000437,0.9389457272800085,0.04032393103999912,0.004579919320000664,0.022840501360000327,0.946336334399973
2004-11-01,0.9769618432799972,0.03814632472000039,0.013340787680002434,0.01848328884000036,0.9390679365599854,0.04024708004000078,0.004554874400000651,0.022785752400000428,0.9464121313599967
2004-12-01,0.977098515119964,0.03823852552000061,0.01335610612000199,0.01835236924000019,0.9389260514000194,0.04033910759999964,0.004549105200000747,0.022835430720000043,0.9463047966799969
2005-01-01,0.9771941826000118,0.03823214708000091,0.013349079840002264,0.018286957680000382,0.9389630829199902,0.040295565879999835,0.004518843360000696,0.022804757600000024,0.9463553460799846
2005-02-01,0.9773109683200114,0.038234030559999826,0.013352417080001887,0.018203365320000088,0.9389572294000086,0.04027671044000126,0.004485662160000649,0.02280872948000007,0.9463708780000031
2005-03-01,0.9774275904400056,0.03832924011999923,0.013311568440001975,0.01809805183999982,0.9388773711999897,0.04022633651999984,0.004474337520000483,0.02279340132000018,0.9464620975999978
2005-04-01,0.977472541479995,0.03835115727999958,0.013412582040002136,0.018077536640000672,0.9388381728000208,0.04027026504000075,0.004449921680000575,0.022810674800000146,0.9463171301999841
2005-05-01,0.9776745006399846,0.0382907142800001,0.013362632240001997,0.017893774000000296,0.9388291678400187,0.04025486347999926,0.004431720200000578,0.02288010648000036,0.9463825056800236
2005-06-01,0.9777555554399938,0.03823503391999988,0.013402336960002195,0.017840010880000142,0.9389044490800142,0.040262301599999814,0.004404427360000609,0.022860524920000243,0.9463353564799974
2005-07-01,0.9778097953999868,0.038282575120000224,0.01333588588000191,0.01779579960000017,0.9388910698000088,0.040304806320000205,0.0043944027600005126,0.022826334079999996,0.9463593125199877
2005-08-01,0.9779080514399955,0.038331325680000056,0.013373365320002195,0.017715170360000337,0.9387855169199938,0.0403179814800001,0.0043767762400007335,0.02288316008000062,0.9463086309599918
2005-09-01,0.9764110806800025,0.038415091839999777,0.013296201760002322,0.019212559760000254,0.9387206636799961,0.040279489200000435,0.0043763443200005555,0.022864251879999808,0.9464242940400065
2005-10-01,0.9747587685999888,0.038129483760000485,0.013377176680002325,0.02089203063999964,0.939129075759968,0.040225392879999364,0.004349214160000561,0.022741440240000063,0.9463974320400265
2005-11-01,0.9761419755599792,0.03876634296000189,0.013327071560001773,0.01953194612000001,0.9384754331200076,0.040192605960001196,0.004326082160000572,0.022758238279999867,0.9464803159599879
2005-12-01,0.9772799820000052,0.039249905599999725,0.013328482960001846,0.01841856684,0.9378467257600183,0.04025841820000123,0.004301446480000624,0.022903378200000064,0.9464131015600006
2006-01-01,0.9771429674000063,0.03927433160000028,0.013322655800002489,0.018567993920000397,0.9378303265200132,0.04026085228000051,0.004289025080000445,0.02289533811999977,0.9464164862000092
2006-02-01,0.9776535188800037,0.039492757760000045,0.013349551240002026,0.018111125120000342,0.9375335282399976,0.04024466551999969,0.004235349760000554,0.02297370356000012,0.9464057696799828
2006-03-01,0.9780364917600038,0.0396792750000001,0.013339336480002364,0.017738662520000517,0.93727901964003,0.04043607056000055,0.00422485060000052,0.023041702920000216,0.9462245972000164
2006-04-01,0.978186272600005,0.03966007187999995,0.013340441800002175,0.017615799960000112,0.9372446248800039,0.04029334464000102,0.004197929560000567,0.02309530740000056,0.946366213079981
2006-05-01,0.9780798489600078,0.039745292079999994,0.013378192040002242,0.01773262292000062,0.9370948513599665,0.040284372000000256,0.004187538080000467,0.023159847639999814,0.9463374350800203
2006-06-01,0.9774049382000163,0.039629799200000496,0.013373722360001873,0.018443540040000133,0.9371986571199993,0.04026029839999983,0.004151511320000598,0.023171534480000186,0.9463659927999938
2006-07-01,0.9766965601200022,0.03951566352000082,0.013324921480002182,0.01914060036000037,0.9374453232799949,0.04018022015999993,0.004162836360000459,0.023039019080000115,0.9464948593600012
2006-08-01,0.9771641578000063,0.039649663120000955,0.013272606960002254,0.018673711200000255,0.9372274074799928,0.040208236280000045,0.0041621356000004495,0.023122936400000085,0.9465191500400008
2006-09-01,0.9787016960800076,0.04039716235999994,0.013379029120002104,0.0172030048800006,0.9361930009599871,0.04040661927999992,0.004095295360000446,0.023409828000000417,0.9462143485200033
2006-10-01,0.9788397327200032,0.04030373672000037,0.013420309680002364,0.01707801788000101,0.93625505995997,0.040348376760000304,0.004082266040000468,0.02344120535999994,0.9462312993599967
2006-11-01,0.9788246810400023,0.04022763984000064,0.013357743920002163,0.017108772440000596,0.9364403054400027,0.04042516016000068,0.004066550680000443,0.023332057240000866,0.9462171015999913
2006-12-01,0.97889260703998,0.04024069908000068,0.013380878640002048,0.01706397544000093,0.9364217207999967,0.04037985919999974,0.00404342204000053,0.023337577279999928,0.9462392689999952
2007-01-01,0.9789422528000004,0.04024354960000081,0.013374530440002072,0.017013669480000944,0.9364357494400027,0.040417786120000465,0.0040440713600004355,0.02332067988000023,0.9462076736400242
2007-02-01,0.9789465758399747,0.040139171960000886,0.01331898908000254,0.017035183320000976,0.9366427878399906,0.04038570352000021,0.004018263080000512,0.02321804752000052,0.9462953023600037
2007-03-01,0.9790131112400007,0.040144761120000365,0.013328939480001967,0.016969941440000712,0.9366358873599953,0.04027055092000006,0.004016950440000425,0.02321935228000031,0.9464005023199799
2007-04-01,0.9790619394000007,0.04008345604000056,0.013332664160002589,0.016935493480000806,0.9368161917199949,0.04036372780000058,0.0040025708800003985,0.02310037231999981,0.9463036164399989
2007-05-01,0.9791635364800146,0.04018966960000097,0.013374778040002108,0.016855049800000528,0.9366792039200192,0.040376748280000034,0.003981409400000417,0.023131128040000348,0.9462484739199893
2007-06-01,0.9791296164399929,0.04017345128000044,0.01337681636000221,0.01689904396000078,0.9367314882800021,0.040309532599999316,0.003971329120000473,0.023095038879999804,0.9463136548400066
2007-07-01,0.9792202981200065,0.04018861692000019,0.013344374920001909,0.01682546492000111,0.9367519414400113,0.04024191303999993,0.003954250960000431,0.023059446120000132,0.9464137062800221
2007-08-01,0.9792382745599827,0.0401306525200006,0.013376571760001814,0.01681197616000058,0.9368506619999994,0.04036616807999963,0.003949742920000528,0.023018697520000464,0.9462572606400103
2007-09-01,0.9793160337200251,0.04010000360000035,0.013292499080001836,0.01675475300000135,0.9369168285199975,0.04025941503999969,0.003929184200000407,0.022983168480000503,0.9464480814000222
2007-10-01,0.9794063007199876,0.040122383080000636,0.013362502120001934,0.01668160580000099,0.9368301065599912,0.040236240360000425,0.003912083080000394,0.02304751216000003,0.9464012636399944
2007-11-01,0.9793383364799894,0.040084807480000366,0.01335316564000214,0.016778315480001124,0.9367625624799951,0.040377826879999905,0.0038833450800004362,0.02315261144000061,0.9462689955999984
2007-12-01,0.9792381472400036,0.04011432543999968,0.013351101880001576,0.016899104680001047,0.9366633682399886,0.04035839883999902,0.003862751760000428,0.023222309800000396,0.9462905007999759
2008-01-01,0.9783102107200133,0.040273744680000056,0.013317428840002034,0.017830731960000304,0.9366098683200049,0.04024397292000054,0.0038590591200005696,0.023116387920000016,0.9464386109200035
2008-02-01,0.9779759993600172,0.04025059623999975,0.013238267400002283,0.018159077640000337,0.9366588129600113,0.040133512919999864,0.0038648992800004497,0.02309058939999973,0.946628218159989
2008-03-01,0.9777963115600128,0.040403026600000426,0.013215250920002256,0.018350639920000005,0.9365160895600044,0.040016382800000826,0.0038530382800004374,0.02308089092000068,0.9467683833200025
2008-04-01,0.9775231754399981,0.04055939776,0.013145074040002145,0.018610932440000203,0.9364534576400149,0.03966685304000022,0.0038658834000004994,0.02298715711999959,0.9471880752000211
2008-05-01,0.9761572217600037,0.04049117063999975,0.012873738560002238,0.01992260284000017,0.9367641259599956,0.03895914979999985,0.0039201694000005425,0.02274471079999981,0.9481671116800208
2008-06-01,0.9736942573999994,0.04033063211999945,0.012434470400002019,0.022300856640000366,0.9377601617999733,0.03785345999999996,0.0040048960400003615,0.021909199600000102,0.9497120682800095
2008-07-01,0.9740954222000006,0.039476024400000066,0.012712231560001817,0.021938100919999922,0.9387799884000043,0.03852360179999997,0.003966483120000474,0.021743985760000126,0.9487641423200036
2008-08-01,0.9741146856400057,0.03921927604000056,0.012699002720001958,0.021903741119999875,0.9391065714000003,0.03847086000000126,0.003981555280000433,0.02167414128000033,0.9488301410000137
2008-09-01,0.9739826680000057,0.03916209143999987,0.01257900540000188,0.02202016167999947,0.9393224018800039,0.038129310759999945,0.003997152360000561,0.021515500720000413,0.9492916901999988
2008-10-01,0.9733701184000201,0.039919160240001555,0.012288530440001964,0.02260847264000005,0.9387622868800057,0.03736193187999937,0.004021407400000389,0.021318550960000338,0.9503495209200253
2008-11-01,0.9736644616400044,0.04630771748000005,0.012452916400001656,0.02235122531999983,0.9323184650400007,0.037708105239999304,0.0039843108400004915,0.021373790200000124,0.9498389901199961
2008-12-01,0.9740794641600086,0.0462854663999996,0.012564178800002105,0.02195068523999966,0.9322908956399787,0.03792785908000049,0.003969854880000507,0.0214236382000004,0.9495079539999827
2009-01-01,0.9745424022399912,0.04604450472000024,0.012607198320001973,0.0215379594400004,0.932454492880008,0.03821913824000022,0.003919629360000436,0.02150100448000064,0.9491736572800106
2009-02-01,0.9747116689199882,0.045953930919999386,0.012620392120002157,0.021383983760000228,0.9325755150400057,0.038209283639999744,0.003904351360000373,0.021470542959999717,0.9491703314000027
2009-03-01,0.9751200424799823,0.04580544167999973,0.012663520120002056,0.02099575855999993,0.9326429554799828,0.03846603792000036,0.0038841840400004914,0.021551590079999818,0.9488704442800021
2009-04-01,0.9755345805600111,0.04560494823999934,0.012732256320001878,0.020617290999999798,0.9327474875999808,0.03869867264000017,0.003848134480000509,0.02164754972,0.9485690701599908
2009-05-01,0.9757378704400033,0.045483660120000054,0.012723971960002115,0.02040217619999943,0.9323291806800165,0.038681473399999604,0.0038599593600004683,0.022187153119999647,0.9485945426000012
2009-06-01,0.9705384926000016,0.045549146400000406,0.009994140160001672,0.02489543163999993,0.9267827724799997,0.032520000440000106,0.004566081040000744,0.027668074999999456,0.9574858379199905
2009-07-01,0.9686710831600065,0.04534534216000064,0.009002347960001086,0.02662470556000053,0.9250094161200145,0.030211115599999717,0.0047042183200006835,0.029645230400000774,0.9607865347999875
2009-08-01,0.9687419381600081,0.045275386520000745,0.008920132720001313,0.026627311080000597,0.9249741236400066,0.029838759759999778,0.004630766320000747,0.029750482479999923,0.9612411113600019
2009-09-01,0.9686206825600017,0.0453334217200005,0.008769260040001274,0.026763290480000087,0.9248082913999921,0.029662358040000204,0.004616026880000601,0.029858280719999995,0.9615683853599936
2009-10-01,0.968667226039989,0.04526444871999945,0.008732684120001404,0.02673563124000005,0.924836630719998,0.029422916240000565,0.004597140320000733,0.029898902359999983,0.9618443834799979
2009-11-01,0.9685929601999941,0.04527995792000019,0.00948143956000137,0.02682126204000063,0.9247947230400173,0.029182831360000126,0.0045857801200006425,0.029925319160000553,0.9613357265200072
2009-12-01,0.9686516867999976,0.045095524400000746,0.014076020440001615,0.0267701612400007,0.9250753693199977,0.028996848639999736,0.00457813832000064,0.02982911732000058,0.9569271216800039
2010-01-01,0.9687601010400155,0.04501240756000005,0.016970291320001846,0.026659029120000153,0.9252990182000091,0.02909861200000032,0.004580863120000632,0.029688567239999606,0.9539311055600023
2010-02-01,0.968695059519979,0.04495463084000055,0.01716788480000132,0.0267338140400002,0.9252890859999932,0.029146799440000197,0.004571116840000591,0.029756278839999883,0.9536853062799844
2010-03-01,0.9688079679999857,0.04492390056000016,0.017239864640001337,0.026627890240001176,0.9254351066799857,0.029098723799999344,0.004564146200000591,0.02964098992000008,0.9536614164800009
2010-04-01,0.9686889086800008,0.0448813425199999,0.01713539452000139,0.026760449879999773,0.9255456330400124,0.029164107639999895,0.004550638240000642,0.02957302392000023,0.9537004883199951
2010-05-01,0.9686892902400056,0.04493785123999941,0.017034220840000846,0.026759279360000065,0.9255026946400049,0.029211715679999976,0.004551434280000567,0.02955946472000008,0.9537540661999991
2010-06-01,0.9686209150400001,0.04497411331999991,0.016955889320001655,0.026817717040000005,0.9254299745199861,0.029214684920000632,0.004561370840000791,0.029595899920000647,0.9538294297999996
2010-07-01,0.968597934559994,0.04489032796000135,0.01690151344000216,0.02683711020000049,0.9255745172799775,0.029262423479999848,0.0045649716000006535,0.02953515892000088,0.9538360703200057
2010-08-01,0.9685229951599956,0.04492821588000029,0.016822152640001652,0.02691771303999962,0.925628738439997,0.02927741459999972,0.004559302760000625,0.02944304072000012,0.9539004229199921
2010-09-01,0.9684526451199928,0.04506362939999993,0.0167754920400013,0.02697397395999996,0.9255795701200114,0.02926059140000028,0.004573374960000639,0.029356807680000183,0.9539639139999865
2010-10-01,0.9682908255600065,0.04503933059999936,0.01665235016000181,0.027111502839999805,0.9256247100399949,0.02929672803999991,0.004597682080000618,0.029335951680000177,0.9540509267200207
2010-11-01,0.9680398265999839,0.04522525719999954,0.016546799360001935,0.027334302320000867,0.925553289999998,0.029297011120000237,0.004625879240000637,0.02922145111999984,0.9541561975199995
2010-12-01,0.9679632585199996,0.04513330523999997,0.01643194180000169,0.027398167320000007,0.9257586227599881,0.029346150319999886,0.004638556880000714,0.02910807531999977,0.9542219119199881
2011-01-01,0.9677830174399905,0.04519911596000009,0.01633825532000192,0.02757475960000034,0.9257474467200127,0.0294260007999996,0.004642224600000786,0.029053425239999715,0.9542357534799789
2011-02-01,0.9675680141599878,0.04529918331999997,0.016167556000002137,0.027817558840000454,0.9257296469599915,0.02931303884000072,0.004614437480000614,0.02897117720000035,0.9545193870000092
2011-03-01,0.9675506997200138,0.04530213504000128,0.01609490136000178,0.027836872879999735,0.9256778989600057,0.029356595880000117,0.004612431400000649,0.02901996011999985,0.9545485150000173
2011-04-01,0.9680352128399987,0.04524502583999987,0.01623461688000171,0.027378983999999565,0.9256430389599875,0.029316237159999356,0.004585801160000611,0.029111915,0.9544491449199786
2011-05-01,0.9684305666400129,0.04516037256000025,0.016472761920001945,0.02705369963999935,0.925684946640014,0.02933081680000053,0.004515727880000691,0.029154672040000097,0.954196425039986
2011-06-01,0.968685656719977,0.04510914980000094,0.016600622360001652,0.026850232840000356,0.925736891159996,0.02936562728000007,0.0044641073600005955,0.029153950560000492,0.9540337419600124
2011-07-01,0.9694782592400156,0.045190224760000085,0.01583740440000179,0.026198033360000757,0.926776380360004,0.030672532720000114,0.004323709480000502,0.028033395440000358,0.9534900681600089
2011-08-01,0.9647785914400178,0.04569758944000056,0.01572180144000155,0.03060668208000062,0.9254629201599895,0.029115870800001047,0.004614736400000743,0.028839489120000263,0.955162337960013
2011-09-01,0.961370890879997,0.04591303111999958,0.01479619236000215,0.03384817476000137,0.9258741920400022,0.028905555480000858,0.004780920240000747,0.028212779840000313,0.9562982516000034
2011-10-01,0.9604447879200141,0.04571656340000036,0.014527510880002122,0.034714960239999676,0.9264854108399907,0.028662435320000113,0.0048402503600007574,0.027798016360000097,0.956810039759987
2011-11-01,0.9596551499999839,0.045638719200001183,0.014320898400001737,0.03546014712000022,0.9269503705599951,0.028472983919999806,0.0048846879200007695,0.02741089828000001,0.9572061080800179
2011-12-01,0.9625140294400003,0.04608767715999966,0.015030687040001949,0.03275167640000044,0.9261206018000147,0.028584888880000284,0.004734295200000676,0.0277917336400004,0.9563844187599961
2012-01-01,0.9652157659999825,0.0469731239600001,0.015679378040002183,0.03023100304000044,0.924731682479975,0.028749129200000424,0.004553231000000468,0.028295200760000274,0.9555715090400034
2012-02-01,0.9666503393200063,0.04762418592000051,0.016050725480001922,0.028896894319999613,0.9236626042800298,0.028854649800000517,0.00445275308000056,0.028713221960000555,0.9550946098400016
2012-03-01,0.9670819118400075,0.04790893832000166,0.016091997240001953,0.028507309960000466,0.9232626050800119,0.028896249359999827,0.004410778520000649,0.028828477720000217,0.9550117475999966
2012-04-01,0.9667329677999917,0.04815870296,0.015948972560002078,0.028856416440000754,0.9231548161999885,0.028919001639999643,0.004410588640000521,0.028686491040000216,0.9551320252800032
2012-05-01,0.9659090246800051,0.04845416152000056,0.015739616200001978,0.029638576920000565,0.9230707310400131,0.02882847184000014,0.004452404920000736,0.028475120720000434,0.9554319068400164
2012-06-01,0.9648325943600013,0.04898220947999908,0.01537694148000192,0.030651198880000483,0.9227973423199887,0.028797107600000135,0.004516205600000643,0.028220435519999795,0.9558259488800179
2012-07-01,0.9645104027200132,0.049171760879998944,0.015234230560002112,0.0309415891200004,0.9228429162799958,0.02868789696000017,0.00454800752000055,0.027985353039999182,0.9560778780399984
2012-08-01,0.9638157326799934,0.04943294512000102,0.01498508092000191,0.031622403440000425,0.9228001531599932,0.028630520040000655,0.00456187068000056,0.02776690607999957,0.9563844220800135
2012-09-01,0.96344731676001,0.04955430784000115,0.014874170600002169,0.03197124936000088,0.9228645435600037,0.028620689119999813,0.004581427880000665,0.02758115056,0.9565051386800064
2012-10-01,0.962604023720015,0.049988707480001275,0.014590198880002472,0.03277569992000056,0.9226488581199922,0.02856937911999996,0.0046202861200005975,0.027362455720000248,0.9568404252399756
2012-11-01,0.9623995415199936,0.05008337403999914,0.014492860520001937,0.03297334488000015,0.9226792315999995,0.028559868920000793,0.0046271222800006355,0.027237404439999936,0.9569472704399947
2012-12-01,0.9617743910799905,0.050240587279999686,0.01431830248000217,0.03356487587999981,0.9228022834400031,0.02840457464000125,0.00466073116000055,0.026957134640000487,0.9572771387199918
2013-01-01,0.961702289359996,0.050126987520000214,0.014243644560001888,0.03361779264000014,0.9230446613999989,0.028348621240000624,0.004679902400000594,0.026828342199999917,0.9574077451200137
2013-02-01,0.9613437688399961,0.0502389991999995,0.014093453080001914,0.033962194480000964,0.9230661592400083,0.02832156123999991,0.004694023400000839,0.026694833200001232,0.957584971519998
2013-03-01,0.961372197320001,0.05010875324000029,0.014071947240002177,0.033946078160000316,0.9233293519600093,0.02835851812000016,0.004681726160000742,0.026561890200000653,0.9575695320400165
2013-04-01,0.9612349565200137,0.04999879392000063,0.014000226600002373,0.034050477800000534,0.9236229303199941,0.028260721639999556,0.004714572440000694,0.02637828107999986,0.9577390503600134
2013-05-01,0.9611619284000179,0.049869170800000716,0.013931699400002062,0.03413491432000068,0.9238870012800059,0.028211428480000352,0.004703174040000805,0.026243830840000176,0.9578568792000005
2013-06-01,0.960885505959993,0.04991939127999852,0.013842432600002256,0.03437723808000043,0.9239697272399959,0.02813319040000057,0.004737274840000704,0.02611088720000078,0.9580243735200187
2013-07-01,0.9608727564800128,0.049659924600000335,0.013788671120002005,0.03440361579999987,0.9243522937999975,0.028129926400000223,0.004723639240000735,0.025987783600000383,0.9580813957199946
2013-08-01,0.9609866932800056,0.04948890459999901,0.013803298240002109,0.03430184059999891,0.9246681057599918,0.028096363720000402,0.004711442760000792,0.02584298564000023,0.9581003297999614
2013-09-01,0.9608488393599932,0.04926909736000077,0.013695230840002405,0.0344032700000005,0.925079836559995,0.028001476960000358,0.004747861880000618,0.025651055320000234,0.9583032839200255
2013-10-01,0.960758411600005,0.04900646424000011,0.013731251480002107,0.034457941280001084,0.9254692935999801,0.028001167000000358,0.004783644160000733,0.02552423856000024,0.9582675835199811
2013-11-01,0.9603359279600033,0.04840925791999912,0.013660329920001954,0.03483149115999948,0.9263314583599921,0.02787833924000018,0.00483259740000075,0.02525927171999955,0.9584613313999938
2013-12-01,0.9601314113999926,0.04790370683999971,0.013578214480002081,0.035004033439999735,0.9271556906799695,0.027778332159999863,0.004864546760000679,0.024940581559999644,0.9586434515199938
2014-01-01,0.9598220189999951,0.04753147680000023,0.013500975760002228,0.035265352040000954,0.9277596852800173,0.027676516240000528,0.004912620880000822,0.024708825279999867,0.958822499519983
2014-02-01,0.9590191381199964,0.0463862661200012,0.013373981760002138,0.035954984679999635,0.929417677160001,0.027496654719999927,0.0050258796800006205,0.02419606044000073,0.9591293728399913
2014-03-01,0.9575956907600143,0.045076954520000365,0.013245372080002274,0.03720387424000097,0.93129168007999,0.027067022079999982,0.005200435200000815,0.023631352720000234,0.9596875971999822
2014-04-01,0.95737601596,0.044571787759999565,0.013135814240002132,0.03739745000000135,0.9320433413600112,0.02702792655999967,0.005226532760000759,0.023384871519999666,0.9598362412799923
2014-05-01,0.956881108360004,0.043903620359999465,0.013065117680002155,0.03782557203999985,0.9329377235199842,0.026852484240000304,0.005293333200000946,0.02315867568000071,0.9600823928399876
2014-06-01,0.9566788139199854,0.043475586679999095,0.013037129720002089,0.03800962292000073,0.9335848054799979,0.026746666320000088,0.005311545880000878,0.022939607879999723,0.9602162032400016
2014-07-01,0.9552523340000187,0.04229520059999975,0.012829170680002007,0.03927909836000059,0.935294086879969,0.026348498520000384,0.005468562960000945,0.022410724319999804,0.9608223086399903
2014-08-01,0.954111912200022,0.041112218520001395,0.012639996880001968,0.0402763974400009,0.937003364759985,0.025970598440000055,0.005611691320000735,0.02188441771999995,0.9613893936399874
2014-09-01,0.9519550581600063,0.039272360359999765,0.012322887960001971,0.0421345769599998,0.9396268658400178,0.025407840800000095,0.005910352880000803,0.021100765120000507,0.9622692690800001
2014-10-01,0.9505896675199924,0.03794618331999878,0.012130031800002146,0.04336150051999973,0.9415532235999969,0.02493054611999979,0.006048814920001003,0.02050061480000044,0.9629394338000096
2014-11-01,0.9482435282000151,0.03596239571999944,0.011713856680002244,0.04536455455999897,0.944322171560017,0.024298030400000083,0.00639192740000087,0.019715422560000438,0.9639881059199708
2014-12-01,0.9470194566800116,0.034569216080000714,0.01148950592000198,0.04640625775999895,0.946261815599988,0.02384620292000033,0.006574277560000885,0.019168953120000956,0.9646643017999957
2015-01-01,0.9471718410800032,0.0344663133599997,0.011571598760002098,0.045838253239999516,0.9464041185999938,0.02387593743999968,0.0069899096000009125,0.019129565240000795,0.9645524591199802
2015-02-01,0.9460573027600104,0.034263243440000236,0.011503186680002246,0.04564980047999904,0.9467476372399777,0.023830886480000393,0.008292891120001021,0.01898910932000019,0.9646659317999947
2015-03-01,0.9427874675200217,0.03352055696000066,0.011278581960001971,0.04669638151999975,0.9478355549199962,0.02340856315999972,0.010516158080001814,0.01864386700000024,0.9653128563200063
2015-04-01,0.9408734099999839,0.03371547271999987,0.011152445520001867,0.04679175816000068,0.947572694279992,0.023294983359999726,0.012334826920002264,0.018711845599999947,0.9655525683599858
2015-05-01,0.9399008805200072,0.03316233796000028,0.01089289376000207,0.04734705340000074,0.9484315784399853,0.0230784966799995,0.01275208172000184,0.018406089520000328,0.9660285950000006
2015-06-01,0.9448214886799897,0.032854236520000454,0.009657316360001687,0.04491729200000053,0.950702847559991,0.025307614799999503,0.010261227880001687,0.016442913520001216,0.9650350742800055
2015-07-01,0.9480909369999966,0.032161486759999976,0.00886923876000128,0.043297036559999565,0.9527515534799901,0.026857145680000014,0.00861202260000129,0.015086948320001814,0.9642736123200001
2015-08-01,0.9521904058399865,0.031229986040000105,0.007749537560001071,0.041284891399999704,0.9554943608400046,0.028877314920000827,0.006524687160001004,0.013275666840002106,0.9633731508800157
2015-09-01,0.9529663779600123,0.030693724760000554,0.007585637720000972,0.040779056920000736,0.9563691387199809,0.029158433159999945,0.006254549200000968,0.012937156240002414,0.9632559217199875
2015-10-01,0.9533395429199882,0.030258723600000714,0.007524478840001132,0.040493548600000775,0.9568641771200017,0.02925605772000039,0.00616690656000087,0.012877087840002365,0.9632194688800083
2015-11-01,0.9535697107199965,0.02998375755999987,0.007505393760000946,0.04027579627999981,0.9571465363200016,0.02920648460000056,0.006154486640000903,0.012869715880002363,0.96328813068
2015-12-01,0.9537322113200036,0.02977408587999993,0.007551978840000923,0.040120039720000854,0.9573896515199982,0.029215296159999574,0.006147735320000908,0.012836284160001692,0.9632327191600014
2016-01-01,0.9540422922400004,0.02974452059999996,0.007519348400001007,0.039864509360000605,0.9574226000000092,0.029217927599999912,0.006093201640000959,0.012832882720001992,0.9632627364800084
2016-02-01,0.9542729525999982,0.02963811172000075,0.007548240840001062,0.03962161768000074,0.9574890448400001,0.02911554379999972,0.006105421320000919,0.012872846040002271,0.9633362282000185
2016-03-01,0.9545177490399946,0.02949554912000024,0.00755576236000091,0.03940929300000024,0.9576660392000006,0.02915750203999967,0.0060729618400007365,0.012838398360002126,0.9632867515600021
2016-04-01,0.9547201714000071,0.02933479888000099,0.007561725280000797,0.03923107228000023,0.9577867987999821,0.02909932055999962,0.006048740880000884,0.01287839712000202,0.9633389552000002
2016-05-01,0.9550555633200024,0.029259536079999638,0.007553626480000854,0.0389061143600002,0.9579040691200097,0.029173189640000086,0.006038321760000809,0.012836394040002246,0.9632731707999947
2016-06-01,0.9552347661199854,0.029193937599999515,0.007550322120000904,0.0387474059199993,0.9579436194799904,0.02911621100000056,0.006017835240000853,0.012862417320002173,0.9633334563599838
2016-07-01,0.9555841409600009,0.02906021972000102,0.007519370520000848,0.038458413360000644,0.9580486448800116,0.02912131463999964,0.005957435200000877,0.0128911386000021,0.96335931856001
2016-08-01,0.9557449912799924,0.028993361080000432,0.007561249960000911,0.03830560427999986,0.9581697639999673,0.029090604520000507,0.005949422760000916,0.012836857600002494,0.9633481381600105
2016-09-01,0.9559701723600026,0.028944488840000414,0.007565553160001077,0.038112148199999696,0.9582201259599926,0.029138542080000374,0.005917669640000982,0.012835396680002362,0.9632959186399913
2016-10-01,0.9562336629199951,0.028970938400000274,0.007599358560000954,0.037870959560000764,0.9580506447999998,0.029097305040000892,0.005895395280000927,0.012978414120002477,0.963303319000007
2016-11-01,0.9565584587999805,0.02897238204000006,0.007538686680000858,0.03757929468000088,0.9581589768000017,0.029124009960000034,0.005862259320000961,0.012868643640002054,0.9633372911200048
2016-12-01,0.9568038047200079,0.02899728276000117,0.0075392550400009434,0.03737762596000092,0.9580922223600105,0.029140039560000667,0.005818583680000796,0.012910502320001838,0.9633207056000187
2017-01-01,0.9569037012800078,0.02907657391999991,0.007584067560001211,0.037327159000000436,0.958036637720002,0.02909595116000049,0.005769134520000906,0.012886797920001759,0.9633199787999988
2017-02-01,0.9566819625999975,0.02923067336000029,0.007577699440000967,0.03756473008000035,0.9578648956800005,0.0291002519599997,0.005753293080000829,0.01290443096000204,0.9633220551999986
2017-03-01,0.957067599520005,0.029269766760000062,0.007580284280000971,0.03724262152000007,0.9578390822400121,0.029118578240000224,0.005689781840000869,0.012891137800002287,0.9633011383200087
2017-04-01,0.9576806855600064,0.029374351200000346,0.007574583760001024,0.036665467519999724,0.9577292015600015,0.029104240360000616,0.005653837720000907,0.012896459600002129,0.9633211732800172
2017-05-01,0.9581314105199907,0.029445729920000364,0.007584186520000943,0.03625054991999999,0.9576822615600091,0.029131700479999953,0.00561804672000088,0.01287201984000223,0.9632841141200089
2017-06-01,0.9584106068799928,0.02940149776000037,0.0076082348800010965,0.03600292772000024,0.957641356559998,0.029067046960000828,0.005586472920000925,0.01295713996000225,0.9633247185599964
2017-07-01,0.9586381994400014,0.02942217552000071,0.007582891280001008,0.0358267894800003,0.9576696395599996,0.029090027320000805,0.0055350137600009746,0.012908177720001997,0.9633270915200053
2017-08-01,0.9588592660000136,0.02938383611999986,0.007608957720000824,0.035605877800000046,0.9576907199600082,0.029103562560000254,0.005534869760000825,0.012925450640002004,0.9632874768400048
2017-09-01,0.9589658058000026,0.02945442372000024,0.007636230040001021,0.03551231620000029,0.9575521180000038,0.02907493720000059,0.005521853320000903,0.012993449600002161,0.9632888268000068
2017-10-01,0.9592584011600129,0.02949747776000006,0.007618034200000839,0.03525134532000081,0.957500359559996,0.02909011944000042,0.0054902500800008665,0.013002164200002372,0.9632918469999916
2017-11-01,0.959447106040001,0.02963826084000004,0.0076508539200010215,0.03511429552000132,0.9574076195999993,0.029117443799999476,0.005438613760000844,0.01295412252000192,0.9632317048400102
