Date,forecast_1,forecast_error_1
2017-11-01,6.5126618070856965,4.332661740328494
2017-11-01,6.5126618070856965,4.332661740328494
2017-11-01,6.5126618070856965,4.332661740328494
2017-11-01,6.5126618070856965,4.332661740328494
2017-11-01,6.5126618070856965,4.332661740328494
2017-11-01,6.5126618070856965,4.332661740328494
2017-11-01,6.5126618070856965,4.332661740328494
2017-11-01,6.5126618070856965,4.332661740328494
2017-11-01,6.5126618070856965,4.332661740328494
2017-11-01,6.5126618070856965,4.332661740328494
2017-11-01,6.5126618070856965,4.332661740328494
2017-11-01,6.5126618070856965,4.332661740328494
2017-11-01,6.5126618070856965,4.332661740328494
2017-11-01,6.5126618070856965,4.332661740328494
2017-11-01,6.5126618070856965,4.332661740328494
2017-11-01,6.5126618070856965,4.332661740328494
2017-11-01,6.5126618070856965,4.332661740328494
2017-11-01,6.5126618070856965,4.332661740328494
2017-11-01,6.5126618070856965,4.332661740328494
2017-11-01,6.5126618070856965,4.332661740328494
2017-11-01,6.5126618070856965,4.332661740328494
2017-11-01,6.5126618070856965,4.332661740328494
2017-11-01,6.5126618070856965,4.332661740328494
2017-11-01,6.5126618070856965,4.332661740328494
2017-11-01,6.5126618070856965,4.332661740328494
2017-11-01,6.5126618070856965,4.332661740328494
2017-11-01,6.5126618070856965,4.332661740328494
2017-11-01,6.5126618070856965,4.332661740328494
2017-11-01,6.5126618070856965,4.332661740328494
2017-11-01,6.5126618070856965,4.332661740328494
2017-11-01,6.5126618070856965,4.332661740328494
2017-11-01,6.5126618070856965,4.332661740328494
2017-11-01,6.5126618070856965,4.332661740328494
2017-11-01,6.5126618070856965,4.332661740328494
2017-11-01,6.5126618070856965,4.332661740328494
2017-11-01,6.5126618070856965,4.332661740328494
2017-11-01,6.5126618070856965,4.332661740328494
2017-11-01,6.5126618070856965,4.332661740328494
2017-11-01,6.5126618070856965,4.332661740328494
2017-11-01,6.5126618070856965,4.332661740328494
2017-11-01,6.5126618070856965,4.332661740328494
2017-11-01,6.5126618070856965,4.332661740328494
2017-11-01,6.5126618070856965,4.332661740328494
2017-11-01,6.5126618070856965,4.332661740328494
2017-11-01,6.5126618070856965,4.332661740328494
2017-11-01,6.5126618070856965,4.332661740328494
2017-11-01,6.5126618070856965,4.332661740328494
2017-11-01,6.5126618070856965,4.332661740328494
2017-11-01,6.5126618070856965,4.332661740328494
2017-11-01,6.5126618070856965,4.332661740328494
2017-11-01,6.5126618070856965,4.332661740328494
2017-11-01,6.5126618070856965,4.332661740328494
2017-11-01,6.5126618070856965,4.332661740328494
2017-11-01,6.5126618070856965,4.332661740328494
2017-11-01,6.5126618070856965,4.332661740328494
2017-11-01,6.5126618070856965,4.332661740328494
2017-11-01,6.5126618070856965,4.332661740328494
2017-11-01,6.5126618070856965,4.332661740328494
2017-11-01,6.5126618070856965,4.332661740328494
2017-11-01,6.5126618070856965,4.332661740328494
2017-11-01,6.5126618070856965,4.332661740328494
2017-11-01,6.5126618070856965,4.332661740328494
2017-11-01,6.5126618070856965,4.332661740328494
2017-11-01,6.5126618070856965,4.332661740328494
2017-11-01,6.5126618070856965,4.332661740328494
2017-11-01,6.5126618070856965,4.332661740328494
2017-11-01,6.5126618070856965,4.332661740328494
2017-11-01,6.5126618070856965,4.332661740328494
2017-11-01,6.5126618070856965,4.332661740328494
2017-11-01,6.5126618070856965,4.332661740328494
2017-11-01,6.5126618070856965,4.332661740328494
2017-11-01,6.5126618070856965,4.332661740328494
2017-11-01,6.5126618070856965,4.332661740328494
2017-11-01,6.5126618070856965,4.332661740328494
2017-11-01,6.5126618070856965,4.332661740328494
2017-11-01,6.5126618070856965,4.332661740328494
2017-11-01,6.5126618070856965,4.332661740328494
2017-11-01,6.5126618070856965,4.332661740328494
2017-11-01,6.5126618070856965,4.332661740328494
2017-11-01,6.5126618070856965,4.332661740328494
2017-11-01,6.5126618070856965,4.332661740328494
2017-11-01,6.5126618070856965,4.332661740328494
2017-11-01,6.5126618070856965,4.332661740328494
2017-11-01,6.5126618070856965,4.332661740328494
2017-11-01,6.5126618070856965,4.332661740328494
2017-11-01,6.5126618070856965,4.332661740328494
2017-11-01,6.5126618070856965,4.332661740328494
2017-11-01,6.5126618070856965,4.332661740328494
2017-11-01,6.5126618070856965,4.332661740328494
2017-11-01,6.5126618070856965,4.332661740328494
2017-11-01,6.5126618070856965,4.332661740328494
2017-11-01,6.5126618070856965,4.332661740328494
2017-11-01,6.5126618070856965,4.332661740328494
2017-11-01,6.5126618070856965,4.332661740328494
2017-11-01,6.5126618070856965,4.332661740328494
2017-11-01,6.5126618070856965,4.332661740328494
2017-11-01,6.5126618070856965,4.332661740328494
2017-11-01,6.5126618070856965,4.332661740328494
2017-11-01,6.5126618070856965,4.332661740328494
2017-11-01,6.5126618070856965,4.332661740328494
2017-11-01,3.3903168232884564,1.2103167565312543
2017-11-01,3.3903168232884564,1.2103167565312543
2017-11-01,3.3903168232884564,1.2103167565312543
2017-11-01,3.3903168232884564,1.2103167565312543
2017-11-01,3.3903168232884564,1.2103167565312543
2017-11-01,3.3903168232884564,1.2103167565312543
2017-11-01,3.3903168232884564,1.2103167565312543
2017-11-01,3.3903168232884564,1.2103167565312543
2017-11-01,3.3903168232884564,1.2103167565312543
2017-11-01,3.3903168232884564,1.2103167565312543
2017-11-01,3.3903168232884564,1.2103167565312543
2017-11-01,3.3903168232884564,1.2103167565312543
2017-11-01,3.3903168232884564,1.2103167565312543
2017-11-01,3.3903168232884564,1.2103167565312543
2017-11-01,3.3903168232884564,1.2103167565312543
2017-11-01,3.3903168232884564,1.2103167565312543
2017-11-01,3.3903168232884564,1.2103167565312543
2017-11-01,3.3903168232884564,1.2103167565312543
2017-11-01,3.3903168232884564,1.2103167565312543
2017-11-01,3.3903168232884564,1.2103167565312543
2017-11-01,3.3903168232884564,1.2103167565312543
2017-11-01,3.3903168232884564,1.2103167565312543
2017-11-01,3.3903168232884564,1.2103167565312543
2017-11-01,3.3903168232884564,1.2103167565312543
2017-11-01,3.3903168232884564,1.2103167565312543
2017-11-01,3.3903168232884564,1.2103167565312543
2017-11-01,3.3903168232884564,1.2103167565312543
2017-11-01,3.3903168232884564,1.2103167565312543
2017-11-01,3.3903168232884564,1.2103167565312543
2017-11-01,3.3903168232884564,1.2103167565312543
2017-11-01,3.3903168232884564,1.2103167565312543
2017-11-01,3.3903168232884564,1.2103167565312543
2017-11-01,3.3903168232884564,1.2103167565312543
2017-11-01,3.3903168232884564,1.2103167565312543
2017-11-01,3.3903168232884564,1.2103167565312543
2017-11-01,3.3903168232884564,1.2103167565312543
2017-11-01,3.3903168232884564,1.2103167565312543
2017-11-01,3.3903168232884564,1.2103167565312543
2017-11-01,3.3903168232884564,1.2103167565312543
2017-11-01,3.3903168232884564,1.2103167565312543
2017-11-01,3.3903168232884564,1.2103167565312543
2017-11-01,3.3903168232884564,1.2103167565312543
2017-11-01,3.3903168232884564,1.2103167565312543
2017-11-01,3.3903168232884564,1.2103167565312543
2017-11-01,3.3903168232884564,1.2103167565312543
2017-11-01,3.3903168232884564,1.2103167565312543
2017-11-01,3.3903168232884564,1.2103167565312543
2017-11-01,3.3903168232884564,1.2103167565312543
2017-11-01,3.3903168232884564,1.2103167565312543
2017-11-01,3.3903168232884564,1.2103167565312543
2017-11-01,3.3903168232884564,1.2103167565312543
2017-11-01,3.3903168232884564,1.2103167565312543
2017-11-01,3.3903168232884564,1.2103167565312543
2017-11-01,3.3903168232884564,1.2103167565312543
2017-11-01,3.3903168232884564,1.2103167565312543
2017-11-01,3.3903168232884564,1.2103167565312543
2017-11-01,3.3903168232884564,1.2103167565312543
2017-11-01,3.3903168232884564,1.2103167565312543
2017-11-01,3.3903168232884564,1.2103167565312543
2017-11-01,3.3903168232884564,1.2103167565312543
2017-11-01,3.3903168232884564,1.2103167565312543
2017-11-01,3.3903168232884564,1.2103167565312543
2017-11-01,3.3903168232884564,1.2103167565312543
2017-11-01,3.3903168232884564,1.2103167565312543
2017-11-01,3.3903168232884564,1.2103167565312543
2017-11-01,3.3903168232884564,1.2103167565312543
2017-11-01,3.3903168232884564,1.2103167565312543
2017-11-01,3.3903168232884564,1.2103167565312543
2017-11-01,3.3903168232884564,1.2103167565312543
2017-11-01,3.3903168232884564,1.2103167565312543
2017-11-01,3.3903168232884564,1.2103167565312543
2017-11-01,3.3903168232884564,1.2103167565312543
2017-11-01,3.3903168232884564,1.2103167565312543
2017-11-01,3.3903168232884564,1.2103167565312543
2017-11-01,3.3903168232884564,1.2103167565312543
2017-11-01,3.3903168232884564,1.2103167565312543
2017-11-01,3.3903168232884564,1.2103167565312543
2017-11-01,3.3903168232884564,1.2103167565312543
2017-11-01,3.3903168232884564,1.2103167565312543
2017-11-01,3.3903168232884564,1.2103167565312543
2017-11-01,3.3903168232884564,1.2103167565312543
2017-11-01,3.3903168232884564,1.2103167565312543
2017-11-01,3.3903168232884564,1.2103167565312543
2017-11-01,3.3903168232884564,1.2103167565312543
2017-11-01,3.3903168232884564,1.2103167565312543
2017-11-01,3.3903168232884564,1.2103167565312543
2017-11-01,3.3903168232884564,1.2103167565312543
2017-11-01,3.3903168232884564,1.2103167565312543
2017-11-01,3.3903168232884564,1.2103167565312543
2017-11-01,3.3903168232884564,1.2103167565312543
2017-11-01,3.3903168232884564,1.2103167565312543
2017-11-01,3.3903168232884564,1.2103167565312543
2017-11-01,3.3903168232884564,1.2103167565312543
2017-11-01,3.3903168232884564,1.2103167565312543
2017-11-01,3.3903168232884564,1.2103167565312543
2017-11-01,3.3903168232884564,1.2103167565312543
2017-11-01,3.3903168232884564,1.2103167565312543
2017-11-01,3.3903168232884564,1.2103167565312543
2017-11-01,3.3903168232884564,1.2103167565312543
2017-11-01,3.3903168232884564,1.2103167565312543
2017-11-01,3.4357329143073545,1.2557328475501524
2017-11-01,3.4357329143073545,1.2557328475501524
2017-11-01,3.4357329143073545,1.2557328475501524
2017-11-01,3.4357329143073545,1.2557328475501524
2017-11-01,3.4357329143073545,1.2557328475501524
2017-11-01,3.4357329143073545,1.2557328475501524
2017-11-01,3.4357329143073545,1.2557328475501524
2017-11-01,3.4357329143073545,1.2557328475501524
2017-11-01,3.4357329143073545,1.2557328475501524
2017-11-01,3.4357329143073545,1.2557328475501524
2017-11-01,3.4357329143073545,1.2557328475501524
2017-11-01,3.4357329143073545,1.2557328475501524
2017-11-01,3.4357329143073545,1.2557328475501524
2017-11-01,3.4357329143073545,1.2557328475501524
2017-11-01,3.4357329143073545,1.2557328475501524
2017-11-01,3.4357329143073545,1.2557328475501524
2017-11-01,3.4357329143073545,1.2557328475501524
2017-11-01,3.4357329143073545,1.2557328475501524
2017-11-01,3.4357329143073545,1.2557328475501524
2017-11-01,3.4357329143073545,1.2557328475501524
2017-11-01,3.4357329143073545,1.2557328475501524
2017-11-01,3.4357329143073545,1.2557328475501524
2017-11-01,3.4357329143073545,1.2557328475501524
2017-11-01,3.4357329143073545,1.2557328475501524
2017-11-01,3.4357329143073545,1.2557328475501524
2017-11-01,3.4357329143073545,1.2557328475501524
2017-11-01,3.4357329143073545,1.2557328475501524
2017-11-01,3.4357329143073545,1.2557328475501524
2017-11-01,3.4357329143073545,1.2557328475501524
2017-11-01,3.4357329143073545,1.2557328475501524
2017-11-01,3.4357329143073545,1.2557328475501524
2017-11-01,3.4357329143073545,1.2557328475501524
2017-11-01,3.4357329143073545,1.2557328475501524
2017-11-01,3.4357329143073545,1.2557328475501524
2017-11-01,3.4357329143073545,1.2557328475501524
2017-11-01,3.4357329143073545,1.2557328475501524
2017-11-01,3.4357329143073545,1.2557328475501524
2017-11-01,3.4357329143073545,1.2557328475501524
2017-11-01,3.4357329143073545,1.2557328475501524
2017-11-01,3.4357329143073545,1.2557328475501524
2017-11-01,3.4357329143073545,1.2557328475501524
2017-11-01,3.4357329143073545,1.2557328475501524
2017-11-01,3.4357329143073545,1.2557328475501524
2017-11-01,3.4357329143073545,1.2557328475501524
2017-11-01,3.4357329143073545,1.2557328475501524
2017-11-01,3.4357329143073545,1.2557328475501524
2017-11-01,3.4357329143073545,1.2557328475501524
2017-11-01,3.4357329143073545,1.2557328475501524
2017-11-01,3.4357329143073545,1.2557328475501524
2017-11-01,3.4357329143073545,1.2557328475501524
2017-11-01,3.4357329143073545,1.2557328475501524
2017-11-01,3.4357329143073545,1.2557328475501524
2017-11-01,3.4357329143073545,1.2557328475501524
2017-11-01,3.4357329143073545,1.2557328475501524
2017-11-01,3.4357329143073545,1.2557328475501524
2017-11-01,3.4357329143073545,1.2557328475501524
2017-11-01,3.4357329143073545,1.2557328475501524
2017-11-01,3.4357329143073545,1.2557328475501524
2017-11-01,3.4357329143073545,1.2557328475501524
2017-11-01,3.4357329143073545,1.2557328475501524
2017-11-01,3.4357329143073545,1.2557328475501524
2017-11-01,3.4357329143073545,1.2557328475501524
2017-11-01,3.4357329143073545,1.2557328475501524
2017-11-01,3.4357329143073545,1.2557328475501524
2017-11-01,3.4357329143073545,1.2557328475501524
2017-11-01,3.4357329143073545,1.2557328475501524
2017-11-01,3.4357329143073545,1.2557328475501524
2017-11-01,3.4357329143073545,1.2557328475501524
2017-11-01,3.4357329143073545,1.2557328475501524
2017-11-01,3.4357329143073545,1.2557328475501524
2017-11-01,3.4357329143073545,1.2557328475501524
2017-11-01,3.4357329143073545,1.2557328475501524
2017-11-01,3.4357329143073545,1.2557328475501524
2017-11-01,3.4357329143073545,1.2557328475501524
2017-11-01,3.4357329143073545,1.2557328475501524
2017-11-01,3.4357329143073545,1.2557328475501524
2017-11-01,3.4357329143073545,1.2557328475501524
2017-11-01,3.4357329143073545,1.2557328475501524
2017-11-01,3.4357329143073545,1.2557328475501524
2017-11-01,3.4357329143073545,1.2557328475501524
2017-11-01,3.4357329143073545,1.2557328475501524
2017-11-01,3.4357329143073545,1.2557328475501524
2017-11-01,3.4357329143073545,1.2557328475501524
2017-11-01,3.4357329143073545,1.2557328475501524
2017-11-01,3.4357329143073545,1.2557328475501524
2017-11-01,3.4357329143073545,1.2557328475501524
2017-11-01,3.4357329143073545,1.2557328475501524
2017-11-01,3.4357329143073545,1.2557328475501524
2017-11-01,3.4357329143073545,1.2557328475501524
2017-11-01,3.4357329143073545,1.2557328475501524
2017-11-01,3.4357329143073545,1.2557328475501524
2017-11-01,3.4357329143073545,1.2557328475501524
2017-11-01,3.4357329143073545,1.2557328475501524
2017-11-01,3.4357329143073545,1.2557328475501524
2017-11-01,3.4357329143073545,1.2557328475501524
2017-11-01,3.4357329143073545,1.2557328475501524
2017-11-01,3.4357329143073545,1.2557328475501524
2017-11-01,3.4357329143073545,1.2557328475501524
2017-11-01,3.4357329143073545,1.2557328475501524
2017-11-01,3.4357329143073545,1.2557328475501524
2017-11-01,3.4076365923272816,1.2276365255700794
2017-11-01,3.4076365923272816,1.2276365255700794
2017-11-01,3.4076365923272816,1.2276365255700794
2017-11-01,3.4076365923272816,1.2276365255700794
2017-11-01,3.4076365923272816,1.2276365255700794
2017-11-01,3.4076365923272816,1.2276365255700794
2017-11-01,3.4076365923272816,1.2276365255700794
2017-11-01,3.4076365923272816,1.2276365255700794
2017-11-01,3.4076365923272816,1.2276365255700794
2017-11-01,3.4076365923272816,1.2276365255700794
2017-11-01,3.4076365923272816,1.2276365255700794
2017-11-01,3.4076365923272816,1.2276365255700794
2017-11-01,3.4076365923272816,1.2276365255700794
2017-11-01,3.4076365923272816,1.2276365255700794
2017-11-01,3.4076365923272816,1.2276365255700794
2017-11-01,3.4076365923272816,1.2276365255700794
2017-11-01,3.4076365923272816,1.2276365255700794
2017-11-01,3.4076365923272816,1.2276365255700794
2017-11-01,3.4076365923272816,1.2276365255700794
2017-11-01,3.4076365923272816,1.2276365255700794
2017-11-01,3.4076365923272816,1.2276365255700794
2017-11-01,3.4076365923272816,1.2276365255700794
2017-11-01,3.4076365923272816,1.2276365255700794
2017-11-01,3.4076365923272816,1.2276365255700794
2017-11-01,3.4076365923272816,1.2276365255700794
2017-11-01,3.4076365923272816,1.2276365255700794
2017-11-01,3.4076365923272816,1.2276365255700794
2017-11-01,3.4076365923272816,1.2276365255700794
2017-11-01,3.4076365923272816,1.2276365255700794
2017-11-01,3.4076365923272816,1.2276365255700794
2017-11-01,3.4076365923272816,1.2276365255700794
2017-11-01,3.4076365923272816,1.2276365255700794
2017-11-01,3.4076365923272816,1.2276365255700794
2017-11-01,3.4076365923272816,1.2276365255700794
2017-11-01,3.4076365923272816,1.2276365255700794
2017-11-01,3.4076365923272816,1.2276365255700794
2017-11-01,3.4076365923272816,1.2276365255700794
2017-11-01,3.4076365923272816,1.2276365255700794
2017-11-01,3.4076365923272816,1.2276365255700794
2017-11-01,3.4076365923272816,1.2276365255700794
2017-11-01,3.4076365923272816,1.2276365255700794
2017-11-01,3.4076365923272816,1.2276365255700794
2017-11-01,3.4076365923272816,1.2276365255700794
2017-11-01,3.4076365923272816,1.2276365255700794
2017-11-01,3.4076365923272816,1.2276365255700794
2017-11-01,3.4076365923272816,1.2276365255700794
2017-11-01,3.4076365923272816,1.2276365255700794
2017-11-01,3.4076365923272816,1.2276365255700794
2017-11-01,3.4076365923272816,1.2276365255700794
2017-11-01,3.4076365923272816,1.2276365255700794
2017-11-01,3.4076365923272816,1.2276365255700794
2017-11-01,3.4076365923272816,1.2276365255700794
2017-11-01,3.4076365923272816,1.2276365255700794
2017-11-01,3.4076365923272816,1.2276365255700794
2017-11-01,3.4076365923272816,1.2276365255700794
2017-11-01,3.4076365923272816,1.2276365255700794
2017-11-01,3.4076365923272816,1.2276365255700794
2017-11-01,3.4076365923272816,1.2276365255700794
2017-11-01,3.4076365923272816,1.2276365255700794
2017-11-01,3.4076365923272816,1.2276365255700794
2017-11-01,3.4076365923272816,1.2276365255700794
2017-11-01,3.4076365923272816,1.2276365255700794
2017-11-01,3.4076365923272816,1.2276365255700794
2017-11-01,3.4076365923272816,1.2276365255700794
2017-11-01,3.4076365923272816,1.2276365255700794
2017-11-01,3.4076365923272816,1.2276365255700794
2017-11-01,3.4076365923272816,1.2276365255700794
2017-11-01,3.4076365923272816,1.2276365255700794
2017-11-01,3.4076365923272816,1.2276365255700794
2017-11-01,3.4076365923272816,1.2276365255700794
2017-11-01,3.4076365923272816,1.2276365255700794
2017-11-01,3.4076365923272816,1.2276365255700794
2017-11-01,3.4076365923272816,1.2276365255700794
2017-11-01,3.4076365923272816,1.2276365255700794
2017-11-01,3.4076365923272816,1.2276365255700794
2017-11-01,3.4076365923272816,1.2276365255700794
2017-11-01,3.4076365923272816,1.2276365255700794
2017-11-01,3.4076365923272816,1.2276365255700794
2017-11-01,3.4076365923272816,1.2276365255700794
2017-11-01,3.4076365923272816,1.2276365255700794
2017-11-01,3.4076365923272816,1.2276365255700794
2017-11-01,3.4076365923272816,1.2276365255700794
2017-11-01,3.4076365923272816,1.2276365255700794
2017-11-01,3.4076365923272816,1.2276365255700794
2017-11-01,3.4076365923272816,1.2276365255700794
2017-11-01,3.4076365923272816,1.2276365255700794
2017-11-01,3.4076365923272816,1.2276365255700794
2017-11-01,3.4076365923272816,1.2276365255700794
2017-11-01,3.4076365923272816,1.2276365255700794
2017-11-01,3.4076365923272816,1.2276365255700794
2017-11-01,3.4076365923272816,1.2276365255700794
2017-11-01,3.4076365923272816,1.2276365255700794
2017-11-01,3.4076365923272816,1.2276365255700794
2017-11-01,3.4076365923272816,1.2276365255700794
2017-11-01,3.4076365923272816,1.2276365255700794
2017-11-01,3.4076365923272816,1.2276365255700794
2017-11-01,3.4076365923272816,1.2276365255700794
2017-11-01,3.4076365923272816,1.2276365255700794
2017-11-01,3.4076365923272816,1.2276365255700794
2017-11-01,3.4076365923272816,1.2276365255700794
2017-11-01,3.791718689276658,1.6117186225194557
2017-11-01,3.791718689276658,1.6117186225194557
2017-11-01,3.791718689276658,1.6117186225194557
2017-11-01,3.791718689276658,1.6117186225194557
2017-11-01,3.791718689276658,1.6117186225194557
2017-11-01,3.791718689276658,1.6117186225194557
2017-11-01,3.791718689276658,1.6117186225194557
2017-11-01,3.791718689276658,1.6117186225194557
2017-11-01,3.791718689276658,1.6117186225194557
2017-11-01,3.791718689276658,1.6117186225194557
2017-11-01,3.791718689276658,1.6117186225194557
2017-11-01,3.791718689276658,1.6117186225194557
2017-11-01,3.791718689276658,1.6117186225194557
2017-11-01,3.791718689276658,1.6117186225194557
2017-11-01,3.791718689276658,1.6117186225194557
2017-11-01,3.791718689276658,1.6117186225194557
2017-11-01,3.791718689276658,1.6117186225194557
2017-11-01,3.791718689276658,1.6117186225194557
2017-11-01,3.791718689276658,1.6117186225194557
2017-11-01,3.791718689276658,1.6117186225194557
2017-11-01,3.791718689276658,1.6117186225194557
2017-11-01,3.791718689276658,1.6117186225194557
2017-11-01,3.791718689276658,1.6117186225194557
2017-11-01,3.791718689276658,1.6117186225194557
2017-11-01,3.791718689276658,1.6117186225194557
2017-11-01,3.791718689276658,1.6117186225194557
2017-11-01,3.791718689276658,1.6117186225194557
2017-11-01,3.791718689276658,1.6117186225194557
2017-11-01,3.791718689276658,1.6117186225194557
2017-11-01,3.791718689276658,1.6117186225194557
2017-11-01,3.791718689276658,1.6117186225194557
2017-11-01,3.791718689276658,1.6117186225194557
2017-11-01,3.791718689276658,1.6117186225194557
2017-11-01,3.791718689276658,1.6117186225194557
2017-11-01,3.791718689276658,1.6117186225194557
2017-11-01,3.791718689276658,1.6117186225194557
2017-11-01,3.791718689276658,1.6117186225194557
2017-11-01,3.791718689276658,1.6117186225194557
2017-11-01,3.791718689276658,1.6117186225194557
2017-11-01,3.791718689276658,1.6117186225194557
2017-11-01,3.791718689276658,1.6117186225194557
2017-11-01,3.791718689276658,1.6117186225194557
2017-11-01,3.791718689276658,1.6117186225194557
2017-11-01,3.791718689276658,1.6117186225194557
2017-11-01,3.791718689276658,1.6117186225194557
2017-11-01,3.791718689276658,1.6117186225194557
2017-11-01,3.791718689276658,1.6117186225194557
2017-11-01,3.791718689276658,1.6117186225194557
2017-11-01,3.791718689276658,1.6117186225194557
2017-11-01,3.791718689276658,1.6117186225194557
2017-11-01,3.791718689276658,1.6117186225194557
2017-11-01,3.791718689276658,1.6117186225194557
2017-11-01,3.791718689276658,1.6117186225194557
2017-11-01,3.791718689276658,1.6117186225194557
2017-11-01,3.791718689276658,1.6117186225194557
2017-11-01,3.791718689276658,1.6117186225194557
2017-11-01,3.791718689276658,1.6117186225194557
2017-11-01,3.791718689276658,1.6117186225194557
2017-11-01,3.791718689276658,1.6117186225194557
2017-11-01,3.791718689276658,1.6117186225194557
2017-11-01,3.791718689276658,1.6117186225194557
2017-11-01,3.791718689276658,1.6117186225194557
2017-11-01,3.791718689276658,1.6117186225194557
2017-11-01,3.791718689276658,1.6117186225194557
2017-11-01,3.791718689276658,1.6117186225194557
2017-11-01,3.791718689276658,1.6117186225194557
2017-11-01,3.791718689276658,1.6117186225194557
2017-11-01,3.791718689276658,1.6117186225194557
2017-11-01,3.791718689276658,1.6117186225194557
2017-11-01,3.791718689276658,1.6117186225194557
2017-11-01,3.791718689276658,1.6117186225194557
2017-11-01,3.791718689276658,1.6117186225194557
2017-11-01,3.791718689276658,1.6117186225194557
2017-11-01,3.791718689276658,1.6117186225194557
2017-11-01,3.791718689276658,1.6117186225194557
2017-11-01,3.791718689276658,1.6117186225194557
2017-11-01,3.791718689276658,1.6117186225194557
2017-11-01,3.791718689276658,1.6117186225194557
2017-11-01,3.791718689276658,1.6117186225194557
2017-11-01,3.791718689276658,1.6117186225194557
2017-11-01,3.791718689276658,1.6117186225194557
2017-11-01,3.791718689276658,1.6117186225194557
2017-11-01,3.791718689276658,1.6117186225194557
2017-11-01,3.791718689276658,1.6117186225194557
2017-11-01,3.791718689276658,1.6117186225194557
2017-11-01,3.791718689276658,1.6117186225194557
2017-11-01,3.791718689276658,1.6117186225194557
2017-11-01,3.791718689276658,1.6117186225194557
2017-11-01,3.791718689276658,1.6117186225194557
2017-11-01,3.791718689276658,1.6117186225194557
2017-11-01,3.791718689276658,1.6117186225194557
2017-11-01,3.791718689276658,1.6117186225194557
2017-11-01,3.791718689276658,1.6117186225194557
2017-11-01,3.791718689276658,1.6117186225194557
2017-11-01,3.791718689276658,1.6117186225194557
2017-11-01,3.791718689276658,1.6117186225194557
2017-11-01,3.791718689276658,1.6117186225194557
2017-11-01,3.791718689276658,1.6117186225194557
2017-11-01,3.791718689276658,1.6117186225194557
2017-11-01,3.791718689276658,1.6117186225194557
2017-11-01,3.819087859862238,1.6390877931050358
2017-11-01,3.819087859862238,1.6390877931050358
2017-11-01,3.819087859862238,1.6390877931050358
2017-11-01,3.819087859862238,1.6390877931050358
2017-11-01,3.819087859862238,1.6390877931050358
2017-11-01,3.819087859862238,1.6390877931050358
2017-11-01,3.819087859862238,1.6390877931050358
2017-11-01,3.819087859862238,1.6390877931050358
2017-11-01,3.819087859862238,1.6390877931050358
2017-11-01,3.819087859862238,1.6390877931050358
2017-11-01,3.819087859862238,1.6390877931050358
2017-11-01,3.819087859862238,1.6390877931050358
2017-11-01,3.819087859862238,1.6390877931050358
2017-11-01,3.819087859862238,1.6390877931050358
2017-11-01,3.819087859862238,1.6390877931050358
2017-11-01,3.819087859862238,1.6390877931050358
2017-11-01,3.819087859862238,1.6390877931050358
2017-11-01,3.819087859862238,1.6390877931050358
2017-11-01,3.819087859862238,1.6390877931050358
2017-11-01,3.819087859862238,1.6390877931050358
2017-11-01,3.819087859862238,1.6390877931050358
2017-11-01,3.819087859862238,1.6390877931050358
2017-11-01,3.819087859862238,1.6390877931050358
2017-11-01,3.819087859862238,1.6390877931050358
2017-11-01,3.819087859862238,1.6390877931050358
2017-11-01,3.819087859862238,1.6390877931050358
2017-11-01,3.819087859862238,1.6390877931050358
2017-11-01,3.819087859862238,1.6390877931050358
2017-11-01,3.819087859862238,1.6390877931050358
2017-11-01,3.819087859862238,1.6390877931050358
2017-11-01,3.819087859862238,1.6390877931050358
2017-11-01,3.819087859862238,1.6390877931050358
2017-11-01,3.819087859862238,1.6390877931050358
2017-11-01,3.819087859862238,1.6390877931050358
2017-11-01,3.819087859862238,1.6390877931050358
2017-11-01,3.819087859862238,1.6390877931050358
2017-11-01,3.819087859862238,1.6390877931050358
2017-11-01,3.819087859862238,1.6390877931050358
2017-11-01,3.819087859862238,1.6390877931050358
2017-11-01,3.819087859862238,1.6390877931050358
2017-11-01,3.819087859862238,1.6390877931050358
2017-11-01,3.819087859862238,1.6390877931050358
2017-11-01,3.819087859862238,1.6390877931050358
2017-11-01,3.819087859862238,1.6390877931050358
2017-11-01,3.819087859862238,1.6390877931050358
2017-11-01,3.819087859862238,1.6390877931050358
2017-11-01,3.819087859862238,1.6390877931050358
2017-11-01,3.819087859862238,1.6390877931050358
2017-11-01,3.819087859862238,1.6390877931050358
2017-11-01,3.819087859862238,1.6390877931050358
2017-11-01,3.819087859862238,1.6390877931050358
2017-11-01,3.819087859862238,1.6390877931050358
2017-11-01,3.819087859862238,1.6390877931050358
2017-11-01,3.819087859862238,1.6390877931050358
2017-11-01,3.819087859862238,1.6390877931050358
2017-11-01,3.819087859862238,1.6390877931050358
2017-11-01,3.819087859862238,1.6390877931050358
2017-11-01,3.819087859862238,1.6390877931050358
2017-11-01,3.819087859862238,1.6390877931050358
2017-11-01,3.819087859862238,1.6390877931050358
2017-11-01,3.819087859862238,1.6390877931050358
2017-11-01,3.819087859862238,1.6390877931050358
2017-11-01,3.819087859862238,1.6390877931050358
2017-11-01,3.819087859862238,1.6390877931050358
2017-11-01,3.819087859862238,1.6390877931050358
2017-11-01,3.819087859862238,1.6390877931050358
2017-11-01,3.819087859862238,1.6390877931050358
2017-11-01,3.819087859862238,1.6390877931050358
2017-11-01,3.819087859862238,1.6390877931050358
2017-11-01,3.819087859862238,1.6390877931050358
2017-11-01,3.819087859862238,1.6390877931050358
2017-11-01,3.819087859862238,1.6390877931050358
2017-11-01,3.819087859862238,1.6390877931050358
2017-11-01,3.819087859862238,1.6390877931050358
2017-11-01,3.819087859862238,1.6390877931050358
2017-11-01,3.819087859862238,1.6390877931050358
2017-11-01,3.819087859862238,1.6390877931050358
2017-11-01,3.819087859862238,1.6390877931050358
2017-11-01,3.819087859862238,1.6390877931050358
2017-11-01,3.819087859862238,1.6390877931050358
2017-11-01,3.819087859862238,1.6390877931050358
2017-11-01,3.819087859862238,1.6390877931050358
2017-11-01,3.819087859862238,1.6390877931050358
2017-11-01,3.819087859862238,1.6390877931050358
2017-11-01,3.819087859862238,1.6390877931050358
2017-11-01,3.819087859862238,1.6390877931050358
2017-11-01,3.819087859862238,1.6390877931050358
2017-11-01,3.819087859862238,1.6390877931050358
2017-11-01,3.819087859862238,1.6390877931050358
2017-11-01,3.819087859862238,1.6390877931050358
2017-11-01,3.819087859862238,1.6390877931050358
2017-11-01,3.819087859862238,1.6390877931050358
2017-11-01,3.819087859862238,1.6390877931050358
2017-11-01,3.819087859862238,1.6390877931050358
2017-11-01,3.819087859862238,1.6390877931050358
2017-11-01,3.819087859862238,1.6390877931050358
2017-11-01,3.819087859862238,1.6390877931050358
2017-11-01,3.819087859862238,1.6390877931050358
2017-11-01,3.819087859862238,1.6390877931050358
2017-11-01,3.819087859862238,1.6390877931050358
2017-11-01,3.9016707702646602,1.721670703507458
2017-11-01,3.9016707702646602,1.721670703507458
2017-11-01,3.9016707702646602,1.721670703507458
2017-11-01,3.9016707702646602,1.721670703507458
2017-11-01,3.9016707702646602,1.721670703507458
2017-11-01,3.9016707702646602,1.721670703507458
2017-11-01,3.9016707702646602,1.721670703507458
2017-11-01,3.9016707702646602,1.721670703507458
2017-11-01,3.9016707702646602,1.721670703507458
2017-11-01,3.9016707702646602,1.721670703507458
2017-11-01,3.9016707702646602,1.721670703507458
2017-11-01,3.9016707702646602,1.721670703507458
2017-11-01,3.9016707702646602,1.721670703507458
2017-11-01,3.9016707702646602,1.721670703507458
2017-11-01,3.9016707702646602,1.721670703507458
2017-11-01,3.9016707702646602,1.721670703507458
2017-11-01,3.9016707702646602,1.721670703507458
2017-11-01,3.9016707702646602,1.721670703507458
2017-11-01,3.9016707702646602,1.721670703507458
2017-11-01,3.9016707702646602,1.721670703507458
2017-11-01,3.9016707702646602,1.721670703507458
2017-11-01,3.9016707702646602,1.721670703507458
2017-11-01,3.9016707702646602,1.721670703507458
2017-11-01,3.9016707702646602,1.721670703507458
2017-11-01,3.9016707702646602,1.721670703507458
2017-11-01,3.9016707702646602,1.721670703507458
2017-11-01,3.9016707702646602,1.721670703507458
2017-11-01,3.9016707702646602,1.721670703507458
2017-11-01,3.9016707702646602,1.721670703507458
2017-11-01,3.9016707702646602,1.721670703507458
2017-11-01,3.9016707702646602,1.721670703507458
2017-11-01,3.9016707702646602,1.721670703507458
2017-11-01,3.9016707702646602,1.721670703507458
2017-11-01,3.9016707702646602,1.721670703507458
2017-11-01,3.9016707702646602,1.721670703507458
2017-11-01,3.9016707702646602,1.721670703507458
2017-11-01,3.9016707702646602,1.721670703507458
2017-11-01,3.9016707702646602,1.721670703507458
2017-11-01,3.9016707702646602,1.721670703507458
2017-11-01,3.9016707702646602,1.721670703507458
2017-11-01,3.9016707702646602,1.721670703507458
2017-11-01,3.9016707702646602,1.721670703507458
2017-11-01,3.9016707702646602,1.721670703507458
2017-11-01,3.9016707702646602,1.721670703507458
2017-11-01,3.9016707702646602,1.721670703507458
2017-11-01,3.9016707702646602,1.721670703507458
2017-11-01,3.9016707702646602,1.721670703507458
2017-11-01,3.9016707702646602,1.721670703507458
2017-11-01,3.9016707702646602,1.721670703507458
2017-11-01,3.9016707702646602,1.721670703507458
2017-11-01,3.9016707702646602,1.721670703507458
2017-11-01,3.9016707702646602,1.721670703507458
2017-11-01,3.9016707702646602,1.721670703507458
2017-11-01,3.9016707702646602,1.721670703507458
2017-11-01,3.9016707702646602,1.721670703507458
2017-11-01,3.9016707702646602,1.721670703507458
2017-11-01,3.9016707702646602,1.721670703507458
2017-11-01,3.9016707702646602,1.721670703507458
2017-11-01,3.9016707702646602,1.721670703507458
2017-11-01,3.9016707702646602,1.721670703507458
2017-11-01,3.9016707702646602,1.721670703507458
2017-11-01,3.9016707702646602,1.721670703507458
2017-11-01,3.9016707702646602,1.721670703507458
2017-11-01,3.9016707702646602,1.721670703507458
2017-11-01,3.9016707702646602,1.721670703507458
2017-11-01,3.9016707702646602,1.721670703507458
2017-11-01,3.9016707702646602,1.721670703507458
2017-11-01,3.9016707702646602,1.721670703507458
2017-11-01,3.9016707702646602,1.721670703507458
2017-11-01,3.9016707702646602,1.721670703507458
2017-11-01,3.9016707702646602,1.721670703507458
2017-11-01,3.9016707702646602,1.721670703507458
2017-11-01,3.9016707702646602,1.721670703507458
2017-11-01,3.9016707702646602,1.721670703507458
2017-11-01,3.9016707702646602,1.721670703507458
2017-11-01,3.9016707702646602,1.721670703507458
2017-11-01,3.9016707702646602,1.721670703507458
2017-11-01,3.9016707702646602,1.721670703507458
2017-11-01,3.9016707702646602,1.721670703507458
2017-11-01,3.9016707702646602,1.721670703507458
2017-11-01,3.9016707702646602,1.721670703507458
2017-11-01,3.9016707702646602,1.721670703507458
2017-11-01,3.9016707702646602,1.721670703507458
2017-11-01,3.9016707702646602,1.721670703507458
2017-11-01,3.9016707702646602,1.721670703507458
2017-11-01,3.9016707702646602,1.721670703507458
2017-11-01,3.9016707702646602,1.721670703507458
2017-11-01,3.9016707702646602,1.721670703507458
2017-11-01,3.9016707702646602,1.721670703507458
2017-11-01,3.9016707702646602,1.721670703507458
2017-11-01,3.9016707702646602,1.721670703507458
2017-11-01,3.9016707702646602,1.721670703507458
2017-11-01,3.9016707702646602,1.721670703507458
2017-11-01,3.9016707702646602,1.721670703507458
2017-11-01,3.9016707702646602,1.721670703507458
2017-11-01,3.9016707702646602,1.721670703507458
2017-11-01,3.9016707702646602,1.721670703507458
2017-11-01,3.9016707702646602,1.721670703507458
2017-11-01,3.9016707702646602,1.721670703507458
2017-11-01,3.9016707702646602,1.721670703507458
2017-11-01,3.6585472001479404,1.4785471333907383
2017-11-01,3.6585472001479404,1.4785471333907383
2017-11-01,3.6585472001479404,1.4785471333907383
2017-11-01,3.6585472001479404,1.4785471333907383
2017-11-01,3.6585472001479404,1.4785471333907383
2017-11-01,3.6585472001479404,1.4785471333907383
2017-11-01,3.6585472001479404,1.4785471333907383
2017-11-01,3.6585472001479404,1.4785471333907383
2017-11-01,3.6585472001479404,1.4785471333907383
2017-11-01,3.6585472001479404,1.4785471333907383
2017-11-01,3.6585472001479404,1.4785471333907383
2017-11-01,3.6585472001479404,1.4785471333907383
2017-11-01,3.6585472001479404,1.4785471333907383
2017-11-01,3.6585472001479404,1.4785471333907383
2017-11-01,3.6585472001479404,1.4785471333907383
2017-11-01,3.6585472001479404,1.4785471333907383
2017-11-01,3.6585472001479404,1.4785471333907383
2017-11-01,3.6585472001479404,1.4785471333907383
2017-11-01,3.6585472001479404,1.4785471333907383
2017-11-01,3.6585472001479404,1.4785471333907383
2017-11-01,3.6585472001479404,1.4785471333907383
2017-11-01,3.6585472001479404,1.4785471333907383
2017-11-01,3.6585472001479404,1.4785471333907383
2017-11-01,3.6585472001479404,1.4785471333907383
2017-11-01,3.6585472001479404,1.4785471333907383
2017-11-01,3.6585472001479404,1.4785471333907383
2017-11-01,3.6585472001479404,1.4785471333907383
2017-11-01,3.6585472001479404,1.4785471333907383
2017-11-01,3.6585472001479404,1.4785471333907383
2017-11-01,3.6585472001479404,1.4785471333907383
2017-11-01,3.6585472001479404,1.4785471333907383
2017-11-01,3.6585472001479404,1.4785471333907383
2017-11-01,3.6585472001479404,1.4785471333907383
2017-11-01,3.6585472001479404,1.4785471333907383
2017-11-01,3.6585472001479404,1.4785471333907383
2017-11-01,3.6585472001479404,1.4785471333907383
2017-11-01,3.6585472001479404,1.4785471333907383
2017-11-01,3.6585472001479404,1.4785471333907383
2017-11-01,3.6585472001479404,1.4785471333907383
2017-11-01,3.6585472001479404,1.4785471333907383
2017-11-01,3.6585472001479404,1.4785471333907383
2017-11-01,3.6585472001479404,1.4785471333907383
2017-11-01,3.6585472001479404,1.4785471333907383
2017-11-01,3.6585472001479404,1.4785471333907383
2017-11-01,3.6585472001479404,1.4785471333907383
2017-11-01,3.6585472001479404,1.4785471333907383
2017-11-01,3.6585472001479404,1.4785471333907383
2017-11-01,3.6585472001479404,1.4785471333907383
2017-11-01,3.6585472001479404,1.4785471333907383
2017-11-01,3.6585472001479404,1.4785471333907383
2017-11-01,3.6585472001479404,1.4785471333907383
2017-11-01,3.6585472001479404,1.4785471333907383
2017-11-01,3.6585472001479404,1.4785471333907383
2017-11-01,3.6585472001479404,1.4785471333907383
2017-11-01,3.6585472001479404,1.4785471333907383
2017-11-01,3.6585472001479404,1.4785471333907383
2017-11-01,3.6585472001479404,1.4785471333907383
2017-11-01,3.6585472001479404,1.4785471333907383
2017-11-01,3.6585472001479404,1.4785471333907383
2017-11-01,3.6585472001479404,1.4785471333907383
2017-11-01,3.6585472001479404,1.4785471333907383
2017-11-01,3.6585472001479404,1.4785471333907383
2017-11-01,3.6585472001479404,1.4785471333907383
2017-11-01,3.6585472001479404,1.4785471333907383
2017-11-01,3.6585472001479404,1.4785471333907383
2017-11-01,3.6585472001479404,1.4785471333907383
2017-11-01,3.6585472001479404,1.4785471333907383
2017-11-01,3.6585472001479404,1.4785471333907383
2017-11-01,3.6585472001479404,1.4785471333907383
2017-11-01,3.6585472001479404,1.4785471333907383
2017-11-01,3.6585472001479404,1.4785471333907383
2017-11-01,3.6585472001479404,1.4785471333907383
2017-11-01,3.6585472001479404,1.4785471333907383
2017-11-01,3.6585472001479404,1.4785471333907383
2017-11-01,3.6585472001479404,1.4785471333907383
2017-11-01,3.6585472001479404,1.4785471333907383
2017-11-01,3.6585472001479404,1.4785471333907383
2017-11-01,3.6585472001479404,1.4785471333907383
2017-11-01,3.6585472001479404,1.4785471333907383
2017-11-01,3.6585472001479404,1.4785471333907383
2017-11-01,3.6585472001479404,1.4785471333907383
2017-11-01,3.6585472001479404,1.4785471333907383
2017-11-01,3.6585472001479404,1.4785471333907383
2017-11-01,3.6585472001479404,1.4785471333907383
2017-11-01,3.6585472001479404,1.4785471333907383
2017-11-01,3.6585472001479404,1.4785471333907383
2017-11-01,3.6585472001479404,1.4785471333907383
2017-11-01,3.6585472001479404,1.4785471333907383
2017-11-01,3.6585472001479404,1.4785471333907383
2017-11-01,3.6585472001479404,1.4785471333907383
2017-11-01,3.6585472001479404,1.4785471333907383
2017-11-01,3.6585472001479404,1.4785471333907383
2017-11-01,3.6585472001479404,1.4785471333907383
2017-11-01,3.6585472001479404,1.4785471333907383
2017-11-01,3.6585472001479404,1.4785471333907383
2017-11-01,3.6585472001479404,1.4785471333907383
2017-11-01,3.6585472001479404,1.4785471333907383
2017-11-01,3.6585472001479404,1.4785471333907383
2017-11-01,3.6585472001479404,1.4785471333907383
2017-11-01,3.6585472001479404,1.4785471333907383
2017-11-01,2.4343050842702594,0.25430501751305723
2017-11-01,2.4343050842702594,0.25430501751305723
2017-11-01,2.4343050842702594,0.25430501751305723
2017-11-01,2.4343050842702594,0.25430501751305723
2017-11-01,2.4343050842702594,0.25430501751305723
2017-11-01,2.4343050842702594,0.25430501751305723
2017-11-01,2.4343050842702594,0.25430501751305723
2017-11-01,2.4343050842702594,0.25430501751305723
2017-11-01,2.4343050842702594,0.25430501751305723
2017-11-01,2.4343050842702594,0.25430501751305723
2017-11-01,2.4343050842702594,0.25430501751305723
2017-11-01,2.4343050842702594,0.25430501751305723
2017-11-01,2.4343050842702594,0.25430501751305723
2017-11-01,2.4343050842702594,0.25430501751305723
2017-11-01,2.4343050842702594,0.25430501751305723
2017-11-01,2.4343050842702594,0.25430501751305723
2017-11-01,2.4343050842702594,0.25430501751305723
2017-11-01,2.4343050842702594,0.25430501751305723
2017-11-01,2.4343050842702594,0.25430501751305723
2017-11-01,2.4343050842702594,0.25430501751305723
2017-11-01,2.4343050842702594,0.25430501751305723
2017-11-01,2.4343050842702594,0.25430501751305723
2017-11-01,2.4343050842702594,0.25430501751305723
2017-11-01,2.4343050842702594,0.25430501751305723
2017-11-01,2.4343050842702594,0.25430501751305723
2017-11-01,2.4343050842702594,0.25430501751305723
2017-11-01,2.4343050842702594,0.25430501751305723
2017-11-01,2.4343050842702594,0.25430501751305723
2017-11-01,2.4343050842702594,0.25430501751305723
2017-11-01,2.4343050842702594,0.25430501751305723
2017-11-01,2.4343050842702594,0.25430501751305723
2017-11-01,2.4343050842702594,0.25430501751305723
2017-11-01,2.4343050842702594,0.25430501751305723
2017-11-01,2.4343050842702594,0.25430501751305723
2017-11-01,2.4343050842702594,0.25430501751305723
2017-11-01,2.4343050842702594,0.25430501751305723
2017-11-01,2.4343050842702594,0.25430501751305723
2017-11-01,2.4343050842702594,0.25430501751305723
2017-11-01,2.4343050842702594,0.25430501751305723
2017-11-01,2.4343050842702594,0.25430501751305723
2017-11-01,2.4343050842702594,0.25430501751305723
2017-11-01,2.4343050842702594,0.25430501751305723
2017-11-01,2.4343050842702594,0.25430501751305723
2017-11-01,2.4343050842702594,0.25430501751305723
2017-11-01,2.4343050842702594,0.25430501751305723
2017-11-01,2.4343050842702594,0.25430501751305723
2017-11-01,2.4343050842702594,0.25430501751305723
2017-11-01,2.4343050842702594,0.25430501751305723
2017-11-01,2.4343050842702594,0.25430501751305723
2017-11-01,2.4343050842702594,0.25430501751305723
2017-11-01,2.4343050842702594,0.25430501751305723
2017-11-01,2.4343050842702594,0.25430501751305723
2017-11-01,2.4343050842702594,0.25430501751305723
2017-11-01,2.4343050842702594,0.25430501751305723
2017-11-01,2.4343050842702594,0.25430501751305723
2017-11-01,2.4343050842702594,0.25430501751305723
2017-11-01,2.4343050842702594,0.25430501751305723
2017-11-01,2.4343050842702594,0.25430501751305723
2017-11-01,2.4343050842702594,0.25430501751305723
2017-11-01,2.4343050842702594,0.25430501751305723
2017-11-01,2.4343050842702594,0.25430501751305723
2017-11-01,2.4343050842702594,0.25430501751305723
2017-11-01,2.4343050842702594,0.25430501751305723
2017-11-01,2.4343050842702594,0.25430501751305723
2017-11-01,2.4343050842702594,0.25430501751305723
2017-11-01,2.4343050842702594,0.25430501751305723
2017-11-01,2.4343050842702594,0.25430501751305723
2017-11-01,2.4343050842702594,0.25430501751305723
2017-11-01,2.4343050842702594,0.25430501751305723
2017-11-01,2.4343050842702594,0.25430501751305723
2017-11-01,2.4343050842702594,0.25430501751305723
2017-11-01,2.4343050842702594,0.25430501751305723
2017-11-01,2.4343050842702594,0.25430501751305723
2017-11-01,2.4343050842702594,0.25430501751305723
2017-11-01,2.4343050842702594,0.25430501751305723
2017-11-01,2.4343050842702594,0.25430501751305723
2017-11-01,2.4343050842702594,0.25430501751305723
2017-11-01,2.4343050842702594,0.25430501751305723
2017-11-01,2.4343050842702594,0.25430501751305723
2017-11-01,2.4343050842702594,0.25430501751305723
2017-11-01,2.4343050842702594,0.25430501751305723
2017-11-01,2.4343050842702594,0.25430501751305723
2017-11-01,2.4343050842702594,0.25430501751305723
2017-11-01,2.4343050842702594,0.25430501751305723
2017-11-01,2.4343050842702594,0.25430501751305723
2017-11-01,2.4343050842702594,0.25430501751305723
2017-11-01,2.4343050842702594,0.25430501751305723
2017-11-01,2.4343050842702594,0.25430501751305723
2017-11-01,2.4343050842702594,0.25430501751305723
2017-11-01,2.4343050842702594,0.25430501751305723
2017-11-01,2.4343050842702594,0.25430501751305723
2017-11-01,2.4343050842702594,0.25430501751305723
2017-11-01,2.4343050842702594,0.25430501751305723
2017-11-01,2.4343050842702594,0.25430501751305723
2017-11-01,2.4343050842702594,0.25430501751305723
2017-11-01,2.4343050842702594,0.25430501751305723
2017-11-01,2.4343050842702594,0.25430501751305723
2017-11-01,2.4343050842702594,0.25430501751305723
2017-11-01,2.4343050842702594,0.25430501751305723
2017-11-01,2.4343050842702594,0.25430501751305723
2017-11-01,3.8082653959487605,1.6282653291915583
2017-11-01,3.8082653959487605,1.6282653291915583
2017-11-01,3.8082653959487605,1.6282653291915583
2017-11-01,3.8082653959487605,1.6282653291915583
2017-11-01,3.8082653959487605,1.6282653291915583
2017-11-01,3.8082653959487605,1.6282653291915583
2017-11-01,3.8082653959487605,1.6282653291915583
2017-11-01,3.8082653959487605,1.6282653291915583
2017-11-01,3.8082653959487605,1.6282653291915583
2017-11-01,3.8082653959487605,1.6282653291915583
2017-11-01,3.8082653959487605,1.6282653291915583
2017-11-01,3.8082653959487605,1.6282653291915583
2017-11-01,3.8082653959487605,1.6282653291915583
2017-11-01,3.8082653959487605,1.6282653291915583
2017-11-01,3.8082653959487605,1.6282653291915583
2017-11-01,3.8082653959487605,1.6282653291915583
2017-11-01,3.8082653959487605,1.6282653291915583
2017-11-01,3.8082653959487605,1.6282653291915583
2017-11-01,3.8082653959487605,1.6282653291915583
2017-11-01,3.8082653959487605,1.6282653291915583
2017-11-01,3.8082653959487605,1.6282653291915583
2017-11-01,3.8082653959487605,1.6282653291915583
2017-11-01,3.8082653959487605,1.6282653291915583
2017-11-01,3.8082653959487605,1.6282653291915583
2017-11-01,3.8082653959487605,1.6282653291915583
2017-11-01,3.8082653959487605,1.6282653291915583
2017-11-01,3.8082653959487605,1.6282653291915583
2017-11-01,3.8082653959487605,1.6282653291915583
2017-11-01,3.8082653959487605,1.6282653291915583
2017-11-01,3.8082653959487605,1.6282653291915583
2017-11-01,3.8082653959487605,1.6282653291915583
2017-11-01,3.8082653959487605,1.6282653291915583
2017-11-01,3.8082653959487605,1.6282653291915583
2017-11-01,3.8082653959487605,1.6282653291915583
2017-11-01,3.8082653959487605,1.6282653291915583
2017-11-01,3.8082653959487605,1.6282653291915583
2017-11-01,3.8082653959487605,1.6282653291915583
2017-11-01,3.8082653959487605,1.6282653291915583
2017-11-01,3.8082653959487605,1.6282653291915583
2017-11-01,3.8082653959487605,1.6282653291915583
2017-11-01,3.8082653959487605,1.6282653291915583
2017-11-01,3.8082653959487605,1.6282653291915583
2017-11-01,3.8082653959487605,1.6282653291915583
2017-11-01,3.8082653959487605,1.6282653291915583
2017-11-01,3.8082653959487605,1.6282653291915583
2017-11-01,3.8082653959487605,1.6282653291915583
2017-11-01,3.8082653959487605,1.6282653291915583
2017-11-01,3.8082653959487605,1.6282653291915583
2017-11-01,3.8082653959487605,1.6282653291915583
2017-11-01,3.8082653959487605,1.6282653291915583
2017-11-01,3.8082653959487605,1.6282653291915583
2017-11-01,3.8082653959487605,1.6282653291915583
2017-11-01,3.8082653959487605,1.6282653291915583
2017-11-01,3.8082653959487605,1.6282653291915583
2017-11-01,3.8082653959487605,1.6282653291915583
2017-11-01,3.8082653959487605,1.6282653291915583
2017-11-01,3.8082653959487605,1.6282653291915583
2017-11-01,3.8082653959487605,1.6282653291915583
2017-11-01,3.8082653959487605,1.6282653291915583
2017-11-01,3.8082653959487605,1.6282653291915583
2017-11-01,3.8082653959487605,1.6282653291915583
2017-11-01,3.8082653959487605,1.6282653291915583
2017-11-01,3.8082653959487605,1.6282653291915583
2017-11-01,3.8082653959487605,1.6282653291915583
2017-11-01,3.8082653959487605,1.6282653291915583
2017-11-01,3.8082653959487605,1.6282653291915583
2017-11-01,3.8082653959487605,1.6282653291915583
2017-11-01,3.8082653959487605,1.6282653291915583
2017-11-01,3.8082653959487605,1.6282653291915583
2017-11-01,3.8082653959487605,1.6282653291915583
2017-11-01,3.8082653959487605,1.6282653291915583
2017-11-01,3.8082653959487605,1.6282653291915583
2017-11-01,3.8082653959487605,1.6282653291915583
2017-11-01,3.8082653959487605,1.6282653291915583
2017-11-01,3.8082653959487605,1.6282653291915583
2017-11-01,3.8082653959487605,1.6282653291915583
2017-11-01,3.8082653959487605,1.6282653291915583
2017-11-01,3.8082653959487605,1.6282653291915583
2017-11-01,3.8082653959487605,1.6282653291915583
2017-11-01,3.8082653959487605,1.6282653291915583
2017-11-01,3.8082653959487605,1.6282653291915583
2017-11-01,3.8082653959487605,1.6282653291915583
2017-11-01,3.8082653959487605,1.6282653291915583
2017-11-01,3.8082653959487605,1.6282653291915583
2017-11-01,3.8082653959487605,1.6282653291915583
2017-11-01,3.8082653959487605,1.6282653291915583
2017-11-01,3.8082653959487605,1.6282653291915583
2017-11-01,3.8082653959487605,1.6282653291915583
2017-11-01,3.8082653959487605,1.6282653291915583
2017-11-01,3.8082653959487605,1.6282653291915583
2017-11-01,3.8082653959487605,1.6282653291915583
2017-11-01,3.8082653959487605,1.6282653291915583
2017-11-01,3.8082653959487605,1.6282653291915583
2017-11-01,3.8082653959487605,1.6282653291915583
2017-11-01,3.8082653959487605,1.6282653291915583
2017-11-01,3.8082653959487605,1.6282653291915583
2017-11-01,3.8082653959487605,1.6282653291915583
2017-11-01,3.8082653959487605,1.6282653291915583
2017-11-01,3.8082653959487605,1.6282653291915583
2017-11-01,3.8082653959487605,1.6282653291915583
2017-12-01,3.3664355768793928,1.4564356102579938
2017-12-01,3.3664355768793928,1.4564356102579938
2017-12-01,3.3664355768793928,1.4564356102579938
2017-12-01,3.3664355768793928,1.4564356102579938
2017-12-01,3.3664355768793928,1.4564356102579938
2017-12-01,3.3664355768793928,1.4564356102579938
2017-12-01,3.3664355768793928,1.4564356102579938
2017-12-01,3.3664355768793928,1.4564356102579938
2017-12-01,3.3664355768793928,1.4564356102579938
2017-12-01,3.3664355768793928,1.4564356102579938
2017-12-01,3.3664355768793928,1.4564356102579938
2017-12-01,3.3664355768793928,1.4564356102579938
2017-12-01,3.3664355768793928,1.4564356102579938
2017-12-01,3.3664355768793928,1.4564356102579938
2017-12-01,3.3664355768793928,1.4564356102579938
2017-12-01,3.3664355768793928,1.4564356102579938
2017-12-01,3.3664355768793928,1.4564356102579938
2017-12-01,3.3664355768793928,1.4564356102579938
2017-12-01,3.3664355768793928,1.4564356102579938
2017-12-01,3.3664355768793928,1.4564356102579938
2017-12-01,3.3664355768793928,1.4564356102579938
2017-12-01,3.3664355768793928,1.4564356102579938
2017-12-01,3.3664355768793928,1.4564356102579938
2017-12-01,3.3664355768793928,1.4564356102579938
2017-12-01,3.3664355768793928,1.4564356102579938
2017-12-01,3.3664355768793928,1.4564356102579938
2017-12-01,3.3664355768793928,1.4564356102579938
2017-12-01,3.3664355768793928,1.4564356102579938
2017-12-01,3.3664355768793928,1.4564356102579938
2017-12-01,3.3664355768793928,1.4564356102579938
2017-12-01,3.3664355768793928,1.4564356102579938
2017-12-01,3.3664355768793928,1.4564356102579938
2017-12-01,3.3664355768793928,1.4564356102579938
2017-12-01,3.3664355768793928,1.4564356102579938
2017-12-01,3.3664355768793928,1.4564356102579938
2017-12-01,3.3664355768793928,1.4564356102579938
2017-12-01,3.3664355768793928,1.4564356102579938
2017-12-01,3.3664355768793928,1.4564356102579938
2017-12-01,3.3664355768793928,1.4564356102579938
2017-12-01,3.3664355768793928,1.4564356102579938
2017-12-01,3.3664355768793928,1.4564356102579938
2017-12-01,3.3664355768793928,1.4564356102579938
2017-12-01,3.3664355768793928,1.4564356102579938
2017-12-01,3.3664355768793928,1.4564356102579938
2017-12-01,3.3664355768793928,1.4564356102579938
2017-12-01,3.3664355768793928,1.4564356102579938
2017-12-01,3.3664355768793928,1.4564356102579938
2017-12-01,3.3664355768793928,1.4564356102579938
2017-12-01,3.3664355768793928,1.4564356102579938
2017-12-01,3.3664355768793928,1.4564356102579938
2017-12-01,3.3664355768793928,1.4564356102579938
2017-12-01,3.3664355768793928,1.4564356102579938
2017-12-01,3.3664355768793928,1.4564356102579938
2017-12-01,3.3664355768793928,1.4564356102579938
2017-12-01,3.3664355768793928,1.4564356102579938
2017-12-01,3.3664355768793928,1.4564356102579938
2017-12-01,3.3664355768793928,1.4564356102579938
2017-12-01,3.3664355768793928,1.4564356102579938
2017-12-01,3.3664355768793928,1.4564356102579938
2017-12-01,3.3664355768793928,1.4564356102579938
2017-12-01,3.3664355768793928,1.4564356102579938
2017-12-01,3.3664355768793928,1.4564356102579938
2017-12-01,3.3664355768793928,1.4564356102579938
2017-12-01,3.3664355768793928,1.4564356102579938
2017-12-01,3.3664355768793928,1.4564356102579938
2017-12-01,3.3664355768793928,1.4564356102579938
2017-12-01,3.3664355768793928,1.4564356102579938
2017-12-01,3.3664355768793928,1.4564356102579938
2017-12-01,3.3664355768793928,1.4564356102579938
2017-12-01,3.3664355768793928,1.4564356102579938
2017-12-01,3.3664355768793928,1.4564356102579938
2017-12-01,3.3664355768793928,1.4564356102579938
2017-12-01,3.3664355768793928,1.4564356102579938
2017-12-01,3.3664355768793928,1.4564356102579938
2017-12-01,3.3664355768793928,1.4564356102579938
2017-12-01,3.3664355768793928,1.4564356102579938
2017-12-01,3.3664355768793928,1.4564356102579938
2017-12-01,3.3664355768793928,1.4564356102579938
2017-12-01,3.3664355768793928,1.4564356102579938
2017-12-01,3.3664355768793928,1.4564356102579938
2017-12-01,3.3664355768793928,1.4564356102579938
2017-12-01,3.3664355768793928,1.4564356102579938
2017-12-01,3.3664355768793928,1.4564356102579938
2017-12-01,3.3664355768793928,1.4564356102579938
2017-12-01,3.3664355768793928,1.4564356102579938
2017-12-01,3.3664355768793928,1.4564356102579938
2017-12-01,3.3664355768793928,1.4564356102579938
2017-12-01,3.3664355768793928,1.4564356102579938
2017-12-01,3.3664355768793928,1.4564356102579938
2017-12-01,3.3664355768793928,1.4564356102579938
2017-12-01,3.3664355768793928,1.4564356102579938
2017-12-01,3.3664355768793928,1.4564356102579938
2017-12-01,3.3664355768793928,1.4564356102579938
2017-12-01,3.3664355768793928,1.4564356102579938
2017-12-01,3.3664355768793928,1.4564356102579938
2017-12-01,3.3664355768793928,1.4564356102579938
2017-12-01,3.3664355768793928,1.4564356102579938
2017-12-01,3.3664355768793928,1.4564356102579938
2017-12-01,3.3664355768793928,1.4564356102579938
2017-12-01,3.3664355768793928,1.4564356102579938
2017-12-01,3.83147761705877,1.921477650437371
2017-12-01,3.83147761705877,1.921477650437371
2017-12-01,3.83147761705877,1.921477650437371
2017-12-01,3.83147761705877,1.921477650437371
2017-12-01,3.83147761705877,1.921477650437371
2017-12-01,3.83147761705877,1.921477650437371
2017-12-01,3.83147761705877,1.921477650437371
2017-12-01,3.83147761705877,1.921477650437371
2017-12-01,3.83147761705877,1.921477650437371
2017-12-01,3.83147761705877,1.921477650437371
2017-12-01,3.83147761705877,1.921477650437371
2017-12-01,3.83147761705877,1.921477650437371
2017-12-01,3.83147761705877,1.921477650437371
2017-12-01,3.83147761705877,1.921477650437371
2017-12-01,3.83147761705877,1.921477650437371
2017-12-01,3.83147761705877,1.921477650437371
2017-12-01,3.83147761705877,1.921477650437371
2017-12-01,3.83147761705877,1.921477650437371
2017-12-01,3.83147761705877,1.921477650437371
2017-12-01,3.83147761705877,1.921477650437371
2017-12-01,3.83147761705877,1.921477650437371
2017-12-01,3.83147761705877,1.921477650437371
2017-12-01,3.83147761705877,1.921477650437371
2017-12-01,3.83147761705877,1.921477650437371
2017-12-01,3.83147761705877,1.921477650437371
2017-12-01,3.83147761705877,1.921477650437371
2017-12-01,3.83147761705877,1.921477650437371
2017-12-01,3.83147761705877,1.921477650437371
2017-12-01,3.83147761705877,1.921477650437371
2017-12-01,3.83147761705877,1.921477650437371
2017-12-01,3.83147761705877,1.921477650437371
2017-12-01,3.83147761705877,1.921477650437371
2017-12-01,3.83147761705877,1.921477650437371
2017-12-01,3.83147761705877,1.921477650437371
2017-12-01,3.83147761705877,1.921477650437371
2017-12-01,3.83147761705877,1.921477650437371
2017-12-01,3.83147761705877,1.921477650437371
2017-12-01,3.83147761705877,1.921477650437371
2017-12-01,3.83147761705877,1.921477650437371
2017-12-01,3.83147761705877,1.921477650437371
2017-12-01,3.83147761705877,1.921477650437371
2017-12-01,3.83147761705877,1.921477650437371
2017-12-01,3.83147761705877,1.921477650437371
2017-12-01,3.83147761705877,1.921477650437371
2017-12-01,3.83147761705877,1.921477650437371
2017-12-01,3.83147761705877,1.921477650437371
2017-12-01,3.83147761705877,1.921477650437371
2017-12-01,3.83147761705877,1.921477650437371
2017-12-01,3.83147761705877,1.921477650437371
2017-12-01,3.83147761705877,1.921477650437371
2017-12-01,3.83147761705877,1.921477650437371
2017-12-01,3.83147761705877,1.921477650437371
2017-12-01,3.83147761705877,1.921477650437371
2017-12-01,3.83147761705877,1.921477650437371
2017-12-01,3.83147761705877,1.921477650437371
2017-12-01,3.83147761705877,1.921477650437371
2017-12-01,3.83147761705877,1.921477650437371
2017-12-01,3.83147761705877,1.921477650437371
2017-12-01,3.83147761705877,1.921477650437371
2017-12-01,3.83147761705877,1.921477650437371
2017-12-01,3.83147761705877,1.921477650437371
2017-12-01,3.83147761705877,1.921477650437371
2017-12-01,3.83147761705877,1.921477650437371
2017-12-01,3.83147761705877,1.921477650437371
2017-12-01,3.83147761705877,1.921477650437371
2017-12-01,3.83147761705877,1.921477650437371
2017-12-01,3.83147761705877,1.921477650437371
2017-12-01,3.83147761705877,1.921477650437371
2017-12-01,3.83147761705877,1.921477650437371
2017-12-01,3.83147761705877,1.921477650437371
2017-12-01,3.83147761705877,1.921477650437371
2017-12-01,3.83147761705877,1.921477650437371
2017-12-01,3.83147761705877,1.921477650437371
2017-12-01,3.83147761705877,1.921477650437371
2017-12-01,3.83147761705877,1.921477650437371
2017-12-01,3.83147761705877,1.921477650437371
2017-12-01,3.83147761705877,1.921477650437371
2017-12-01,3.83147761705877,1.921477650437371
2017-12-01,3.83147761705877,1.921477650437371
2017-12-01,3.83147761705877,1.921477650437371
2017-12-01,3.83147761705877,1.921477650437371
2017-12-01,3.83147761705877,1.921477650437371
2017-12-01,3.83147761705877,1.921477650437371
2017-12-01,3.83147761705877,1.921477650437371
2017-12-01,3.83147761705877,1.921477650437371
2017-12-01,3.83147761705877,1.921477650437371
2017-12-01,3.83147761705877,1.921477650437371
2017-12-01,3.83147761705877,1.921477650437371
2017-12-01,3.83147761705877,1.921477650437371
2017-12-01,3.83147761705877,1.921477650437371
2017-12-01,3.83147761705877,1.921477650437371
2017-12-01,3.83147761705877,1.921477650437371
2017-12-01,3.83147761705877,1.921477650437371
2017-12-01,3.83147761705877,1.921477650437371
2017-12-01,3.83147761705877,1.921477650437371
2017-12-01,3.83147761705877,1.921477650437371
2017-12-01,3.83147761705877,1.921477650437371
2017-12-01,3.83147761705877,1.921477650437371
2017-12-01,3.83147761705877,1.921477650437371
2017-12-01,3.83147761705877,1.921477650437371
2017-12-01,3.7035361990349793,1.7935362324135804
2017-12-01,3.7035361990349793,1.7935362324135804
2017-12-01,3.7035361990349793,1.7935362324135804
2017-12-01,3.7035361990349793,1.7935362324135804
2017-12-01,3.7035361990349793,1.7935362324135804
2017-12-01,3.7035361990349793,1.7935362324135804
2017-12-01,3.7035361990349793,1.7935362324135804
2017-12-01,3.7035361990349793,1.7935362324135804
2017-12-01,3.7035361990349793,1.7935362324135804
2017-12-01,3.7035361990349793,1.7935362324135804
2017-12-01,3.7035361990349793,1.7935362324135804
2017-12-01,3.7035361990349793,1.7935362324135804
2017-12-01,3.7035361990349793,1.7935362324135804
2017-12-01,3.7035361990349793,1.7935362324135804
2017-12-01,3.7035361990349793,1.7935362324135804
2017-12-01,3.7035361990349793,1.7935362324135804
2017-12-01,3.7035361990349793,1.7935362324135804
2017-12-01,3.7035361990349793,1.7935362324135804
2017-12-01,3.7035361990349793,1.7935362324135804
2017-12-01,3.7035361990349793,1.7935362324135804
2017-12-01,3.7035361990349793,1.7935362324135804
2017-12-01,3.7035361990349793,1.7935362324135804
2017-12-01,3.7035361990349793,1.7935362324135804
2017-12-01,3.7035361990349793,1.7935362324135804
2017-12-01,3.7035361990349793,1.7935362324135804
2017-12-01,3.7035361990349793,1.7935362324135804
2017-12-01,3.7035361990349793,1.7935362324135804
2017-12-01,3.7035361990349793,1.7935362324135804
2017-12-01,3.7035361990349793,1.7935362324135804
2017-12-01,3.7035361990349793,1.7935362324135804
2017-12-01,3.7035361990349793,1.7935362324135804
2017-12-01,3.7035361990349793,1.7935362324135804
2017-12-01,3.7035361990349793,1.7935362324135804
2017-12-01,3.7035361990349793,1.7935362324135804
2017-12-01,3.7035361990349793,1.7935362324135804
2017-12-01,3.7035361990349793,1.7935362324135804
2017-12-01,3.7035361990349793,1.7935362324135804
2017-12-01,3.7035361990349793,1.7935362324135804
2017-12-01,3.7035361990349793,1.7935362324135804
2017-12-01,3.7035361990349793,1.7935362324135804
2017-12-01,3.7035361990349793,1.7935362324135804
2017-12-01,3.7035361990349793,1.7935362324135804
2017-12-01,3.7035361990349793,1.7935362324135804
2017-12-01,3.7035361990349793,1.7935362324135804
2017-12-01,3.7035361990349793,1.7935362324135804
2017-12-01,3.7035361990349793,1.7935362324135804
2017-12-01,3.7035361990349793,1.7935362324135804
2017-12-01,3.7035361990349793,1.7935362324135804
2017-12-01,3.7035361990349793,1.7935362324135804
2017-12-01,3.7035361990349793,1.7935362324135804
2017-12-01,3.7035361990349793,1.7935362324135804
2017-12-01,3.7035361990349793,1.7935362324135804
2017-12-01,3.7035361990349793,1.7935362324135804
2017-12-01,3.7035361990349793,1.7935362324135804
2017-12-01,3.7035361990349793,1.7935362324135804
2017-12-01,3.7035361990349793,1.7935362324135804
2017-12-01,3.7035361990349793,1.7935362324135804
2017-12-01,3.7035361990349793,1.7935362324135804
2017-12-01,3.7035361990349793,1.7935362324135804
2017-12-01,3.7035361990349793,1.7935362324135804
2017-12-01,3.7035361990349793,1.7935362324135804
2017-12-01,3.7035361990349793,1.7935362324135804
2017-12-01,3.7035361990349793,1.7935362324135804
2017-12-01,3.7035361990349793,1.7935362324135804
2017-12-01,3.7035361990349793,1.7935362324135804
2017-12-01,3.7035361990349793,1.7935362324135804
2017-12-01,3.7035361990349793,1.7935362324135804
2017-12-01,3.7035361990349793,1.7935362324135804
2017-12-01,3.7035361990349793,1.7935362324135804
2017-12-01,3.7035361990349793,1.7935362324135804
2017-12-01,3.7035361990349793,1.7935362324135804
2017-12-01,3.7035361990349793,1.7935362324135804
2017-12-01,3.7035361990349793,1.7935362324135804
2017-12-01,3.7035361990349793,1.7935362324135804
2017-12-01,3.7035361990349793,1.7935362324135804
2017-12-01,3.7035361990349793,1.7935362324135804
2017-12-01,3.7035361990349793,1.7935362324135804
2017-12-01,3.7035361990349793,1.7935362324135804
2017-12-01,3.7035361990349793,1.7935362324135804
2017-12-01,3.7035361990349793,1.7935362324135804
2017-12-01,3.7035361990349793,1.7935362324135804
2017-12-01,3.7035361990349793,1.7935362324135804
2017-12-01,3.7035361990349793,1.7935362324135804
2017-12-01,3.7035361990349793,1.7935362324135804
2017-12-01,3.7035361990349793,1.7935362324135804
2017-12-01,3.7035361990349793,1.7935362324135804
2017-12-01,3.7035361990349793,1.7935362324135804
2017-12-01,3.7035361990349793,1.7935362324135804
2017-12-01,3.7035361990349793,1.7935362324135804
2017-12-01,3.7035361990349793,1.7935362324135804
2017-12-01,3.7035361990349793,1.7935362324135804
2017-12-01,3.7035361990349793,1.7935362324135804
2017-12-01,3.7035361990349793,1.7935362324135804
2017-12-01,3.7035361990349793,1.7935362324135804
2017-12-01,3.7035361990349793,1.7935362324135804
2017-12-01,3.7035361990349793,1.7935362324135804
2017-12-01,3.7035361990349793,1.7935362324135804
2017-12-01,3.7035361990349793,1.7935362324135804
2017-12-01,3.7035361990349793,1.7935362324135804
2017-12-01,3.7035361990349793,1.7935362324135804
2017-12-01,2.5166407275359917,0.6066407609145927
2017-12-01,2.5166407275359917,0.6066407609145927
2017-12-01,2.5166407275359917,0.6066407609145927
2017-12-01,2.5166407275359917,0.6066407609145927
2017-12-01,2.5166407275359917,0.6066407609145927
2017-12-01,2.5166407275359917,0.6066407609145927
2017-12-01,2.5166407275359917,0.6066407609145927
2017-12-01,2.5166407275359917,0.6066407609145927
2017-12-01,2.5166407275359917,0.6066407609145927
2017-12-01,2.5166407275359917,0.6066407609145927
2017-12-01,2.5166407275359917,0.6066407609145927
2017-12-01,2.5166407275359917,0.6066407609145927
2017-12-01,2.5166407275359917,0.6066407609145927
2017-12-01,2.5166407275359917,0.6066407609145927
2017-12-01,2.5166407275359917,0.6066407609145927
2017-12-01,2.5166407275359917,0.6066407609145927
2017-12-01,2.5166407275359917,0.6066407609145927
2017-12-01,2.5166407275359917,0.6066407609145927
2017-12-01,2.5166407275359917,0.6066407609145927
2017-12-01,2.5166407275359917,0.6066407609145927
2017-12-01,2.5166407275359917,0.6066407609145927
2017-12-01,2.5166407275359917,0.6066407609145927
2017-12-01,2.5166407275359917,0.6066407609145927
2017-12-01,2.5166407275359917,0.6066407609145927
2017-12-01,2.5166407275359917,0.6066407609145927
2017-12-01,2.5166407275359917,0.6066407609145927
2017-12-01,2.5166407275359917,0.6066407609145927
2017-12-01,2.5166407275359917,0.6066407609145927
2017-12-01,2.5166407275359917,0.6066407609145927
2017-12-01,2.5166407275359917,0.6066407609145927
2017-12-01,2.5166407275359917,0.6066407609145927
2017-12-01,2.5166407275359917,0.6066407609145927
2017-12-01,2.5166407275359917,0.6066407609145927
2017-12-01,2.5166407275359917,0.6066407609145927
2017-12-01,2.5166407275359917,0.6066407609145927
2017-12-01,2.5166407275359917,0.6066407609145927
2017-12-01,2.5166407275359917,0.6066407609145927
2017-12-01,2.5166407275359917,0.6066407609145927
2017-12-01,2.5166407275359917,0.6066407609145927
2017-12-01,2.5166407275359917,0.6066407609145927
2017-12-01,2.5166407275359917,0.6066407609145927
2017-12-01,2.5166407275359917,0.6066407609145927
2017-12-01,2.5166407275359917,0.6066407609145927
2017-12-01,2.5166407275359917,0.6066407609145927
2017-12-01,2.5166407275359917,0.6066407609145927
2017-12-01,2.5166407275359917,0.6066407609145927
2017-12-01,2.5166407275359917,0.6066407609145927
2017-12-01,2.5166407275359917,0.6066407609145927
2017-12-01,2.5166407275359917,0.6066407609145927
2017-12-01,2.5166407275359917,0.6066407609145927
2017-12-01,2.5166407275359917,0.6066407609145927
2017-12-01,2.5166407275359917,0.6066407609145927
2017-12-01,2.5166407275359917,0.6066407609145927
2017-12-01,2.5166407275359917,0.6066407609145927
2017-12-01,2.5166407275359917,0.6066407609145927
2017-12-01,2.5166407275359917,0.6066407609145927
2017-12-01,2.5166407275359917,0.6066407609145927
2017-12-01,2.5166407275359917,0.6066407609145927
2017-12-01,2.5166407275359917,0.6066407609145927
2017-12-01,2.5166407275359917,0.6066407609145927
2017-12-01,2.5166407275359917,0.6066407609145927
2017-12-01,2.5166407275359917,0.6066407609145927
2017-12-01,2.5166407275359917,0.6066407609145927
2017-12-01,2.5166407275359917,0.6066407609145927
2017-12-01,2.5166407275359917,0.6066407609145927
2017-12-01,2.5166407275359917,0.6066407609145927
2017-12-01,2.5166407275359917,0.6066407609145927
2017-12-01,2.5166407275359917,0.6066407609145927
2017-12-01,2.5166407275359917,0.6066407609145927
2017-12-01,2.5166407275359917,0.6066407609145927
2017-12-01,2.5166407275359917,0.6066407609145927
2017-12-01,2.5166407275359917,0.6066407609145927
2017-12-01,2.5166407275359917,0.6066407609145927
2017-12-01,2.5166407275359917,0.6066407609145927
2017-12-01,2.5166407275359917,0.6066407609145927
2017-12-01,2.5166407275359917,0.6066407609145927
2017-12-01,2.5166407275359917,0.6066407609145927
2017-12-01,2.5166407275359917,0.6066407609145927
2017-12-01,2.5166407275359917,0.6066407609145927
2017-12-01,2.5166407275359917,0.6066407609145927
2017-12-01,2.5166407275359917,0.6066407609145927
2017-12-01,2.5166407275359917,0.6066407609145927
2017-12-01,2.5166407275359917,0.6066407609145927
2017-12-01,2.5166407275359917,0.6066407609145927
2017-12-01,2.5166407275359917,0.6066407609145927
2017-12-01,2.5166407275359917,0.6066407609145927
2017-12-01,2.5166407275359917,0.6066407609145927
2017-12-01,2.5166407275359917,0.6066407609145927
2017-12-01,2.5166407275359917,0.6066407609145927
2017-12-01,2.5166407275359917,0.6066407609145927
2017-12-01,2.5166407275359917,0.6066407609145927
2017-12-01,2.5166407275359917,0.6066407609145927
2017-12-01,2.5166407275359917,0.6066407609145927
2017-12-01,2.5166407275359917,0.6066407609145927
2017-12-01,2.5166407275359917,0.6066407609145927
2017-12-01,2.5166407275359917,0.6066407609145927
2017-12-01,2.5166407275359917,0.6066407609145927
2017-12-01,2.5166407275359917,0.6066407609145927
2017-12-01,2.5166407275359917,0.6066407609145927
2017-12-01,2.5166407275359917,0.6066407609145927
2017-12-01,3.6262236459422317,1.7162236793208328
2017-12-01,3.6262236459422317,1.7162236793208328
2017-12-01,3.6262236459422317,1.7162236793208328
2017-12-01,3.6262236459422317,1.7162236793208328
2017-12-01,3.6262236459422317,1.7162236793208328
2017-12-01,3.6262236459422317,1.7162236793208328
2017-12-01,3.6262236459422317,1.7162236793208328
2017-12-01,3.6262236459422317,1.7162236793208328
2017-12-01,3.6262236459422317,1.7162236793208328
2017-12-01,3.6262236459422317,1.7162236793208328
2017-12-01,3.6262236459422317,1.7162236793208328
2017-12-01,3.6262236459422317,1.7162236793208328
2017-12-01,3.6262236459422317,1.7162236793208328
2017-12-01,3.6262236459422317,1.7162236793208328
2017-12-01,3.6262236459422317,1.7162236793208328
2017-12-01,3.6262236459422317,1.7162236793208328
2017-12-01,3.6262236459422317,1.7162236793208328
2017-12-01,3.6262236459422317,1.7162236793208328
2017-12-01,3.6262236459422317,1.7162236793208328
2017-12-01,3.6262236459422317,1.7162236793208328
2017-12-01,3.6262236459422317,1.7162236793208328
2017-12-01,3.6262236459422317,1.7162236793208328
2017-12-01,3.6262236459422317,1.7162236793208328
2017-12-01,3.6262236459422317,1.7162236793208328
2017-12-01,3.6262236459422317,1.7162236793208328
2017-12-01,3.6262236459422317,1.7162236793208328
2017-12-01,3.6262236459422317,1.7162236793208328
2017-12-01,3.6262236459422317,1.7162236793208328
2017-12-01,3.6262236459422317,1.7162236793208328
2017-12-01,3.6262236459422317,1.7162236793208328
2017-12-01,3.6262236459422317,1.7162236793208328
2017-12-01,3.6262236459422317,1.7162236793208328
2017-12-01,3.6262236459422317,1.7162236793208328
2017-12-01,3.6262236459422317,1.7162236793208328
2017-12-01,3.6262236459422317,1.7162236793208328
2017-12-01,3.6262236459422317,1.7162236793208328
2017-12-01,3.6262236459422317,1.7162236793208328
2017-12-01,3.6262236459422317,1.7162236793208328
2017-12-01,3.6262236459422317,1.7162236793208328
2017-12-01,3.6262236459422317,1.7162236793208328
2017-12-01,3.6262236459422317,1.7162236793208328
2017-12-01,3.6262236459422317,1.7162236793208328
2017-12-01,3.6262236459422317,1.7162236793208328
2017-12-01,3.6262236459422317,1.7162236793208328
2017-12-01,3.6262236459422317,1.7162236793208328
2017-12-01,3.6262236459422317,1.7162236793208328
2017-12-01,3.6262236459422317,1.7162236793208328
2017-12-01,3.6262236459422317,1.7162236793208328
2017-12-01,3.6262236459422317,1.7162236793208328
2017-12-01,3.6262236459422317,1.7162236793208328
2017-12-01,3.6262236459422317,1.7162236793208328
2017-12-01,3.6262236459422317,1.7162236793208328
2017-12-01,3.6262236459422317,1.7162236793208328
2017-12-01,3.6262236459422317,1.7162236793208328
2017-12-01,3.6262236459422317,1.7162236793208328
2017-12-01,3.6262236459422317,1.7162236793208328
2017-12-01,3.6262236459422317,1.7162236793208328
2017-12-01,3.6262236459422317,1.7162236793208328
2017-12-01,3.6262236459422317,1.7162236793208328
2017-12-01,3.6262236459422317,1.7162236793208328
2017-12-01,3.6262236459422317,1.7162236793208328
2017-12-01,3.6262236459422317,1.7162236793208328
2017-12-01,3.6262236459422317,1.7162236793208328
2017-12-01,3.6262236459422317,1.7162236793208328
2017-12-01,3.6262236459422317,1.7162236793208328
2017-12-01,3.6262236459422317,1.7162236793208328
2017-12-01,3.6262236459422317,1.7162236793208328
2017-12-01,3.6262236459422317,1.7162236793208328
2017-12-01,3.6262236459422317,1.7162236793208328
2017-12-01,3.6262236459422317,1.7162236793208328
2017-12-01,3.6262236459422317,1.7162236793208328
2017-12-01,3.6262236459422317,1.7162236793208328
2017-12-01,3.6262236459422317,1.7162236793208328
2017-12-01,3.6262236459422317,1.7162236793208328
2017-12-01,3.6262236459422317,1.7162236793208328
2017-12-01,3.6262236459422317,1.7162236793208328
2017-12-01,3.6262236459422317,1.7162236793208328
2017-12-01,3.6262236459422317,1.7162236793208328
2017-12-01,3.6262236459422317,1.7162236793208328
2017-12-01,3.6262236459422317,1.7162236793208328
2017-12-01,3.6262236459422317,1.7162236793208328
2017-12-01,3.6262236459422317,1.7162236793208328
2017-12-01,3.6262236459422317,1.7162236793208328
2017-12-01,3.6262236459422317,1.7162236793208328
2017-12-01,3.6262236459422317,1.7162236793208328
2017-12-01,3.6262236459422317,1.7162236793208328
2017-12-01,3.6262236459422317,1.7162236793208328
2017-12-01,3.6262236459422317,1.7162236793208328
2017-12-01,3.6262236459422317,1.7162236793208328
2017-12-01,3.6262236459422317,1.7162236793208328
2017-12-01,3.6262236459422317,1.7162236793208328
2017-12-01,3.6262236459422317,1.7162236793208328
2017-12-01,3.6262236459422317,1.7162236793208328
2017-12-01,3.6262236459422317,1.7162236793208328
2017-12-01,3.6262236459422317,1.7162236793208328
2017-12-01,3.6262236459422317,1.7162236793208328
2017-12-01,3.6262236459422317,1.7162236793208328
2017-12-01,3.6262236459422317,1.7162236793208328
2017-12-01,3.6262236459422317,1.7162236793208328
2017-12-01,3.6262236459422317,1.7162236793208328
2017-12-01,3.366770240791306,1.456770274169907
2017-12-01,3.366770240791306,1.456770274169907
2017-12-01,3.366770240791306,1.456770274169907
2017-12-01,3.366770240791306,1.456770274169907
2017-12-01,3.366770240791306,1.456770274169907
2017-12-01,3.366770240791306,1.456770274169907
2017-12-01,3.366770240791306,1.456770274169907
2017-12-01,3.366770240791306,1.456770274169907
2017-12-01,3.366770240791306,1.456770274169907
2017-12-01,3.366770240791306,1.456770274169907
2017-12-01,3.366770240791306,1.456770274169907
2017-12-01,3.366770240791306,1.456770274169907
2017-12-01,3.366770240791306,1.456770274169907
2017-12-01,3.366770240791306,1.456770274169907
2017-12-01,3.366770240791306,1.456770274169907
2017-12-01,3.366770240791306,1.456770274169907
2017-12-01,3.366770240791306,1.456770274169907
2017-12-01,3.366770240791306,1.456770274169907
2017-12-01,3.366770240791306,1.456770274169907
2017-12-01,3.366770240791306,1.456770274169907
2017-12-01,3.366770240791306,1.456770274169907
2017-12-01,3.366770240791306,1.456770274169907
2017-12-01,3.366770240791306,1.456770274169907
2017-12-01,3.366770240791306,1.456770274169907
2017-12-01,3.366770240791306,1.456770274169907
2017-12-01,3.366770240791306,1.456770274169907
2017-12-01,3.366770240791306,1.456770274169907
2017-12-01,3.366770240791306,1.456770274169907
2017-12-01,3.366770240791306,1.456770274169907
2017-12-01,3.366770240791306,1.456770274169907
2017-12-01,3.366770240791306,1.456770274169907
2017-12-01,3.366770240791306,1.456770274169907
2017-12-01,3.366770240791306,1.456770274169907
2017-12-01,3.366770240791306,1.456770274169907
2017-12-01,3.366770240791306,1.456770274169907
2017-12-01,3.366770240791306,1.456770274169907
2017-12-01,3.366770240791306,1.456770274169907
2017-12-01,3.366770240791306,1.456770274169907
2017-12-01,3.366770240791306,1.456770274169907
2017-12-01,3.366770240791306,1.456770274169907
2017-12-01,3.366770240791306,1.456770274169907
2017-12-01,3.366770240791306,1.456770274169907
2017-12-01,3.366770240791306,1.456770274169907
2017-12-01,3.366770240791306,1.456770274169907
2017-12-01,3.366770240791306,1.456770274169907
2017-12-01,3.366770240791306,1.456770274169907
2017-12-01,3.366770240791306,1.456770274169907
2017-12-01,3.366770240791306,1.456770274169907
2017-12-01,3.366770240791306,1.456770274169907
2017-12-01,3.366770240791306,1.456770274169907
2017-12-01,3.366770240791306,1.456770274169907
2017-12-01,3.366770240791306,1.456770274169907
2017-12-01,3.366770240791306,1.456770274169907
2017-12-01,3.366770240791306,1.456770274169907
2017-12-01,3.366770240791306,1.456770274169907
2017-12-01,3.366770240791306,1.456770274169907
2017-12-01,3.366770240791306,1.456770274169907
2017-12-01,3.366770240791306,1.456770274169907
2017-12-01,3.366770240791306,1.456770274169907
2017-12-01,3.366770240791306,1.456770274169907
2017-12-01,3.366770240791306,1.456770274169907
2017-12-01,3.366770240791306,1.456770274169907
2017-12-01,3.366770240791306,1.456770274169907
2017-12-01,3.366770240791306,1.456770274169907
2017-12-01,3.366770240791306,1.456770274169907
2017-12-01,3.366770240791306,1.456770274169907
2017-12-01,3.366770240791306,1.456770274169907
2017-12-01,3.366770240791306,1.456770274169907
2017-12-01,3.366770240791306,1.456770274169907
2017-12-01,3.366770240791306,1.456770274169907
2017-12-01,3.366770240791306,1.456770274169907
2017-12-01,3.366770240791306,1.456770274169907
2017-12-01,3.366770240791306,1.456770274169907
2017-12-01,3.366770240791306,1.456770274169907
2017-12-01,3.366770240791306,1.456770274169907
2017-12-01,3.366770240791306,1.456770274169907
2017-12-01,3.366770240791306,1.456770274169907
2017-12-01,3.366770240791306,1.456770274169907
2017-12-01,3.366770240791306,1.456770274169907
2017-12-01,3.366770240791306,1.456770274169907
2017-12-01,3.366770240791306,1.456770274169907
2017-12-01,3.366770240791306,1.456770274169907
2017-12-01,3.366770240791306,1.456770274169907
2017-12-01,3.366770240791306,1.456770274169907
2017-12-01,3.366770240791306,1.456770274169907
2017-12-01,3.366770240791306,1.456770274169907
2017-12-01,3.366770240791306,1.456770274169907
2017-12-01,3.366770240791306,1.456770274169907
2017-12-01,3.366770240791306,1.456770274169907
2017-12-01,3.366770240791306,1.456770274169907
2017-12-01,3.366770240791306,1.456770274169907
2017-12-01,3.366770240791306,1.456770274169907
2017-12-01,3.366770240791306,1.456770274169907
2017-12-01,3.366770240791306,1.456770274169907
2017-12-01,3.366770240791306,1.456770274169907
2017-12-01,3.366770240791306,1.456770274169907
2017-12-01,3.366770240791306,1.456770274169907
2017-12-01,3.366770240791306,1.456770274169907
2017-12-01,3.366770240791306,1.456770274169907
2017-12-01,3.366770240791306,1.456770274169907
2017-12-01,3.327759197974403,1.417759231353004
2017-12-01,3.327759197974403,1.417759231353004
2017-12-01,3.327759197974403,1.417759231353004
2017-12-01,3.327759197974403,1.417759231353004
2017-12-01,3.327759197974403,1.417759231353004
2017-12-01,3.327759197974403,1.417759231353004
2017-12-01,3.327759197974403,1.417759231353004
2017-12-01,3.327759197974403,1.417759231353004
2017-12-01,3.327759197974403,1.417759231353004
2017-12-01,3.327759197974403,1.417759231353004
2017-12-01,3.327759197974403,1.417759231353004
2017-12-01,3.327759197974403,1.417759231353004
2017-12-01,3.327759197974403,1.417759231353004
2017-12-01,3.327759197974403,1.417759231353004
2017-12-01,3.327759197974403,1.417759231353004
2017-12-01,3.327759197974403,1.417759231353004
2017-12-01,3.327759197974403,1.417759231353004
2017-12-01,3.327759197974403,1.417759231353004
2017-12-01,3.327759197974403,1.417759231353004
2017-12-01,3.327759197974403,1.417759231353004
2017-12-01,3.327759197974403,1.417759231353004
2017-12-01,3.327759197974403,1.417759231353004
2017-12-01,3.327759197974403,1.417759231353004
2017-12-01,3.327759197974403,1.417759231353004
2017-12-01,3.327759197974403,1.417759231353004
2017-12-01,3.327759197974403,1.417759231353004
2017-12-01,3.327759197974403,1.417759231353004
2017-12-01,3.327759197974403,1.417759231353004
2017-12-01,3.327759197974403,1.417759231353004
2017-12-01,3.327759197974403,1.417759231353004
2017-12-01,3.327759197974403,1.417759231353004
2017-12-01,3.327759197974403,1.417759231353004
2017-12-01,3.327759197974403,1.417759231353004
2017-12-01,3.327759197974403,1.417759231353004
2017-12-01,3.327759197974403,1.417759231353004
2017-12-01,3.327759197974403,1.417759231353004
2017-12-01,3.327759197974403,1.417759231353004
2017-12-01,3.327759197974403,1.417759231353004
2017-12-01,3.327759197974403,1.417759231353004
2017-12-01,3.327759197974403,1.417759231353004
2017-12-01,3.327759197974403,1.417759231353004
2017-12-01,3.327759197974403,1.417759231353004
2017-12-01,3.327759197974403,1.417759231353004
2017-12-01,3.327759197974403,1.417759231353004
2017-12-01,3.327759197974403,1.417759231353004
2017-12-01,3.327759197974403,1.417759231353004
2017-12-01,3.327759197974403,1.417759231353004
2017-12-01,3.327759197974403,1.417759231353004
2017-12-01,3.327759197974403,1.417759231353004
2017-12-01,3.327759197974403,1.417759231353004
2017-12-01,3.327759197974403,1.417759231353004
2017-12-01,3.327759197974403,1.417759231353004
2017-12-01,3.327759197974403,1.417759231353004
2017-12-01,3.327759197974403,1.417759231353004
2017-12-01,3.327759197974403,1.417759231353004
2017-12-01,3.327759197974403,1.417759231353004
2017-12-01,3.327759197974403,1.417759231353004
2017-12-01,3.327759197974403,1.417759231353004
2017-12-01,3.327759197974403,1.417759231353004
2017-12-01,3.327759197974403,1.417759231353004
2017-12-01,3.327759197974403,1.417759231353004
2017-12-01,3.327759197974403,1.417759231353004
2017-12-01,3.327759197974403,1.417759231353004
2017-12-01,3.327759197974403,1.417759231353004
2017-12-01,3.327759197974403,1.417759231353004
2017-12-01,3.327759197974403,1.417759231353004
2017-12-01,3.327759197974403,1.417759231353004
2017-12-01,3.327759197974403,1.417759231353004
2017-12-01,3.327759197974403,1.417759231353004
2017-12-01,3.327759197974403,1.417759231353004
2017-12-01,3.327759197974403,1.417759231353004
2017-12-01,3.327759197974403,1.417759231353004
2017-12-01,3.327759197974403,1.417759231353004
2017-12-01,3.327759197974403,1.417759231353004
2017-12-01,3.327759197974403,1.417759231353004
2017-12-01,3.327759197974403,1.417759231353004
2017-12-01,3.327759197974403,1.417759231353004
2017-12-01,3.327759197974403,1.417759231353004
2017-12-01,3.327759197974403,1.417759231353004
2017-12-01,3.327759197974403,1.417759231353004
2017-12-01,3.327759197974403,1.417759231353004
2017-12-01,3.327759197974403,1.417759231353004
2017-12-01,3.327759197974403,1.417759231353004
2017-12-01,3.327759197974403,1.417759231353004
2017-12-01,3.327759197974403,1.417759231353004
2017-12-01,3.327759197974403,1.417759231353004
2017-12-01,3.327759197974403,1.417759231353004
2017-12-01,3.327759197974403,1.417759231353004
2017-12-01,3.327759197974403,1.417759231353004
2017-12-01,3.327759197974403,1.417759231353004
2017-12-01,3.327759197974403,1.417759231353004
2017-12-01,3.327759197974403,1.417759231353004
2017-12-01,3.327759197974403,1.417759231353004
2017-12-01,3.327759197974403,1.417759231353004
2017-12-01,3.327759197974403,1.417759231353004
2017-12-01,3.327759197974403,1.417759231353004
2017-12-01,3.327759197974403,1.417759231353004
2017-12-01,3.327759197974403,1.417759231353004
2017-12-01,3.327759197974403,1.417759231353004
2017-12-01,3.327759197974403,1.417759231353004
2017-12-01,3.232034521488901,1.322034554867502
2017-12-01,3.232034521488901,1.322034554867502
2017-12-01,3.232034521488901,1.322034554867502
2017-12-01,3.232034521488901,1.322034554867502
2017-12-01,3.232034521488901,1.322034554867502
2017-12-01,3.232034521488901,1.322034554867502
2017-12-01,3.232034521488901,1.322034554867502
2017-12-01,3.232034521488901,1.322034554867502
2017-12-01,3.232034521488901,1.322034554867502
2017-12-01,3.232034521488901,1.322034554867502
2017-12-01,3.232034521488901,1.322034554867502
2017-12-01,3.232034521488901,1.322034554867502
2017-12-01,3.232034521488901,1.322034554867502
2017-12-01,3.232034521488901,1.322034554867502
2017-12-01,3.232034521488901,1.322034554867502
2017-12-01,3.232034521488901,1.322034554867502
2017-12-01,3.232034521488901,1.322034554867502
2017-12-01,3.232034521488901,1.322034554867502
2017-12-01,3.232034521488901,1.322034554867502
2017-12-01,3.232034521488901,1.322034554867502
2017-12-01,3.232034521488901,1.322034554867502
2017-12-01,3.232034521488901,1.322034554867502
2017-12-01,3.232034521488901,1.322034554867502
2017-12-01,3.232034521488901,1.322034554867502
2017-12-01,3.232034521488901,1.322034554867502
2017-12-01,3.232034521488901,1.322034554867502
2017-12-01,3.232034521488901,1.322034554867502
2017-12-01,3.232034521488901,1.322034554867502
2017-12-01,3.232034521488901,1.322034554867502
2017-12-01,3.232034521488901,1.322034554867502
2017-12-01,3.232034521488901,1.322034554867502
2017-12-01,3.232034521488901,1.322034554867502
2017-12-01,3.232034521488901,1.322034554867502
2017-12-01,3.232034521488901,1.322034554867502
2017-12-01,3.232034521488901,1.322034554867502
2017-12-01,3.232034521488901,1.322034554867502
2017-12-01,3.232034521488901,1.322034554867502
2017-12-01,3.232034521488901,1.322034554867502
2017-12-01,3.232034521488901,1.322034554867502
2017-12-01,3.232034521488901,1.322034554867502
2017-12-01,3.232034521488901,1.322034554867502
2017-12-01,3.232034521488901,1.322034554867502
2017-12-01,3.232034521488901,1.322034554867502
2017-12-01,3.232034521488901,1.322034554867502
2017-12-01,3.232034521488901,1.322034554867502
2017-12-01,3.232034521488901,1.322034554867502
2017-12-01,3.232034521488901,1.322034554867502
2017-12-01,3.232034521488901,1.322034554867502
2017-12-01,3.232034521488901,1.322034554867502
2017-12-01,3.232034521488901,1.322034554867502
2017-12-01,3.232034521488901,1.322034554867502
2017-12-01,3.232034521488901,1.322034554867502
2017-12-01,3.232034521488901,1.322034554867502
2017-12-01,3.232034521488901,1.322034554867502
2017-12-01,3.232034521488901,1.322034554867502
2017-12-01,3.232034521488901,1.322034554867502
2017-12-01,3.232034521488901,1.322034554867502
2017-12-01,3.232034521488901,1.322034554867502
2017-12-01,3.232034521488901,1.322034554867502
2017-12-01,3.232034521488901,1.322034554867502
2017-12-01,3.232034521488901,1.322034554867502
2017-12-01,3.232034521488901,1.322034554867502
2017-12-01,3.232034521488901,1.322034554867502
2017-12-01,3.232034521488901,1.322034554867502
2017-12-01,3.232034521488901,1.322034554867502
2017-12-01,3.232034521488901,1.322034554867502
2017-12-01,3.232034521488901,1.322034554867502
2017-12-01,3.232034521488901,1.322034554867502
2017-12-01,3.232034521488901,1.322034554867502
2017-12-01,3.232034521488901,1.322034554867502
2017-12-01,3.232034521488901,1.322034554867502
2017-12-01,3.232034521488901,1.322034554867502
2017-12-01,3.232034521488901,1.322034554867502
2017-12-01,3.232034521488901,1.322034554867502
2017-12-01,3.232034521488901,1.322034554867502
2017-12-01,3.232034521488901,1.322034554867502
2017-12-01,3.232034521488901,1.322034554867502
2017-12-01,3.232034521488901,1.322034554867502
2017-12-01,3.232034521488901,1.322034554867502
2017-12-01,3.232034521488901,1.322034554867502
2017-12-01,3.232034521488901,1.322034554867502
2017-12-01,3.232034521488901,1.322034554867502
2017-12-01,3.232034521488901,1.322034554867502
2017-12-01,3.232034521488901,1.322034554867502
2017-12-01,3.232034521488901,1.322034554867502
2017-12-01,3.232034521488901,1.322034554867502
2017-12-01,3.232034521488901,1.322034554867502
2017-12-01,3.232034521488901,1.322034554867502
2017-12-01,3.232034521488901,1.322034554867502
2017-12-01,3.232034521488901,1.322034554867502
2017-12-01,3.232034521488901,1.322034554867502
2017-12-01,3.232034521488901,1.322034554867502
2017-12-01,3.232034521488901,1.322034554867502
2017-12-01,3.232034521488901,1.322034554867502
2017-12-01,3.232034521488901,1.322034554867502
2017-12-01,3.232034521488901,1.322034554867502
2017-12-01,3.232034521488901,1.322034554867502
2017-12-01,3.232034521488901,1.322034554867502
2017-12-01,3.232034521488901,1.322034554867502
2017-12-01,3.232034521488901,1.322034554867502
2017-12-01,3.735033057292566,1.825033090671167
2017-12-01,3.735033057292566,1.825033090671167
2017-12-01,3.735033057292566,1.825033090671167
2017-12-01,3.735033057292566,1.825033090671167
2017-12-01,3.735033057292566,1.825033090671167
2017-12-01,3.735033057292566,1.825033090671167
2017-12-01,3.735033057292566,1.825033090671167
2017-12-01,3.735033057292566,1.825033090671167
2017-12-01,3.735033057292566,1.825033090671167
2017-12-01,3.735033057292566,1.825033090671167
2017-12-01,3.735033057292566,1.825033090671167
2017-12-01,3.735033057292566,1.825033090671167
2017-12-01,3.735033057292566,1.825033090671167
2017-12-01,3.735033057292566,1.825033090671167
2017-12-01,3.735033057292566,1.825033090671167
2017-12-01,3.735033057292566,1.825033090671167
2017-12-01,3.735033057292566,1.825033090671167
2017-12-01,3.735033057292566,1.825033090671167
2017-12-01,3.735033057292566,1.825033090671167
2017-12-01,3.735033057292566,1.825033090671167
2017-12-01,3.735033057292566,1.825033090671167
2017-12-01,3.735033057292566,1.825033090671167
2017-12-01,3.735033057292566,1.825033090671167
2017-12-01,3.735033057292566,1.825033090671167
2017-12-01,3.735033057292566,1.825033090671167
2017-12-01,3.735033057292566,1.825033090671167
2017-12-01,3.735033057292566,1.825033090671167
2017-12-01,3.735033057292566,1.825033090671167
2017-12-01,3.735033057292566,1.825033090671167
2017-12-01,3.735033057292566,1.825033090671167
2017-12-01,3.735033057292566,1.825033090671167
2017-12-01,3.735033057292566,1.825033090671167
2017-12-01,3.735033057292566,1.825033090671167
2017-12-01,3.735033057292566,1.825033090671167
2017-12-01,3.735033057292566,1.825033090671167
2017-12-01,3.735033057292566,1.825033090671167
2017-12-01,3.735033057292566,1.825033090671167
2017-12-01,3.735033057292566,1.825033090671167
2017-12-01,3.735033057292566,1.825033090671167
2017-12-01,3.735033057292566,1.825033090671167
2017-12-01,3.735033057292566,1.825033090671167
2017-12-01,3.735033057292566,1.825033090671167
2017-12-01,3.735033057292566,1.825033090671167
2017-12-01,3.735033057292566,1.825033090671167
2017-12-01,3.735033057292566,1.825033090671167
2017-12-01,3.735033057292566,1.825033090671167
2017-12-01,3.735033057292566,1.825033090671167
2017-12-01,3.735033057292566,1.825033090671167
2017-12-01,3.735033057292566,1.825033090671167
2017-12-01,3.735033057292566,1.825033090671167
2017-12-01,3.735033057292566,1.825033090671167
2017-12-01,3.735033057292566,1.825033090671167
2017-12-01,3.735033057292566,1.825033090671167
2017-12-01,3.735033057292566,1.825033090671167
2017-12-01,3.735033057292566,1.825033090671167
2017-12-01,3.735033057292566,1.825033090671167
2017-12-01,3.735033057292566,1.825033090671167
2017-12-01,3.735033057292566,1.825033090671167
2017-12-01,3.735033057292566,1.825033090671167
2017-12-01,3.735033057292566,1.825033090671167
2017-12-01,3.735033057292566,1.825033090671167
2017-12-01,3.735033057292566,1.825033090671167
2017-12-01,3.735033057292566,1.825033090671167
2017-12-01,3.735033057292566,1.825033090671167
2017-12-01,3.735033057292566,1.825033090671167
2017-12-01,3.735033057292566,1.825033090671167
2017-12-01,3.735033057292566,1.825033090671167
2017-12-01,3.735033057292566,1.825033090671167
2017-12-01,3.735033057292566,1.825033090671167
2017-12-01,3.735033057292566,1.825033090671167
2017-12-01,3.735033057292566,1.825033090671167
2017-12-01,3.735033057292566,1.825033090671167
2017-12-01,3.735033057292566,1.825033090671167
2017-12-01,3.735033057292566,1.825033090671167
2017-12-01,3.735033057292566,1.825033090671167
2017-12-01,3.735033057292566,1.825033090671167
2017-12-01,3.735033057292566,1.825033090671167
2017-12-01,3.735033057292566,1.825033090671167
2017-12-01,3.735033057292566,1.825033090671167
2017-12-01,3.735033057292566,1.825033090671167
2017-12-01,3.735033057292566,1.825033090671167
2017-12-01,3.735033057292566,1.825033090671167
2017-12-01,3.735033057292566,1.825033090671167
2017-12-01,3.735033057292566,1.825033090671167
2017-12-01,3.735033057292566,1.825033090671167
2017-12-01,3.735033057292566,1.825033090671167
2017-12-01,3.735033057292566,1.825033090671167
2017-12-01,3.735033057292566,1.825033090671167
2017-12-01,3.735033057292566,1.825033090671167
2017-12-01,3.735033057292566,1.825033090671167
2017-12-01,3.735033057292566,1.825033090671167
2017-12-01,3.735033057292566,1.825033090671167
2017-12-01,3.735033057292566,1.825033090671167
2017-12-01,3.735033057292566,1.825033090671167
2017-12-01,3.735033057292566,1.825033090671167
2017-12-01,3.735033057292566,1.825033090671167
2017-12-01,3.735033057292566,1.825033090671167
2017-12-01,3.735033057292566,1.825033090671167
2017-12-01,3.735033057292566,1.825033090671167
2017-12-01,3.735033057292566,1.825033090671167
2017-12-01,3.7796571887616057,1.8696572221402068
2017-12-01,3.7796571887616057,1.8696572221402068
2017-12-01,3.7796571887616057,1.8696572221402068
2017-12-01,3.7796571887616057,1.8696572221402068
2017-12-01,3.7796571887616057,1.8696572221402068
2017-12-01,3.7796571887616057,1.8696572221402068
2017-12-01,3.7796571887616057,1.8696572221402068
2017-12-01,3.7796571887616057,1.8696572221402068
2017-12-01,3.7796571887616057,1.8696572221402068
2017-12-01,3.7796571887616057,1.8696572221402068
2017-12-01,3.7796571887616057,1.8696572221402068
2017-12-01,3.7796571887616057,1.8696572221402068
2017-12-01,3.7796571887616057,1.8696572221402068
2017-12-01,3.7796571887616057,1.8696572221402068
2017-12-01,3.7796571887616057,1.8696572221402068
2017-12-01,3.7796571887616057,1.8696572221402068
2017-12-01,3.7796571887616057,1.8696572221402068
2017-12-01,3.7796571887616057,1.8696572221402068
2017-12-01,3.7796571887616057,1.8696572221402068
2017-12-01,3.7796571887616057,1.8696572221402068
2017-12-01,3.7796571887616057,1.8696572221402068
2017-12-01,3.7796571887616057,1.8696572221402068
2017-12-01,3.7796571887616057,1.8696572221402068
2017-12-01,3.7796571887616057,1.8696572221402068
2017-12-01,3.7796571887616057,1.8696572221402068
2017-12-01,3.7796571887616057,1.8696572221402068
2017-12-01,3.7796571887616057,1.8696572221402068
2017-12-01,3.7796571887616057,1.8696572221402068
2017-12-01,3.7796571887616057,1.8696572221402068
2017-12-01,3.7796571887616057,1.8696572221402068
2017-12-01,3.7796571887616057,1.8696572221402068
2017-12-01,3.7796571887616057,1.8696572221402068
2017-12-01,3.7796571887616057,1.8696572221402068
2017-12-01,3.7796571887616057,1.8696572221402068
2017-12-01,3.7796571887616057,1.8696572221402068
2017-12-01,3.7796571887616057,1.8696572221402068
2017-12-01,3.7796571887616057,1.8696572221402068
2017-12-01,3.7796571887616057,1.8696572221402068
2017-12-01,3.7796571887616057,1.8696572221402068
2017-12-01,3.7796571887616057,1.8696572221402068
2017-12-01,3.7796571887616057,1.8696572221402068
2017-12-01,3.7796571887616057,1.8696572221402068
2017-12-01,3.7796571887616057,1.8696572221402068
2017-12-01,3.7796571887616057,1.8696572221402068
2017-12-01,3.7796571887616057,1.8696572221402068
2017-12-01,3.7796571887616057,1.8696572221402068
2017-12-01,3.7796571887616057,1.8696572221402068
2017-12-01,3.7796571887616057,1.8696572221402068
2017-12-01,3.7796571887616057,1.8696572221402068
2017-12-01,3.7796571887616057,1.8696572221402068
2017-12-01,3.7796571887616057,1.8696572221402068
2017-12-01,3.7796571887616057,1.8696572221402068
2017-12-01,3.7796571887616057,1.8696572221402068
2017-12-01,3.7796571887616057,1.8696572221402068
2017-12-01,3.7796571887616057,1.8696572221402068
2017-12-01,3.7796571887616057,1.8696572221402068
2017-12-01,3.7796571887616057,1.8696572221402068
2017-12-01,3.7796571887616057,1.8696572221402068
2017-12-01,3.7796571887616057,1.8696572221402068
2017-12-01,3.7796571887616057,1.8696572221402068
2017-12-01,3.7796571887616057,1.8696572221402068
2017-12-01,3.7796571887616057,1.8696572221402068
2017-12-01,3.7796571887616057,1.8696572221402068
2017-12-01,3.7796571887616057,1.8696572221402068
2017-12-01,3.7796571887616057,1.8696572221402068
2017-12-01,3.7796571887616057,1.8696572221402068
2017-12-01,3.7796571887616057,1.8696572221402068
2017-12-01,3.7796571887616057,1.8696572221402068
2017-12-01,3.7796571887616057,1.8696572221402068
2017-12-01,3.7796571887616057,1.8696572221402068
2017-12-01,3.7796571887616057,1.8696572221402068
2017-12-01,3.7796571887616057,1.8696572221402068
2017-12-01,3.7796571887616057,1.8696572221402068
2017-12-01,3.7796571887616057,1.8696572221402068
2017-12-01,3.7796571887616057,1.8696572221402068
2017-12-01,3.7796571887616057,1.8696572221402068
2017-12-01,3.7796571887616057,1.8696572221402068
2017-12-01,3.7796571887616057,1.8696572221402068
2017-12-01,3.7796571887616057,1.8696572221402068
2017-12-01,3.7796571887616057,1.8696572221402068
2017-12-01,3.7796571887616057,1.8696572221402068
2017-12-01,3.7796571887616057,1.8696572221402068
2017-12-01,3.7796571887616057,1.8696572221402068
2017-12-01,3.7796571887616057,1.8696572221402068
2017-12-01,3.7796571887616057,1.8696572221402068
2017-12-01,3.7796571887616057,1.8696572221402068
2017-12-01,3.7796571887616057,1.8696572221402068
2017-12-01,3.7796571887616057,1.8696572221402068
2017-12-01,3.7796571887616057,1.8696572221402068
2017-12-01,3.7796571887616057,1.8696572221402068
2017-12-01,3.7796571887616057,1.8696572221402068
2017-12-01,3.7796571887616057,1.8696572221402068
2017-12-01,3.7796571887616057,1.8696572221402068
2017-12-01,3.7796571887616057,1.8696572221402068
2017-12-01,3.7796571887616057,1.8696572221402068
2017-12-01,3.7796571887616057,1.8696572221402068
2017-12-01,3.7796571887616057,1.8696572221402068
2017-12-01,3.7796571887616057,1.8696572221402068
2017-12-01,3.7796571887616057,1.8696572221402068
2017-12-01,3.7796571887616057,1.8696572221402068
