Date,transprob_1,transprob_2,transprob_3,transprob_4,transprob_5,transprob_6,transprob_7,transprob_8,transprob_9
1980-01-01,0.8352888224215467,0.056337880944917505,0.02101410574493252,0.16015008395014207,0.9191891132724508,0.02383014140685309,0.004561093628437162,0.02447300578251079,0.9551557528483922
1980-02-01,0.7925196553489934,0.010396784877546089,0.00039694676271875303,0.11342893422342404,0.9307835294221252,0.025447983076417904,0.09405141042739389,0.05881968570026471,0.9741550701608487
1980-03-01,0.9097526910352605,0.016020679670626793,0.05202344000094862,0.04399523051595851,0.8891093767868199,0.03356745009737736,0.04625207844901843,0.09486994354270667,0.9144091099016347
1980-04-01,0.9661149683937076,0.01812115128610351,0.028360785786982486,0.0006336548427112599,0.9136727917126997,0.06078167189290492,0.03325137676353488,0.06820605700135329,0.9108575423199194
1980-05-01,0.9127757106196633,0.03118972206766092,0.0003597347873411927,0.08352397274064477,0.9472751047004029,0.06180088211844292,0.0037003166397962034,0.021535173231945537,0.9378393830940488
1980-06-01,0.9354545785378843,0.015496222372643975,0.01372224320566221,0.04329521829537147,0.9430411874161957,0.0621329857937071,0.02125020316677087,0.04146259021136393,0.9241447710008193
1980-07-01,0.9058598767513276,0.05646525465624579,0.015556583379568204,0.08747671962609184,0.9081845850907615,0.02783770296223862,0.006663403622738348,0.03535016025279506,0.956605713658101
1980-08-01,0.9384126423913874,0.05089796478386852,0.02955762739292786,0.05363676791563145,0.9003228652830466,0.03676410694187446,0.007950589692934405,0.04877916993295907,0.93367826566525
1980-09-01,0.8768633564521316,0.026106069130173444,0.05116327159867138,0.019278150558969715,0.8767341494932936,0.11651432165681702,0.10385849298904933,0.09715978137646022,0.8323224067444377
1980-10-01,0.912675719974789,0.021286915794982014,0.02004145256930144,0.0477998480666921,0.9104069537722127,0.017976209857514722,0.03952443195855476,0.06830613043294839,0.9619823375731458
1980-11-01,0.8488564679608352,0.1274044296439165,0.004686713560014227,0.041535031041707214,0.7458516368151908,0.007382993047754269,0.10960850099761783,0.12674393354079072,0.9879302933921452
1980-12-01,0.8902954852239591,0.041114074842070726,0.0028972916215828704,0.0911223522112989,0.9411994119127494,0.029829166674518404,0.018582162564567715,0.017686513245158936,0.9672735417041515
1981-01-01,0.8544142116389095,0.0480291211893702,0.0026465835715825553,0.09299250040848375,0.9281224206286799,0.03782284330395284,0.05259328795254661,0.023848458181909907,0.9595305731243967
1981-02-01,0.8711509765382182,0.035485732925378224,0.0023922338257130345,0.08246426222422926,0.9346255532308944,0.04011614097952025,0.04638476123739429,0.02988871384390693,0.9574916251949155
1981-03-01,0.9624215629984625,0.028320958288186024,0.016530413774052906,0.023785607995586083,0.9249910063760352,0.09605272159430421,0.013792829006006804,0.04668803533587605,0.8874168646317044
1981-04-01,0.9189750750083604,0.017650272679113566,0.02173164888605986,0.0744243670879973,0.9099429335631352,0.005583826363640401,0.006600557903552969,0.072406793757742,0.9726845247502602
1981-05-01,0.839404347007742,0.09457147807712168,0.05207082430355541,0.06518822921108272,0.8177684213332668,0.025390573153408594,0.09540742378135873,0.08766010058968891,0.9225386025429245
1981-06-01,0.9049524620230471,0.029421124229790412,0.0006089200806307256,0.048362439064759635,0.9151342221547424,0.016125419127225833,0.0466850989122347,0.055444653615431744,0.9832656607922742
1981-07-01,0.883166383135177,0.04157899030208815,0.007277437951734279,0.09779974918885208,0.9449296670239615,0.08220581898845396,0.019033867675964496,0.013491342673815174,0.9105167430597245
1981-08-01,0.9628408401198242,0.03376569898591569,0.02226240863851296,0.026671965547362318,0.8973962873272295,0.020886864931873986,0.010487194332725384,0.06883801368678687,0.9568507264296432
1981-09-01,0.9100584255573069,0.06256767351256848,0.011885815950748998,0.07510700010883962,0.9058255756737439,0.0075861038262715254,0.014834574334041383,0.03160675081358157,0.9805280802229416
1981-10-01,0.9585550067111366,0.014726654904235182,0.015042471257269319,0.03627954189022375,0.9223412313349519,0.014643211006241785,0.005165451398850183,0.06293211376073628,0.9703143177364789
1981-11-01,0.8812272702406383,0.03143175121690623,0.006470713185286513,0.026864553238170122,0.9464869745400456,0.043067461666340574,0.09190817652120885,0.022081274243028953,0.9504618251484833
1981-12-01,0.8801286718052497,0.035337719869171814,0.08055890339827577,0.0818535367283443,0.822228688013582,0.06331458446678703,0.038017791466414805,0.14243359211741305,0.8561265121350594
1982-01-01,0.9340405653537106,0.030285385547931826,0.011499470473025674,0.05045082217027306,0.9221655425517256,0.05744553739373498,0.015508612475951852,0.047549071900436835,0.9310549921331828
1982-02-01,0.8669846220612084,0.01728418806134472,0.0031313002455847934,0.10902944647820925,0.8873626326886371,0.008718801288806775,0.023985931460456907,0.09535317925005922,0.9881498984656306
1982-03-01,0.8491236944193826,0.009591847168589556,0.05681458989478076,0.10658427802897717,0.95770445349608,0.07118931361856289,0.044292027551530916,0.03270369933550817,0.8719960964864988
1982-04-01,0.8646068455418597,0.00621137903922212,0.007493101043430932,0.1348056953213429,0.9541774763357845,0.02363987023856054,0.0005874591367846835,0.03961114462504063,0.9688670287178431
1982-05-01,0.9171559188434434,0.03289721016229612,0.015429512391847868,0.040490716694210976,0.9590631353832456,0.08920260001854616,0.042353364462481106,0.008039654454492423,0.8953678875896011
1982-06-01,0.8939037659891023,0.0067483849791629994,0.0028484660539333595,0.04202635267182998,0.92432630302028,0.036257653212446145,0.06406988133926247,0.06892531200055992,0.9608938807335562
1982-07-01,0.8926227935755131,0.059033374132394054,0.0042116640370487065,0.0653260767294698,0.9132395654770369,0.03070423939681031,0.04205112969492601,0.027727060390645562,0.9650840965660272
1982-08-01,0.8669921532171009,0.09932742934128755,0.004655714053618924,0.09352411096745704,0.8785352069723975,0.04197171562945906,0.03948373581551219,0.0221373636864051,0.953372570316825
1982-09-01,0.846298644702032,0.06287067861406892,0.005583267412484562,0.09261588622246746,0.8827591440658181,0.034689006459247024,0.06108546907553339,0.05437017732019477,0.9597277261283572
1982-10-01,0.8847901733741954,0.048622579603135485,0.008644444142021524,0.11015899273396608,0.8921240029830997,0.08593769193331505,0.0050508338919281965,0.059253417413819384,0.9054178639246538
1982-11-01,0.969010869126566,0.013598002175048125,0.0015640183338611405,0.024888465763978726,0.9192645439981614,0.05227831423475137,0.006100665109547882,0.06713745382661383,0.9461576674312285
1982-12-01,0.8765719519631404,0.0601880781579895,0.005275830318367542,0.11867464677904711,0.8783081326192416,0.010716080223133468,0.004753401257962698,0.06150378922275025,0.9840080894585519
1983-01-01,0.9226174491415532,0.03830261373631578,0.002584501241723182,0.05155585465577161,0.8679347392510759,0.02473470557867859,0.025826696202550348,0.09376264701246002,0.9726807931795777
1983-02-01,0.9192852875451821,0.046574385317926195,0.011207153927320015,0.06384509806833596,0.9191467813725872,0.06037935702949892,0.016869614386329043,0.034278833309368165,0.9284134890432397
1983-03-01,0.8961153117462736,0.049765418033647625,0.00301039722565809,0.037755883410469225,0.8865131794481895,0.0319495669645616,0.0661288048431721,0.06372140251824075,0.9650400358096255
1983-04-01,0.9580684052944096,0.06676009985960975,0.01043838591427108,0.02825825544685236,0.9030451653642236,0.03832497673749936,0.0136733392586477,0.030194734776155138,0.9512366373481658
1983-05-01,0.8733649847409439,0.10024876701507474,0.017240248489022742,0.10403955534979455,0.8735319024453796,0.029143331158386195,0.02259545990924027,0.026219330539618023,0.9536164203527272
1983-06-01,0.9827206484642257,0.03575144446159972,0.02413245867467716,0.010668076712691339,0.9021668669950537,0.04193876173453005,0.006611274823176963,0.06208168854324207,0.9339287795907785
1983-07-01,0.9156665488018562,0.02575710298475551,12453638224732721e-21,0.06876167995487246,0.9238741795041949,0.02991451827021329,0.015571771243199316,0.050368717511034146,0.9700730280916432
1983-08-01,0.876851868661159,0.0688805654971168,0.0022105862445689125,0.06719150515816417,0.9210136189877821,0.02566106992122201,0.05595662618049452,0.010105815515160264,0.972128343834055
1983-09-01,0.899684281690329,0.01708264148178833,0.003949325077968523,0.021399850089381268,0.9492686123802397,0.04553527130895063,0.07891586822044282,0.03364874613786482,0.9505154036131069
1983-10-01,0.9229454418455519,0.021803258204897206,0.009045862802647051,0.035574083967068036,0.907272903915239,0.03575594336191078,0.04148047418728117,0.07092383787979285,0.9551981938354344
1983-11-01,0.8835213296744114,0.10808985016329864,0.00681710086669668,0.04052505510003785,0.8780353971706462,0.041000329156264996,0.0759536152254514,0.013874752665985299,0.9521825699769956
1983-12-01,0.8503414569147981,0.11122564968573731,0.07119531619730628,0.13469523166397196,0.8763759301099808,0.015458479837320734,0.014963311421354472,0.0123984202042637,0.9133462039652812
1984-01-01,0.9479445414750882,0.06632210018286025,0.024566849921567914,0.05113781736753255,0.92159952799299,0.07649948525105557,0.0009176411575092901,0.012078371824102685,0.8989336648273013
1984-02-01,0.9220482733920384,0.06336154529252774,0.007431662099416425,0.05239256994746711,0.8593789300286453,0.09149184132425929,0.025559156660392653,0.0772595246786811,0.9010764965762653
1984-03-01,0.9212784782060407,0.036016401187493816,0.01671632618501084,0.03970373934854927,0.9172408964451438,0.023212731818858755,0.039017782445342875,0.04674270236739941,0.9600709419961755
1984-04-01,0.9284742937870758,0.005194338381682762,0.0057310316818188845,0.02634280115811575,0.9705238958232885,0.06032251703606997,0.04518290505480303,0.024281765794880086,0.9339464512821293
1984-05-01,0.9465367508344822,0.04440435352661803,0.019130677278477573,0.03441444148444863,0.9210298435484321,0.070953659560698,0.01904880768119267,0.034565802924759935,0.9099156631608432
1984-06-01,0.8656481670089186,0.06149673964825812,0.015234910974461537,0.07187077218989865,0.9169860808378464,0.03866071834619357,0.062481060801022115,0.02151717951401293,0.9461043706795174
1984-07-01,0.9122621088906436,0.08874277675727942,0.008029493088551783,0.08310281627913214,0.8870920718392281,0.03623969771427464,0.004635074830290407,0.02416515140338756,0.9557308091971302
1984-08-01,0.8868466698068798,0.049069533914336674,0.010490083877262031,0.11127719774170848,0.9030117789534384,0.036416123220987785,0.0018761324514407814,0.04791868713226985,0.9530937929017976
1984-09-01,0.9476931217802299,0.06305408511946094,0.025082838980205018,0.042416316999091486,0.8546811558415061,0.0273674299606859,0.009890561220681743,0.0822647590391277,0.9475497310593569
1984-10-01,0.9774689006561265,0.0501765694851351,0.013664076970159528,0.017802218281569204,0.9216701081949823,0.034089694210484155,0.004728881062208321,0.02815332232002794,0.9522462288193294
1984-11-01,0.9734646170965878,0.01422359623200324,9985696907435231e-20,0.011273204105179709,0.9601211911164522,0.06686944209522068,0.015262178797985564,0.025655212651564317,0.9330307009357292
1984-12-01,0.846768946494372,0.047883195411262194,0.005929815329055943,0.10685543747215026,0.9069229316471059,0.08143732562688683,0.04637561603335736,0.04519387294169524,0.9126328590439822
1985-01-01,0.8805372876467622,0.02985476256000095,0.016020257915897663,0.06875797147881717,0.9124517731644141,0.05368713649477011,0.05070474087450549,0.057693464275656116,0.9302926055895842
1985-02-01,0.9430218936158317,0.04822669735443701,0.017486029007652188,0.03191221577947091,0.909252937112887,0.06696788854905034,0.02506589060482301,0.042520365532762325,0.9155460824432794
1985-03-01,0.9194441713407312,0.022288332788745292,0.018222801881497316,0.039905338303643775,0.8839217231445679,0.023522763479170726,0.04065049035557848,0.0937899440666497,0.9582544346394205
1985-04-01,0.9689165860107112,0.012917026017234741,0.005513299394676808,0.007537860481355355,0.9610944521320295,0.08169261268513843,0.023545553508093564,0.025988521850585967,0.9127940879200869
1985-05-01,0.9122616979677453,0.03323566663976854,0.0072241447005593745,0.05383002563622724,0.8902811236227451,0.04612631050383308,0.03390827639583858,0.07648320973763383,0.9466495447957862
1985-06-01,0.9234822672941698,0.023799958161540236,0.016911280302024826,0.0756102114804644,0.9155321390747063,0.0486030805257085,0.0009075212253090498,0.06066790276376157,0.9344856391724475
1985-07-01,0.9707802555039511,0.04205244835916915,0.06483474247681682,0.02328471979984512,0.9201297470479203,0.03490135442634392,0.0059350246963352565,0.03781780459315017,0.9002639030968563
1985-08-01,0.9477063675488722,0.08443039913493121,0.02470408253285562,0.01639552862893042,0.8629584670515636,0.06676615620961883,0.0358981038221436,0.05261113381347009,0.9085297612574724
1985-09-01,0.9325085224228722,0.08599708484737648,0.019282950504524884,0.02400519751029731,0.8452951127108111,0.04486254076630628,0.04348628006675543,0.06870780244197386,0.9358545087290328
1985-10-01,0.9401574915991657,0.012133420745641386,0.008880623507237007,0.018429816875586483,0.9531194397102883,0.03213408454390531,0.04141269152525138,0.034747139544094544,0.958985291948911
1985-11-01,0.9793067094160126,0.07847974505671818,0.0334235984101179,0.01900481957226428,0.8989539299810462,0.05663013085104917,0.0016884710118370491,0.02256632496226226,0.9099462707389139
1985-12-01,0.9777858838423983,0.03625405208912939,0.02982476450505929,0.005039151776031765,0.9078069890547308,0.05861473089339888,0.017174964381713186,0.05593895885619576,0.911560504601623
1986-01-01,0.9922653686551742,0.02354656608455509,0.006764175659090978,0.006539663929634873,0.9288788661117849,0.016935647321940233,0.0011949674153970025,0.047574567803625,0.9763001770188686
1986-02-01,0.9293814187288235,0.1394052407439901,0.014270902157221411,0.06446508180969461,0.8305133177066167,0.03857799784693314,0.006153499461426292,0.030081441549237916,0.9471510999957556
1986-03-01,0.9477554187152929,0.031391130849959606,0.011432245331594685,0.03731365571064673,0.9206471325834884,0.047603867765762004,0.014930925574105757,0.04796173656639288,0.9409638869025979
1986-04-01,0.9219038799419268,0.041075056980603354,0.012488293902304633,0.018078288263355596,0.8828527157430719,0.0734555651176735,0.060017831794805396,0.07607222727623736,0.914056140980201
1986-05-01,0.9753285141552267,0.06509347654094798,0.01210172169419671,0.015944458432900193,0.9072986045758127,0.08422170336663157,0.008727027412002372,0.02760791888312009,0.9036765749389959
1986-06-01,0.9678180041470905,0.047530915269135166,0.023499332220355083,0.02498656727874549,0.9022337455935385,0.061926336394205805,0.007195428574121069,0.05023533913737671,0.9145743313856146
1986-07-01,0.947873897846101,0.026949282004383953,0.012365879376361036,0.02785703226991552,0.8931600844582763,0.029187663686664398,0.024269069884019535,0.07989063353726619,0.958446456936912
1986-08-01,0.9204426641511682,0.03642323764598053,0.009623324193469493,0.020260504740825767,0.9362477228781548,0.055431011745210174,0.059296831107909495,0.027329039475772424,0.9349456640612012
1986-09-01,0.9749310421339124,0.04353214169970008,0.002851185662833217,0.015323027571457953,0.9416741566667984,0.07297296961443758,0.009745930294574557,0.014793701633477275,0.9241758447225742
1986-10-01,0.9228717518270269,0.03128423495635323,0.01200644906453264,0.025013339565340853,0.9377934506172046,0.043890681568659155,0.05211490860774651,0.03092231442661391,0.944102869366678
1986-11-01,0.8785207804767944,0.06954690125644646,0.0032146072985481987,0.010874487953755804,0.9251374037231066,0.05079181128361392,0.11060473156941442,0.00531569502026686,0.9459935814176568
1986-12-01,0.9718648978958314,0.04462062477069067,0.0028925360281393695,0.026751968197266454,0.9167877911325142,0.029614513370171285,0.0013831339070870144,0.03859158409680239,0.9674929506017726
1987-01-01,0.9822136731588967,0.038632147364165134,0.0350095519379505,0.01596886782214371,0.8592090300351796,0.04398417205687896,0.0018174590189726934,0.10215882260072788,0.9210062760050096
1987-02-01,0.9895158385825081,0.07800866278941364,0.0016278868249365555,0.005360647187787337,0.869632367118573,0.0022647108696529465,0.005123514229792376,0.052358970091961624,0.9961074023054783
1987-03-01,0.9672498601301764,0.052487681593003946,0.0781213068496521,0.014904134123953035,0.9093272401816123,0.049550402574038505,0.017846005745980012,0.03818507822535752,0.8723282905764052
1987-04-01,0.9797354477779271,0.06830203535072031,0.009173950364124332,0.013646738256606986,0.913861641092034,0.003920878937174963,0.006617813965376847,0.01783632355720037,0.9869051706986073
1987-05-01,0.9473393081237542,0.07072994451111321,0.035758616891522654,0.043876074866602714,0.8635382525818455,0.03724013004371472,0.008784617009594773,0.0657318029069446,0.9270012530649369
1987-06-01,0.9880240749381973,0.04815453049893674,0.04680470559633143,0.00251433019791598,0.9161222676848442,0.03855312912401514,0.009461594864002982,0.03572320181619051,0.9146421652796171
1987-07-01,0.9419074789566243,0.030708451254871733,0.0031257286545071875,0.050645095971276526,0.9340136354177754,0.045553781243600766,0.00744742507219119,0.03527791332730445,0.9513204901019497
1987-08-01,0.9505045975155108,0.03718971972127062,0.009672603601843294,0.03455013858524177,0.9029027219185475,0.03037899870332731,0.014945263899193139,0.05990755836008465,0.9599483976946438
1987-09-01,0.9572330646022117,0.04644070698565085,0.007124102812786716,0.04055828976773071,0.9318564842862294,0.029813852554379003,0.002208645630294629,0.02170280872810167,0.9630620446330688
1987-10-01,0.968805220059802,0.044030132829444193,0.015256657936134144,0.03074045545787246,0.9116739162363541,0.022559565365783574,0.0004543244824466209,0.044295950934327775,0.9621837766979741
1987-11-01,0.9054869132604468,0.069311413516735,0.02295375418017898,0.024228200036382905,0.8959174566632458,0.030386196329284267,0.07028488670320128,0.03477112982007368,0.9466600494906366
1987-12-01,0.9824361201341845,0.023764153238827638,0.002955337219475553,0.011039861893177736,0.8840864862979173,0.1015109940070786,0.006524017972603682,0.0921493604630857,0.8955336687734047
1988-01-01,0.9551380849899593,0.019082878175140507,0.015529631412409015,0.011153854460928665,0.9059332669548791,0.03476316071070497,0.03370806054901394,0.07498385487005221,0.949707207876881
1988-02-01,0.9758438262142208,0.09205517132068648,0.015598559692591746,0.010052825697922308,0.8896605138743456,0.05479982727558699,0.014103348087973281,0.018284314804863335,0.9296016130319505
1988-03-01,0.9392947715303933,0.00941465627750978,0.004234989024095822,0.016701578981315957,0.9470484655165384,0.03489106129027466,0.0440036494882212,0.043536878205900936,0.960873949685449
1988-04-01,0.9801266619341208,0.04469450524739402,0.010658965267485387,0.019281645091039006,0.8956457409438239,0.05726221791081196,0.0005916929749545204,0.05965975380893295,0.932078816821707
1988-05-01,0.9667225777957358,0.022865925854468963,0.012762827829678268,0.03183074047709727,0.9302077467054891,0.06075466036891828,0.0014466817271684591,0.04692632744007214,0.9264825118014678
1988-06-01,0.9175114063412609,0.01631349660018842,0.016405426548745904,0.058421973838552764,0.9136156373351211,0.021822812087323753,0.024066619820096967,0.0700708660648393,0.9617717613637553
1988-07-01,0.9802648744705826,0.08183467671756303,0.025695022796300537,0.007176071238419311,0.88818653788642,0.020168141596847797,0.01255905429097843,0.029978785395807,0.9541368356068977
1988-08-01,0.954872561275982,0.030201062396372533,0.03047249776818262,0.01951048664270218,0.8785664431777758,0.04135915330868592,0.025616952081293557,0.09123249442609399,0.9281683489231946
1988-09-01,0.9471836265394593,0.035009523370701325,0.021790835445137706,0.05138644027924488,0.889078623435951,0.018386418038780983,0.0014299331813441287,0.07591185319336094,0.9598227465159381
1988-10-01,0.992564326404446,0.025359542520767483,0.01606876448194025,0.0048082298595897325,0.9424274110699176,0.0360362599835954,0.002627443735959527,0.03221304640911861,0.9478949755345266
1988-11-01,0.8984207735067428,0.0337493995383158,0.00021670684091823557,0.09170925225760883,0.9440785599769642,0.030408334658692637,0.009869974235538419,0.022172040484747284,0.9693749585003419
1988-12-01,0.9845544987536703,0.011713621062899464,0.007643179930242613,0.012954798692875056,0.9254209348971073,0.0926715744740328,0.0024907025533069485,0.06286544404004155,0.8996852455956376
1989-01-01,0.991166787667114,0.03933566325297033,0.009696048577889181,0.004192601927805131,0.9183100950873897,0.057698494082226714,0.004640610405005002,0.04235424165978056,0.9326054573399797
1989-02-01,0.9811149040287978,0.02172327796515105,0.007846354442206651,0.009030695002934472,0.9132273519973587,0.027187960581705927,0.009854400968294853,0.06504937003732246,0.964965684976053
1989-03-01,0.9765722709036683,0.031033286193752577,0.004033996612740553,0.01992585089078648,0.9113412015730211,0.07510835051494007,0.0035018782053651124,0.05762551223317853,0.9208576528724656
1989-04-01,0.97593656281769,0.05228537655323936,0.008183843994900682,0.011038773777133757,0.9321169847856602,0.04806691389626399,0.013024663405403612,0.015597638660995313,0.9437492421087389
1989-05-01,0.9656304686869162,0.03840867833906809,0.008189648097787466,0.030047673655469332,0.8981267107582529,0.10106035523380676,0.004321857657445256,0.06346461090261317,0.8907499966682609
1989-06-01,0.9918655335212164,0.05605078251820165,0.00032543857955090157,0.005805895983001683,0.8906212673738745,0.04361278014662985,0.0023285704956600042,0.05332795010782516,0.9560617812738261
1989-07-01,0.9889824047875605,0.05129676921035366,0.01550282128223719,0.0077025205836159785,0.898288783002295,0.06302362524325028,0.003315074629067213,0.05041444778754858,0.9214735534744981
1989-08-01,0.985741222553923,0.06560717887672547,0.012570024691882451,0.013383600001959166,0.8507451321746042,0.03334493143073079,0.0008751774439481487,0.08364768894878624,0.954085043877216
1989-09-01,0.9732402526913929,0.06337807081426972,0.019031095165644153,0.022809620286955917,0.8976407657381986,0.07269946199551162,0.003950127021776402,0.03898116344750237,0.9082694428388081
1989-10-01,0.9850302249190772,0.04212980338961053,0.02498151357227309,0.002076750824947412,0.9330784390161518,0.02500257835501256,0.012893024255991,0.024791757594137435,0.950015908072613
1989-11-01,0.9719041728301728,0.12604351251078014,0.010460460002140202,0.013164324371444817,0.8492885691764819,0.02433034682588327,0.014931502798415838,0.02466791831276424,0.9652091931719123
1989-12-01,0.9868754898234336,0.031203866920293512,0.0027425530054471826,0.006501924671718814,0.9373608912366581,0.023574748461358347,0.006622585504828726,0.03143524184300255,0.9736826985334054
1990-01-01,0.9804098644519438,0.05083260299109265,0.003845772272135518,0.006173097206383864,0.9219740634372307,0.06223936004853534,0.013417038341729326,0.027193333571708535,0.9339148676792028
1990-02-01,0.9504681681306892,0.02106608814886207,0.01330569422722777,0.039576873752806815,0.9428020217954488,0.028499136822486195,0.009954958116624089,0.0361318900557014,0.9581951689504662
1990-03-01,0.9930856328835816,0.0206034311642309,0.002496357261762,0.005740664187876062,0.9566667482595321,0.02884640384930658,0.0011737029284711238,0.02272982057616753,0.9686572388890888
1990-04-01,0.9940413760802281,0.013646745627756508,0.005766612485997317,0.004398009114489367,0.9227323139378238,0.02511118195684331,0.0015606148052499129,0.06362094043436169,0.9691222055571423
1990-05-01,0.9594218099118743,0.029202516306382847,0.03456480134162161,0.0124557522543967,0.9523690929238136,0.030135690218477576,0.028122437833701882,0.018428390769561757,0.9352995084398864
1990-06-01,0.9481421427462888,0.052238596571455104,0.0023124391954460876,0.04680341173912353,0.9166420858764852,0.012304156995366917,0.005054445514624285,0.03111931755196393,0.98538340380932
1990-07-01,0.9128149204595264,0.015410379941622844,0.018590651583394752,0.08579056351052693,0.9495397573106406,0.021512095354124183,0.0013945160300798615,0.03504986274782589,0.9598972530622725
1990-08-01,0.9647444803566388,0.026941081848121537,0.004949966030290387,0.02548279310781296,0.9292517478542032,0.06880419791014995,0.009772726535460173,0.04380717029766543,0.9262458360596373
1990-09-01,0.9759965669460793,0.03287468209871514,0.028241919374944847,0.02097832387578686,0.9166766941943926,0.09978502133309756,0.003025109178142792,0.050448623706923705,0.871973059291973
1990-10-01,0.8932799155392557,0.02591967993836839,0.0056718678661976,0.08757013458372567,0.8862795407712938,0.08154279050938841,0.01914994987692836,0.08780077929029378,0.9127853416246382
1990-11-01,0.9383003882538403,0.07690199512698336,0.010827903608383194,0.055178486288926014,0.8846065143686321,0.013707431844677506,0.0065211254573606,0.03849149050446002,0.9754646645469612
1990-12-01,0.9301161923328453,0.040357821201001925,0.008562041304229587,0.04859874944514862,0.9246207082420964,0.04231968864301688,0.021285058222074577,0.0350214705570164,0.9491182700529184
1991-01-01,0.9554301428468496,0.03198662919281103,0.008668197020313335,0.041030039972594495,0.9234345266803607,0.025250668983659328,0.0035398171807650308,0.044578844126765015,0.9660811339961843
1991-02-01,0.9772424725797456,0.02154527122618112,0.018098101816140806,0.017774472748726573,0.9513638483986264,0.05858633174580315,0.004983054671543528,0.027090880375111044,0.9233155664380023
1991-03-01,0.9897417513668401,0.005735975511015194,0.00762349847128412,0.003228942214480471,0.967123704345942,0.07556327148328573,0.007029306418671592,0.02714032014292694,0.9168132300455433
1991-04-01,0.968479322142809,0.028638907664142146,0.01059882226675359,0.01455709939383109,0.9328397340094653,0.05801907219669517,0.016963578463447176,0.03852135832628872,0.9313821055366102
1991-05-01,0.9564403708956903,0.04700877160029978,0.013236769232720024,0.04229327907743911,0.8985251668636427,0.05133085609235994,0.0012663500266966207,0.05446606153621847,0.9354323746749067
1991-06-01,0.9715823522848565,0.04001770017352441,0.007924504968959065,0.016873405927688434,0.8676818833080769,0.019739154006920334,0.011544241787578482,0.09230041651855748,0.9723363410241352
1991-07-01,0.9877849926213769,0.05066525011959644,0.00023159335663643917,0.010643250892745216,0.9157978928196413,0.03350945473419662,0.001571756486024708,0.03353685706088583,0.9662589519091829
1991-08-01,0.9175922590481732,0.011318855816583862,0.017230297798097184,0.08174328223640315,0.9554777089304375,0.06245156659570155,0.0006644587154660382,0.033203435253199125,0.9203181356061053
1991-09-01,0.9663732264126904,0.04547486910790512,0.01796049103908412,0.03348489781973253,0.8990213489869315,0.003443773745868429,0.00014187576745368783,0.05550378190521618,0.9785957352149435
1991-10-01,0.924397898983289,0.05526096546447647,0.005315117708782178,0.04310639629200276,0.9297316683406874,0.020429709422586522,0.032495704724833624,0.015007366194746649,0.9742551728686514
1991-11-01,0.9380587767110594,0.06616403397826093,0.0005911911052860309,0.04533675831083577,0.889280336101368,0.07050701407661895,0.01660446497813361,0.044555629920311784,0.9289017948178478
1991-12-01,0.9779612543526786,0.03816248696131167,0.030208606844870332,0.01647875417918682,0.9462416920614479,0.028264335122967926,0.005559991468226648,0.015595820977258864,0.941527058032091
1992-01-01,0.9606838009593066,0.049245892330929845,0.03315368618643917,0.024229174684905264,0.9193080115710971,0.024885114662879026,0.015087024355798354,0.03144609609782909,0.9419611991506824
1992-02-01,0.9451651419150616,0.04156387856572206,0.0009243447646820252,0.04463210646956195,0.9022043379965031,0.015706640937207965,0.010202751615285024,0.05623178343780024,0.9833690142980802
1992-03-01,0.9348824723910714,0.03524147149928256,0.018288202212638337,0.06134563996754397,0.937753461299507,0.020456056419989845,0.0037718876414723425,0.02700506720122391,0.9612557413674584
1992-04-01,0.9476621821260293,0.02988452105766283,0.034673779230011456,0.051749359797088945,0.9357292136847207,0.04408942152622232,0.0005884580769410706,0.03438626525750802,0.9212367992439086
1992-05-01,0.9423744799904571,0.029924002050241115,0.018121397664174435,0.04503154066123141,0.9457257715463605,0.05860430786937163,0.012593979348195448,0.02435022640349909,0.923274294466561
1992-06-01,0.9770326132929796,0.017362242113305497,0.0021209191802107293,0.01910542035409449,0.9499469530092398,0.01237236843827794,0.0038619663528819607,0.032690804877369535,0.9855067123815207
1992-07-01,0.9775523533900914,0.04762570624643248,0.04109493602574681,0.012417206944082533,0.9335749908684209,0.07042809884727712,0.010030439665627852,0.018799302885186883,0.8884769651268085
1992-08-01,0.9603618465824522,0.03360215707870725,0.000386603509507477,0.03615579952723162,0.9305031168631711,0.0668763236375728,0.0034823538904406844,0.03589472605809482,0.9327370728531434
1992-09-01,0.9834681384023747,0.06035384069589974,0.008075423819248341,0.013736890930387748,0.914292757686121,0.017064549444094693,0.002794970667315918,0.025353401617962873,0.9748600267365324
1992-10-01,0.9631111096447408,0.05536946323862042,0.010086190559831315,0.031339524909982375,0.8954040081850415,0.055718106868779774,0.005549365445382263,0.04922652857645681,0.9341957025715543
1992-11-01,0.9752771965751909,0.03651688769347555,0.04053618802057009,0.02089784705000637,0.9308476435552431,0.07551891568348987,0.0038249563748486673,0.03263546875120486,0.8839448962960329
1992-12-01,0.9771365178427295,0.04458351540834999,0.0002627257577261649,0.01870156859888725,0.9195219596701678,0.0790979069887412,0.004161913558452679,0.035894524921466005,0.9206393672537081
1993-01-01,0.9555138245340881,0.041875523369700546,0.0018608868277179883,0.009150827160449007,0.8608845398202429,0.02192573435752362,0.0353353483056377,0.09723993681006363,0.9762133788147623
1993-02-01,0.9912002065601097,0.04877313937271222,0.004220593204567385,0.005173179295397425,0.9141458540382009,0.00796746170857867,0.003626614144434078,0.037081006588836174,0.9878119450869884
1993-03-01,0.9764886951724753,0.02446363481072215,0.010385966361430169,0.020988189362668764,0.9281543181243438,0.06797481289682183,0.0025231154649949378,0.0473820470646873,0.9216392207417803
1993-04-01,0.9683889166346524,0.011475704920326091,0.006176133142828651,0.017959186689720578,0.9485926602713692,0.04339996089707483,0.013651896675636654,0.03993163480826522,0.9504239059600357
1993-05-01,0.9903470889295531,0.11104363157847438,0.003846307526731028,0.003178792054761515,0.8534728641361262,0.024479624185835644,0.006474119015571675,0.03548350428537139,0.9716740682872184
1993-06-01,0.9607669269233249,0.018426171211111318,0.018144121580566216,0.0375236740973716,0.9489905335578471,0.059009844355035965,0.0017093989792794652,0.03258329523085705,0.922846034064455
1993-07-01,0.9621404314693911,0.014775688496103135,0.013847928024321547,0.03716787936637852,0.9376972625957768,0.02251805940815034,0.0006916891641421724,0.04752704890836435,0.9636340125673171
1993-08-01,0.9902360256690337,0.0645391193786165,0.016997648844220864,0.00730103637478437,0.9210494136131702,0.030461343119587873,0.0024629379564027245,0.014411467008358115,0.9525410080362248
1993-09-01,0.9813107717582615,0.06301541951930968,0.01090216618421243,0.015950739766822156,0.9103480671157221,0.055523316644894245,0.0027384884747877346,0.026636513364967994,0.9335745171709484
1993-10-01,0.9679020664144935,0.033348169675417025,0.04591756183401587,0.02515242982375022,0.9139520232984172,0.06971264375057143,0.00694550376188384,0.05269980702610157,0.8843697944155634
1993-11-01,0.9439686095073444,0.030069325114163752,0.012934293413177698,0.04956109245295855,0.9598564090683424,0.028818340416080526,0.006470298039589528,0.010074265817593415,0.9582473661705181
1993-12-01,0.9449557980017825,0.09398864267575573,0.014273394760639112,0.04573607138793605,0.8802426797790591,0.0441702027084179,0.009308130610226893,0.025768677545329417,0.9415564025310538
1994-01-01,0.9578983519843068,0.021503050372613474,0.026647593500347858,0.03559949434128382,0.9584421140715036,0.06357247583532596,0.006502153674176313,0.02005483555601751,0.9097799306643727
1994-02-01,0.9692641026220692,0.03541751233136163,0.011820501445398182,0.02910938079600601,0.9309583627411133,0.09274355135642652,0.001626516581831816,0.03362412492754587,0.8954359471982436
1994-03-01,0.9763861925936741,0.03394420313447172,0.011178072739298477,0.018225363923270264,0.9185022152816311,0.04821622754451558,0.005388443483006686,0.04755358158378478,0.9406056997160466
1994-04-01,0.9370280544979527,0.05004883999977458,0.01249305610687583,0.060076617668527614,0.9260403781026878,0.09679068772437244,0.002895327833548549,0.023910781897596295,0.8907162561688283
1994-05-01,0.9699092621255442,0.06651448834384426,0.0018317480054775004,0.01703884216504139,0.9268078953047801,0.06665190597212886,0.013051895709420608,0.006677616351197783,0.931516346022475
1994-06-01,0.9669360747211998,0.05930878125427049,0.00968055392745652,0.03188430716368777,0.9202574120753959,0.018992957331469437,0.0011796181150103304,0.020433806670465782,0.9713264887412418
1994-07-01,0.9674865664330011,0.04502267794338038,0.0041763481558234625,0.025278446545113912,0.9120816882325781,0.04726927973518973,0.007234987021754446,0.04289563382398585,0.9485543721091699
1994-08-01,0.944903842412872,0.047148020766546034,0.022860548685692542,0.05123399090406538,0.9190439190190042,0.06996868725760108,0.003862166683091992,0.033808060214237955,0.9071707640567632
1994-09-01,0.9717592352491649,0.03534111636874657,0.039193550961845264,0.02741225782702153,0.9099033068547907,0.0406785442589953,0.0008285069238611712,0.05475557677659191,0.9201279047792519
1994-10-01,0.9550836555966414,0.0653995471003581,0.04076421301811798,0.03030713447808368,0.910488530493237,0.04507775105491773,0.014609209925242297,0.024111922406427785,0.9141580359270696
1994-11-01,0.9734429992939395,0.039451653003010026,0.006760338390505264,0.018960321647514333,0.8719791125203683,0.022055269656531935,0.007596679058465816,0.08856923447680454,0.971184391952923
1994-12-01,0.9819493992979955,0.02779480316303829,0.032248280944430614,0.016587848014645787,0.9291788918874041,0.015399562328819274,0.001462752687526603,0.04302630494932051,0.9523521567267907
1995-01-01,0.9654068165293226,0.013830614062810906,0.00969509753836939,0.02628542885099706,0.9551964743142464,0.07586163465680149,0.008307754619480351,0.030972911623001507,0.9144432678048202
1995-02-01,0.9806133525440842,0.06929129356323614,0.01014553377856831,0.018097913537246168,0.9059729440030596,0.07086943911285239,0.0012887339187810092,0.02473576243383534,0.9189850271086368
1995-03-01,0.9801883644584329,0.05203827247369478,0.001115988994020025,0.019087150892225072,0.9030059745055532,0.03216570744290945,0.0007244846493252474,0.04495575302059177,0.9667183035629607
1995-04-01,0.9689864852437983,0.025230185685671362,0.0023603159829012387,0.029818831359341186,0.9479758042283183,0.011399727592348084,0.0011946833968158222,0.026794010085948828,0.9862399564246144
1995-05-01,0.9849940855820025,0.06441136592469524,0.0005725805425183126,0.013316698086397821,0.9116314517997877,0.03786341515564232,0.001689216331592848,0.02395718227533091,0.9615640043018097
1995-06-01,0.9809009420096125,0.02540499917449734,0.00044005534262986785,0.014804097496762321,0.9412011380807469,0.0186315515719268,0.00429496049360479,0.033393862744962526,0.980928393085537
1995-07-01,0.9544949110103044,0.018481875390193057,0.0077305950493042515,0.04209418619956703,0.9589231789904692,0.05314057020570332,0.0034109027900513355,0.022594945619490162,0.939128834745094
1995-08-01,0.9576790841191317,0.0317220660521173,0.03636509205961617,0.036504218724287545,0.9446550968350984,0.10970833685188729,0.005816697156455075,0.0236228371126099,0.8539265710885665
1995-09-01,0.9600475016396111,0.0353638656877125,0.003127889681867639,0.03046950132835343,0.931812442157212,0.06941226926923287,0.009482997031895719,0.032823692154921646,0.9274598410490081
1995-10-01,0.9546549530843582,0.04074401709167922,0.01562258314346492,0.040723592061051576,0.9316075590575789,0.012101560700695986,0.0046214548544136775,0.027648423850884608,0.9722758561558363
1995-11-01,0.9489491770674842,0.0391426188017479,0.00382197589959151,0.02490266004230251,0.9431183935956359,0.030419213212662482,0.026148162890082347,0.017738987602779057,0.9657588108876102
1995-12-01,0.9746615339378699,0.04801272182726303,0.035588231943181316,0.0096319429033247,0.9359031154781398,0.03824387821805312,0.015706523158778272,0.016084162694615947,0.9261678898385262
1996-01-01,0.9284090329739891,0.032795134395956806,0.03005528694702773,0.06104321099912636,0.9226317467253764,0.020314553582174988,0.010547756026823053,0.044573118878759234,0.9496301594707364
1996-02-01,0.9600890527780848,0.01983386653847491,0.014901673461452183,0.039046365836198825,0.9531776241795753,0.02348638449413445,0.0008645813858472265,0.026988509281884267,0.9616119420443381
1996-03-01,0.9655211030907145,0.03357367078476861,0.03864586296223736,0.016121419842022536,0.9372464313528224,0.02538195691240612,0.018357477067232845,0.029179897862489822,0.9359721801253797
1996-04-01,0.9604725424877326,0.024677496060640073,0.010326270366750954,0.029898904994984474,0.9419572457935247,0.021619927913943886,0.009628552517227723,0.03336525814592493,0.9680538017193557
1996-05-01,0.9707671308086028,0.05512188836821025,0.007597422824588231,0.02880163680101128,0.8973049304543284,0.08087590372494548,0.0004312323903313227,0.04757318117741504,0.9115266734505377
1996-06-01,0.9501276843232633,0.02621506178888748,0.015564764340174179,0.027627803832465984,0.955549073211565,0.03184272401788479,0.022244511844233206,0.018235864999524624,0.9525925116419673
1996-07-01,0.9589507092967571,0.0651375885088413,0.051001648267912585,0.022244724463584022,0.8824293737307438,0.059890421863087975,0.01880456623981331,0.05243303776029726,0.8891079298690553
1996-08-01,0.9849936368884017,0.01444393468258598,0.001633771917589731,0.011292436978607106,0.9626601155311088,0.03319875704848488,0.0037139261328115064,0.022895949786380185,0.9651674710338247
1996-09-01,0.9511459296409279,0.039057672956634905,0.02043817854428921,0.03009274252224289,0.9149547169292609,0.02811974374439265,0.018761327836729864,0.04598761011389584,0.9514420777112332
1996-10-01,0.9662952004838822,0.07455834795450768,0.003394522484555495,0.026547045585125512,0.9054286314660339,0.032264125075693394,0.007157753930839158,0.020013020579275478,0.9643413524397058
1996-11-01,0.9500776990888422,0.021442258230280762,0.011474285392783296,0.03675417553214702,0.9398160041920448,0.030515851999419988,0.01316812537896789,0.03874173757776147,0.9580098626077579
1996-12-01,0.9780644917755505,0.02183087310669603,0.007186197865513845,0.014353850609911635,0.9539788215414301,0.041929654482320396,0.007581657614424845,0.02419030535181546,0.9508841476520893
1997-01-01,0.9809732400391724,0.06630500057026871,0.0012640758486255487,0.01686293497664273,0.8850834312551473,0.022951644973630884,0.0021638249840307006,0.04861156817457797,0.9757842791776388
1997-02-01,0.9582360727328465,0.024410648105509494,0.00440612132080789,0.03571590931664894,0.9400674639034993,0.034522018338536756,0.00604801795033251,0.03552188799119351,0.9610718603406097
1997-03-01,0.9584285905583229,0.03791644097717963,0.022649562523495974,0.03995802616945522,0.9381455912542326,0.030418907929690927,0.0016133832723270007,0.02393796776863904,0.946931529546606
1997-04-01,0.9242879414713414,0.0353488381554867,0.02740152841020212,0.05460746867207838,0.947819355860859,0.04753980619528582,0.021104589856528393,0.016831805983513772,0.9250586653943654
1997-05-01,0.9719966677219348,0.04038309086062683,0.0014732697661056814,0.02349768353977274,0.9327953400970751,0.056682552774986995,0.004505648738515453,0.026821569042281806,0.9418441774588984
1997-06-01,0.9601901013538744,0.029090022688786746,0.009199170944318191,0.024233516691511515,0.9229933594979222,0.009137638254883444,0.015576381954588945,0.0479166178133111,0.9816631908008341
1997-07-01,0.9647774528099757,0.056789227719679765,0.03355699119566144,0.01794097249367658,0.9401054997332431,0.040917265343282494,0.017281574696359395,0.0031052725470006423,0.9255257434609441
1997-08-01,0.9642050330647173,0.041322183860910876,0.05864170889707238,0.029252889767911718,0.9410604439027705,0.057424930851384844,0.006542077167386722,0.01761737223637538,0.8839333602516697
1997-09-01,0.9721531249704544,0.013422090978352893,0.002021808457152129,0.026208185780029834,0.9702796037733449,0.0603443966191527,0.00163868924977028,0.016298305248286446,0.9376337949235447
1997-10-01,0.9670128830269409,0.0368986501433905,0.01855213793311105,0.030099865886337805,0.9305923888193333,0.0670021191580913,0.002887251086733783,0.03250896103733075,0.9144457429085596
1997-11-01,0.9745583582724321,0.057144544682889965,0.006930149678951979,0.02193173370645189,0.9279599734284475,0.05826299440844054,0.0035099080210585464,0.014895481888654919,0.9348068559126396
1997-12-01,0.901069193631595,0.04625984728657707,0.012310687773278789,0.06726456422086294,0.9101277398161199,0.060636098956694556,0.031666242147690045,0.043612412897219635,0.9270532132702825
1998-01-01,0.9463693715089768,0.02668378150173665,0.04354826043690542,0.05121801833895397,0.9482348233371698,0.045090863308079564,0.0024126101520600862,0.025081395161032694,0.9113608762551616
1998-02-01,0.9624090521672757,0.022247872546474482,0.01393618171185913,0.03717307748037561,0.9473660201346767,0.044495232458136136,0.000417870352375152,0.030386107318973846,0.9415685858300065
1998-03-01,0.9617119600496128,0.03108022967529641,0.009969738159771363,0.03036476036856468,0.9506326038925735,0.07332205734438889,0.007923279582029964,0.018287166432029663,0.9167082044958542
1998-04-01,0.9634297794626011,0.030718237993487406,0.02705361777583438,0.027717627788799735,0.945109799169537,0.02456375921957478,0.008852592748633804,0.0241719628371357,0.9483826230045106
1998-05-01,0.9242657055559194,0.01839651796543275,0.016322684664348143,0.07108652889314741,0.9529452576492576,0.06983299821187819,0.004647765550864456,0.02865822438519545,0.9138443171238428
1998-06-01,0.9561865848821132,0.021134164305493676,0.016611065603768276,0.03663520717702888,0.9667262665132772,0.04310467366042626,0.0071782079408677715,0.01213956918138667,0.9402842607359582
1998-07-01,0.965074320664532,0.02480732062795022,0.004812937252436788,0.03448297144626721,0.9440436866533004,0.01866486789836402,0.00044270788923042196,0.03114899271889761,0.9765221948491695
1998-08-01,0.967969914742895,0.034953913024577773,0.002039064379464832,0.030621411962991982,0.9422069746662369,0.06323113170432122,0.001408673294214561,0.022839112309183722,0.9347298039162517
1998-09-01,0.9754000109375464,0.008976439163518847,0.018236978701421453,0.018955882865943706,0.9766882030169889,0.052560115793157045,0.0056441061965396295,0.014335357819437676,0.9292029055052055
1998-10-01,0.9690819649366229,0.03471172371325825,0.00435908672156627,0.02902097151733579,0.9472217082348025,0.042485875687264425,0.0018970635461942383,0.01806656805186684,0.95315503759121
1998-11-01,0.9113319578979594,0.027149306112986805,0.0012459246373310523,0.08703996974929841,0.9576390387439349,0.03156471559714155,0.0016280723528922468,0.01521165514308846,0.9671893597654658
1998-12-01,0.9509414979958354,0.041863189041351855,0.02700971678806442,0.045139819798676546,0.9185595570044488,0.03137873428499943,0.0039186822055660075,0.03957725395413532,0.9416115489269068
1999-01-01,0.95803360246951,0.08222300054765716,0.007613855273551738,0.03901705166465867,0.8812302670938384,0.03307795707909338,0.002949345865726326,0.03654673235856362,0.9593081876472331
1999-02-01,0.9525816329312836,0.04532827902870789,0.0044345555271171925,0.04621629612527877,0.9099762821467166,0.03664912692043273,0.0012020709436395829,0.044695438824643524,0.9589163175525353
1999-03-01,0.9663836698164203,0.044001685390911795,0.004067522717282868,0.032617966593611984,0.9399424201371075,0.024209997677337773,0.0009983635900123772,0.016055894472071237,0.9717224796053091
1999-04-01,0.9560539749890696,0.041659950942530825,0.03263077390795281,0.043910414364533926,0.9453675207021625,0.009468192472713629,356106465425052e-19,0.012972528355479573,0.9579010336193802
1999-05-01,0.9647650036351589,0.02555508986145449,0.010298199636737213,0.03228169330022284,0.9396427632192894,0.043760326784889655,0.002953303064368858,0.034802146919236,0.9459414735782642
1999-06-01,0.9473714227915081,0.0443324239171955,0.023660880050067126,0.030562941981658064,0.9373764555710599,0.032336478992243976,0.02206563522695784,0.018291120511851996,0.9440026409575277
1999-07-01,0.978112756074731,0.05803486205703266,0.017258371026382703,0.017836892303573493,0.9356456389159475,0.03934469015332776,0.004050351621506094,0.00631949902707839,0.943396938820281
1999-08-01,0.9146349300087573,0.057199775243237744,0.010090072050733983,0.07539645160159864,0.9001447938171597,0.057967541800167256,0.009968618389676815,0.04265543093964332,0.9319423861489257
1999-09-01,0.9406695014141702,0.029165769043605797,0.02963832348663268,0.05647247398849155,0.9458070768967557,0.06517451839654449,0.0028580245974117228,0.02502715405967855,0.905187158116771
1999-10-01,0.9497860569507337,0.020730235160064336,0.006650526853258272,0.032067466647709035,0.9592615069074242,0.05632412795830285,0.018146476401511673,0.020008257932637972,0.9370253451886871
1999-11-01,0.9616407797542322,0.03428560443499169,0.02419398180216459,0.03071461439254245,0.9545724518073783,0.004491728196337059,0.007644605853143132,0.011141943757521373,0.9713142900016727
1999-12-01,0.954405374027503,0.050539928531239994,0.021019782823792865,0.0422612477479447,0.9256253583819993,0.042841445734966385,0.003333378224667342,0.023834713086635442,0.9361387714414301
2000-01-01,0.9515589254224321,0.05080969008395272,0.0021712807539473714,0.03034832846555554,0.9171013185876085,0.022648968183340928,0.018092746112015803,0.03208899132866951,0.9751797510627528
2000-02-01,0.9653879152903746,0.023226776864845994,0.005403975647963282,0.030369298866726006,0.9521683037279995,0.03670324392432646,0.004242785842741091,0.024604919407208256,0.9578927804276209
2000-03-01,0.9542055745916251,0.08844340027747122,0.0016060499022342157,0.042487953302625316,0.8894389379554446,0.037875193214626714,0.0033064721056072365,0.022117661767091228,0.9605187568831743
2000-04-01,0.9451651648487407,0.03407876960312808,0.020328726604219555,0.04008264519069379,0.9623074035936592,0.06553780359725901,0.014752189960517888,0.0036138268031038947,0.9141334697985484
2000-05-01,0.977714755924167,0.06305506934644375,0.010751517002536463,0.016409093768231058,0.9101637594732079,0.019497852823824848,0.0058761503075852265,0.02678117118037712,0.9697506301737631
2000-06-01,0.9754139830789813,0.00939329793520564,0.03324095430627923,0.015371050446998739,0.9840598032466249,0.05974807401356677,0.009214966474052387,0.006546898818251762,0.9070109716801499
2000-07-01,0.9767625115535309,0.02397607447673711,0.01425526313742643,0.021665963183144985,0.9386230175316159,0.04594254417120974,0.0015715252632948352,0.037400907991430865,0.9398021926915909
2000-08-01,0.946782064477568,0.0439876154338735,0.008209687777816858,0.037260739758437765,0.9457549355473504,0.07838592421731666,0.01595719576394555,0.010257449018752073,0.9134043880047958
2000-09-01,0.9625375131945498,0.045358538382844475,0.03525735239026451,0.025196737530500255,0.9460088879453433,0.08847508297981055,0.012265749274920447,0.008632573671708553,0.8762675646301225
2000-10-01,0.9765829519099403,0.05074288359565673,0.00578748308533508,0.020544254429999766,0.9282138063025138,0.056189323693907625,0.002872793660045171,0.021043310101930633,0.9380231932208953
2000-11-01,0.9736917227436079,0.015878531038350106,0.019685745656913094,0.023772760702144093,0.9325211148051181,0.04370436466043023,0.0025355165543450237,0.05160035415650229,0.9366098896825955
2000-12-01,0.9659987307612073,0.024585684427614864,0.02275794833482841,0.027267295524781184,0.920548143572928,0.07305078709040765,0.006733973713993423,0.054866171999335925,0.9041912645746468
2001-01-01,0.9584476482596076,0.03839689111885012,0.0017005193865232157,0.03545448812894974,0.9584232704328408,0.033315397732337736,0.0060978636114355335,0.00317983844825504,0.9649840828812074
2001-02-01,0.9459928118327842,0.036258747988488486,0.016049947863714928,0.05021098129033447,0.947374693160023,0.08193878080359662,0.0037962068769418623,0.01636655885135951,0.9020112713326606
2001-03-01,0.9807644055424897,0.02932052770307667,0.005625240494445407,0.011627672886050738,0.9510178712854664,0.06623221829764715,0.007607921571462483,0.019661601011508777,0.9281425412080564
2001-04-01,0.968285461969572,0.040789819120051245,0.007379727860732618,0.02933845321620629,0.91184188580337,0.022470901777750844,0.002376084814223414,0.047368295076568104,0.9701493703614719
2001-05-01,0.9452416891884301,0.029318694798102302,0.02530064804120257,0.029567383456645665,0.9417808036541455,0.009583583102657178,0.025190927354911748,0.0289005015478414,0.9651157688561516
2001-06-01,0.9612565189290284,0.06663102170288206,0.019261603438574058,0.030104089436216265,0.9251074151088302,0.03375563800767191,0.008639391634915231,0.00826156318838504,0.9469827585537032
2001-07-01,0.961639538869504,0.05900878641280876,0.0010258635324595082,0.03318868817954338,0.927621248012819,0.08802758367335223,0.005171772950804408,0.013369965574199836,0.9109465527943211
2001-08-01,0.9597179863425023,0.03575213393431551,0.057737520808233966,0.037890560715880164,0.9286268896787858,0.03458571672058076,0.002391452941542591,0.035620976386893675,0.9076767624711851
2001-09-01,0.9732571747774343,0.022091273137625485,0.001402977771217354,0.024872596644911916,0.9571125906065252,0.03977965629087543,0.0018702285774239173,0.020796136255860527,0.9588173659377961
2001-10-01,0.9523936583453697,0.04073265794380631,0.0066514939160228805,0.043931317639987554,0.9344483590364895,0.03250160428710265,0.003675024014561477,0.024818983019747443,0.9608469017967316
2001-11-01,0.9832053114030567,0.03613021043947171,0.014026375932902868,0.016714903483422174,0.8886737034028729,0.049905302120078224,7978511351244303e-20,0.07519608615746212,0.9360683219472605
2001-12-01,0.9508351876757051,0.03367685547867232,0.022817917714683788,0.046124796573909194,0.9307219829946364,0.03051611819872394,0.0030400157502937114,0.0356011615265662,0.946665964086483
2002-01-01,0.9715637551907974,0.03261477444173274,0.0075152212875775806,0.027575379113100804,0.9480375770732835,0.020050037401611695,0.00086086569614885,0.019347648485031316,0.9724347413108644
2002-02-01,0.9527619672371289,0.038626022390204996,0.014193672305781764,0.04509710301341932,0.9405667839000669,0.05314027420279805,0.002140929749523513,0.020807193709723244,0.9326660534915807
2002-03-01,0.9818797222844458,0.021680447595853806,0.017376876736249797,0.012691552891894107,0.9538594980023607,0.03399788698254725,0.005428724823636064,0.024460054401623396,0.9486252362811322
2002-04-01,0.945023131053698,0.05674900540292274,0.01822995929260669,0.04296828395786178,0.91210889041461,0.05095349888176418,0.012008584988424796,0.031142104182487373,0.9308165418258637
2002-05-01,0.9764572789045002,0.03446495965026318,0.0026714111296798682,0.02143761122720704,0.9512197452204815,0.02586772532697691,0.00210510986823207,0.014315295129134452,0.9714608635433315
2002-06-01,0.9691989072489475,0.040145108943289425,0.00019806069104660645,0.00515168931057996,0.933522645834574,0.05412989569595356,0.025649403440405904,0.026332245222072306,0.9456720436129923
2002-07-01,0.9662122873111786,0.04476372036366274,0.005402812202747785,0.02861226829361395,0.9486056518105986,0.04100019213854096,0.005175444395187086,0.006630627825986081,0.953596995658828
2002-08-01,0.9860000263644715,0.06717197506084657,0.0029487720611633956,0.012764429529614105,0.9185379472018645,0.05364805310080021,0.0012355441060142396,0.014290077737418229,0.9434031748380085
2002-09-01,0.9709373246696367,0.01665724155453492,0.008419887614730365,0.018169236795583743,0.9689534359960793,0.018092718171441032,0.010893438534879875,0.014389322449405977,0.9734873942137403
2002-10-01,0.952756788300446,0.04424517407363713,0.001471031576876663,0.0285280438291319,0.941936734110799,0.03218551931655638,0.01871516787033042,0.013818091815425038,0.9663434491066779
2002-11-01,0.9725541470628363,0.04180180941996513,0.0016188265661089218,0.018003774932489152,0.9551250790154913,0.03188365240126919,0.00944207800460681,0.0030731115644854457,0.9664975210325821
2002-12-01,0.9730090338891095,0.043329139832626026,0.01217271675846788,0.02361136309730988,0.9348431274162587,0.059241259776464925,0.003379603013434629,0.021827732751242182,0.9285860234649715
2003-01-01,0.9689293814523214,0.017884251789845543,0.0027491216891879743,0.028335038400023632,0.968165532676568,0.038425225925776844,0.0027355801477606414,0.013950215533722337,0.9588256523850814
2003-02-01,0.9634475899682066,0.03673457739470888,0.008982934356874485,0.03378452367576404,0.9523750152337556,0.017461257845506825,0.002767886356015024,0.010890407371435052,0.9735558077974642
2003-03-01,0.9708100350344459,0.010453711582016198,0.00347376244830391,0.01948259179163577,0.9427393351122946,0.011754332307237677,0.00970737317393848,0.046806953305930286,0.984771905244419
2003-04-01,0.9632816822766568,0.021813603169507395,0.003819114612265052,0.031935715564992764,0.9729828013011441,0.03839504836595705,0.00478260215830062,0.005203595529358596,0.9577858370218151
2003-05-01,0.9594524210387674,0.037914488117298605,0.008135582989771344,0.0396726736101423,0.9498935770095926,0.005709830719800207,0.0008749053511802503,0.012191934873356954,0.9861545862903115
2003-06-01,0.9796939090836835,0.057102812864439044,0.01187503062509242,0.014757360395246109,0.9268145399637551,0.03579812020473098,0.005548730520956822,0.016082647171739975,0.9523268491702649
2003-07-01,0.9719354640001624,0.027715607713927365,0.000868230412574899,0.027123584209257336,0.9574536463496762,0.03899208028120071,0.0009409517904769062,0.014830745936410176,0.9601396893061519
2003-08-01,0.972131006579739,0.016753586126309884,0.02080571167406424,0.02353475322102187,0.962445624623035,0.04509849915636908,0.004334240199172929,0.02080078925069314,0.9340957891696784
2003-09-01,0.950116584140508,0.05800955031167068,0.014167577587587915,0.04526229718766313,0.8813150553968788,0.02211839534515385,0.004621118671821025,0.06067539429147643,0.9637140270672824
2003-10-01,0.9895955596231779,0.03652491401537259,0.0040583141323127184,0.008981443689814695,0.9295276016629679,0.04889222718651359,0.0014229966871054953,0.03394748432162514,0.9470494586811167
2003-11-01,0.9618077002918293,0.016389165503425725,0.0015704818223341004,0.03253026947836025,0.9516068212086233,0.08890554539232352,0.005662030229707586,0.03200401328803622,0.9095239727850869
2003-12-01,0.9582866973352385,0.031690175145911034,0.010140527417120227,0.03959307846476568,0.9013777787095152,0.043894316346592716,0.002120224200066524,0.06693204614448825,0.945965156236354
2004-01-01,0.9433621394671569,0.05371818621297763,0.006370326706232192,0.04821246527734856,0.9306800459324415,0.03624774969479663,0.008425395255727289,0.015601767854744864,0.9573819235991318
2004-02-01,0.9883269198277694,0.030266586921566016,0.006058917613032569,0.011294011074400789,0.9467016525587928,0.02564596834516661,0.00037906909779026216,0.023031760519692353,0.9682951140419654
2004-03-01,0.9613108826750717,0.030170551335306658,0.016502373861147036,0.03545852017095246,0.957313439358416,0.01771506836084506,0.0032305971538564107,0.012516009306263886,0.9657825577778952
2004-04-01,0.9692705851783512,0.022751322467961892,0.009054655081929555,0.02501039392299902,0.9672620277815916,0.06269219442826891,0.005719020898505366,0.009986649750289603,0.9282531504897379
2004-05-01,0.946696977295822,0.053922168189314744,0.0018237112904572615,0.049581563653990295,0.9226378510283639,0.0613564396534139,0.003721459050204553,0.023439980782478387,0.9368198490562161
2004-06-01,0.9812892405017698,0.0681370442427217,0.00015061589125274505,0.010583261384321899,0.9086000862615551,0.05209496607069546,0.008127498113993065,0.02326286949574586,0.9477544180379951
2004-07-01,0.9865776231865502,0.023872872000794604,0.008903568324081757,0.009555092884526736,0.9616113128584777,0.026940065484216978,0.0038672839289120454,0.014515815140653116,0.9641563661916742
2004-08-01,0.9723024338483521,0.011836793667853108,0.009555254366740444,0.02401299069847873,0.9672104308277562,0.0325433771697938,0.003684575453246936,0.02095277550434821,0.9579013684633902
2004-09-01,0.9787475507691734,0.02212258099433687,0.002459654065748171,0.010780497729555737,0.944828786258935,0.029225776892188724,0.01047195150136841,0.033048632746710396,0.968314569042083
2004-10-01,0.9883179120527887,0.049048488985191874,0.00296632288158017,0.010835346875100845,0.941639760804998,0.02409573157206779,0.0008467410720817986,0.00931175020976133,0.9729379455463286
2004-11-01,0.9872379671389113,0.01565974651003676,0.00733501022105579,0.009940336787085722,0.9511459681853501,0.027980263540484964,0.0028216960741041584,0.03319428530443761,0.9646847262385214
2004-12-01,0.9792507303435052,0.06528989344065793,0.0006125734493907499,0.019219687670708165,0.9048421817617666,0.03725782787971218,0.0015295819857108499,0.029867924797543237,0.9621295986708112
2005-01-01,0.9828949266956907,0.06988807231765881,0.01279083524325047,0.01584689772254243,0.9214659748429571,0.012341040898689709,0.0012581755819026687,0.008645952839632997,0.9748681238579711
2005-02-01,0.9793393015976364,0.04049591850120458,0.03803915335227723,0.017207769184616972,0.9158032483272968,0.026688367605009453,0.0034529292178356145,0.04370083317142649,0.9352724790425558
2005-03-01,0.982906926943355,0.0536944427377513,0.0008473501132674683,0.014172460968723197,0.9155039045072428,0.03536445854411302,0.0029206120881478375,0.030801652754934895,0.963788191342428
2005-04-01,0.9833261289342943,0.06737940896955712,0.018600442872494738,0.014850569399757993,0.9289226767832494,0.055256542260270554,0.0018233016659236145,0.003697914247253898,0.9261430148671966
2005-05-01,0.9921412715941131,0.030614153286535738,0.0462530305686071,0.007053705297906278,0.9566347899524644,0.0068700954093113805,0.0008050231078036035,0.012751056761248781,0.9468768740219732
2005-06-01,0.9890247021032043,0.035073490000571514,0.024980923917979566,0.010461071736141222,0.9527982428515277,0.034990196676632036,0.0005142261604832033,0.01212826714808913,0.9400288794052756
2005-07-01,0.9807307926493748,0.033637574040879914,0.0072147513878297745,0.009359747810037712,0.9519071101205296,0.04119704890574391,0.009909459540668925,0.0144553158384579,0.9515881997065897
2005-08-01,0.9825327756587215,0.04546241483490202,0.002034925611300422,0.010922619397632565,0.931275305158734,0.04310169682907016,0.006544604943888935,0.02326228000643641,0.9548633775595241
2005-09-01,0.9603926152139931,0.03116576054838871,0.019048213912697523,0.039429810271296925,0.9428878525106617,0.05350513982790843,0.00017757451479888877,0.025946386940724108,0.927446646259344
2005-10-01,0.9758107579116764,0.056766114836477914,0.016404620401166397,0.01842306813813354,0.9286744329649956,0.009520779287744134,0.0057661739501422725,0.01455945219848082,0.9740746003111052
2005-11-01,0.9664102572753099,0.06307488195011789,0.006557779811103636,0.026845554558664487,0.9297833954798634,0.020515023096626988,0.0067441881658522095,0.007141722570016745,0.9729271970920381
2005-12-01,0.9806484739401671,0.02407848730632436,0.011352385069653581,0.019078748768360198,0.9406223500045103,0.05245698502955479,0.0002727772914222887,0.035299162689340316,0.9361906299007691
2006-01-01,0.9791908207851848,0.05248110665127049,0.0339826645791674,0.020530808780032186,0.9220096483938609,0.03988453691465674,0.0002783704346440707,0.02550924495489506,0.9261327985060837
2006-02-01,0.9850519227202403,0.056140659186147926,0.02649098438052826,0.011877162060071056,0.9033096320054131,0.04801121786597679,0.0030709152196275436,0.0405497088083806,0.9254977977535578
2006-03-01,0.9808280358864438,0.03733281810167548,0.008775675730116835,0.016656114370497094,0.9497746135948921,0.031849190269036834,0.002515849743172591,0.012892568303340042,0.9593751340009101
2006-04-01,0.9787368528201396,0.01908098557196582,0.035505842402339,0.021229473997832694,0.9605265637693925,0.05100859676433345,3367318209666745e-20,0.02039245065847917,0.9134855608334251
2006-05-01,0.9642833921207512,0.02439759104672312,0.014198500110097661,0.015862077226415756,0.9659913752984239,0.027568160016104598,0.019854530652700594,0.009611033655020806,0.9582333398738773
2006-06-01,0.9818521121251342,0.037184078616731855,0.002070180678701532,0.01032186177853253,0.9420412958710018,0.024898202866380326,0.007826026096276684,0.020774625512182437,0.9730316164550097
2006-07-01,0.993176512272849,0.030405125422367917,0.0038237124395124147,0.0043306745366372785,0.9280288702563446,0.02606425043751972,0.002492813190443412,0.041566004321338244,0.9701120371228555
2006-08-01,0.9815813648466849,0.050854906440122964,0.028422333482298046,0.012470659561120905,0.917699380762176,0.01161434479956525,0.005947975592320159,0.03144571279771608,0.9599633217183479
2006-09-01,0.9866423426100924,0.07625975568950383,0.039796175963943185,0.0125039589871667,0.9000941091372562,0.07959397002207438,0.0008536984029087901,0.023646135173292275,0.8806098540137396
2006-10-01,0.9808061787340441,0.055112673320081726,0.0002923293571181248,0.014767392458774406,0.9327387941078369,0.024925437744741,0.004426428807276214,0.012148532571984791,0.9747822328980308
2006-11-01,0.963619647574849,0.012822852864342784,0.010356087199258936,0.03401191777313402,0.9754793769390364,0.1064099257075874,0.0023684346521238046,0.011697770196519512,0.8832339870932232
2006-12-01,0.959851905512551,0.015232457609045166,0.03848933866686477,0.03248369992439716,0.9398325051224279,0.00714063468254227,0.007664394563055593,0.04493503726861741,0.95437002665057
2007-01-01,0.9659208659114962,0.03567491642655311,0.012905856350030042,0.027093198437718093,0.9208541710629817,0.07900632176355837,0.0069859356508978725,0.04347091251071235,0.9080878218864987
2007-02-01,0.9877200951450595,0.06197684860433146,0.006361806368700304,0.008797922182613976,0.9232668119493584,0.06521767030516465,0.00348198267226897,0.014756339446336877,0.9284205233260596
2007-03-01,0.9864253417579717,0.03641933509455468,0.02420421755829239,0.009376334620866582,0.9148578021775178,0.007026650607735263,0.004198323621345424,0.048722862728155084,0.9687691318340415
2007-04-01,0.9566448317408173,0.013366007450201832,0.011800410450603286,0.02658212826006726,0.9613966472903932,0.05445970105808215,0.016773039999065476,0.025237345259478076,0.9337398884910896
2007-05-01,0.94669267631858,0.029742339112431473,0.0017291804418866435,0.039648325949333284,0.9532324666772102,0.054232512650244584,0.013658997732151523,0.017025194210353815,0.944038306907874
2007-06-01,0.9818073125279534,0.09726351259516117,0.002429211695301806,0.015633339609147784,0.8842641264545816,0.07979101813911052,0.0025593478629570322,0.01847236095028592,0.9177797701656449
2007-07-01,0.9634393650469172,0.03738542907215532,0.0011903529952181984,0.033970735191721495,0.9352657708093773,0.02419742994491147,0.0025898997611253525,0.02734880011865385,0.9746122170599487
2007-08-01,0.9459031296348143,0.029503012262870346,0.01141041951387952,0.049682634217393176,0.9466955600663507,0.03363592697817095,0.0044142361477527625,0.023801427670661707,0.9549536535079688
2007-09-01,0.9726525606353286,0.025398737588169545,0.017189003591992227,0.023087776990188776,0.953796935618214,0.02631344464443636,0.004259662374513438,0.020804326793572362,0.9564975517635638
2007-10-01,0.9804321552602749,0.05661506133560656,0.026491566569601367,0.009629958525635184,0.9227925099969263,0.022677510240498078,0.00993788621400335,0.020592428667222645,0.9508309231897912
2007-11-01,0.974298393401077,0.04673391084531881,0.019340032987637167,0.017214126958748428,0.9377843831527025,0.01267956358323285,0.008487479640266174,0.015481706002003992,0.9679804034293086
2007-12-01,0.9854286347161485,0.022496067321924326,0.01757198278184543,0.009414970469028444,0.95665222042148,0.00944269758553098,0.005156394814972779,0.020851712256700232,0.9729853196325694
2008-01-01,0.9819172935478475,0.040308563375316374,0.00042527362009092516,0.013570256588198342,0.9533343685197445,0.0216860960926309,0.0045124498637510325,0.006357068105080286,0.9778886302872601
2008-02-01,0.9697481716169597,0.03747173964268799,0.003373442023601613,0.023712947279250322,0.9486960436570855,0.027800126991984014,0.0065388811037146895,0.013832216700062318,0.968826430984346
2008-03-01,0.9765583789297678,0.006648759264081477,0.011487865777627537,0.020877142852021708,0.9604081012274379,0.009503889861833882,0.0025644782181473667,0.032943139508580375,0.9790082443604079
2008-04-01,0.9572937066683905,0.037800383602207284,0.013430239494369034,0.02284370528803189,0.9420883856673661,0.02103442253118055,0.019862588043613492,0.020111230730466317,0.9655353379746797
2008-05-01,0.9592329289383515,0.02725102634957594,0.011885008177672116,0.030319070414294925,0.9464986185286512,0.025787283643660282,0.010448000647300282,0.026250355121625664,0.9623277081785644
2008-06-01,0.9632962055493292,0.0688899654786268,0.02104350499814011,0.03323397073243203,0.8752623542085456,0.030748787325952265,0.0034698237183265453,0.055847680312860234,0.9482077076756612
2008-07-01,0.9739440493375164,0.02902862151612228,0.0021753486206285482,0.024113836052977806,0.9598967084722606,0.10823472286836675,0.0019421146096050264,0.011074670011656098,0.8895899285109166
2008-08-01,0.9813696349386389,0.03404087492990722,0.0010521543342598629,0.012001568307315094,0.9591327762700499,0.014792374916953406,0.0066287967541014195,0.006826348800103291,0.9841554707489482
2008-09-01,0.9774478343078504,0.03580629944893073,0.011567173446009799,0.015092361611890894,0.9402073715482525,0.011343126853305619,0.0074598040803977965,0.023986329002726244,0.9770896997007834
2008-10-01,0.964477418202807,0.06546498831990985,0.017715917123211442,0.03273992085802927,0.9266361736984678,0.018352644431845123,0.002782660939071195,0.007898837981528302,0.9639314384450277
2008-11-01,0.9897631122057654,0.029957507183381415,0.004569875812159456,0.0040994893146667774,0.9540580086086633,0.024429462524267823,0.0061373984795508214,0.015984484207877573,0.9710006616635992
2008-12-01,0.9794510611148891,0.06929902224063911,0.0003694603656576346,0.017307186226870157,0.8929603701108128,0.036349923429100775,0.003241752658191634,0.037740607648568986,0.9632806162051906
2009-01-01,0.9691430718338222,0.054777746251826624,0.012207102919251818,0.02987117342085254,0.9186161406487497,0.01699196149626499,0.0009857547454478316,0.026606113099341248,0.9708009355843762
2009-02-01,0.9812097650537528,0.05403762936293472,0.011855649123945445,0.01772209778874036,0.939416690827179,0.043571701778318796,0.0010681371576256359,0.006545679809823857,0.9445726490976458
2009-03-01,0.9807090998528635,0.046207719298407675,0.0068356343141147075,0.0187837820976216,0.935508551479871,0.030678627634340535,0.0005071180496383165,0.018283729221709184,0.9624857380513758
2009-04-01,0.9705180907387406,0.05073953881809586,0.017532071857412554,0.02818790346060365,0.9297013192946646,0.032195294912638756,0.0012940058004353781,0.019559141887211764,0.9502726332301114
2009-05-01,0.9714489679870809,0.03841925946041187,0.0022832894452387655,0.02671048438344985,0.9452430857309182,0.028136573724204795,0.0018405476294903647,0.016337654808600253,0.9695801368306618
2009-06-01,0.9820430331454474,0.039247365522309965,0.00952135261438878,0.01449966339393667,0.9539788358640153,0.025045849715438065,0.003457303460783722,0.006773798613652042,0.965432797670182
2009-07-01,0.9755663289331918,0.024854796566644705,0.009982666136167424,0.024382686637003916,0.9676493351410618,0.05710830396458034,5098442979966924e-20,0.007495868292319205,0.9329090298991457
2009-08-01,0.9732279871266944,0.057294423068965636,0.0012756834818143067,0.012128015315398252,0.9292448741470691,0.02930922123613804,0.014643997557814214,0.013460702784090407,0.9694150952819136
2009-09-01,0.9856279085135357,0.0364944842270509,0.00796313885637265,0.012641378438047511,0.9528118173810517,0.10387115228954795,0.0017307130485251338,0.010693698391832247,0.8881657088540323
2009-10-01,0.9887420642080182,0.024046019845824752,0.0010913031094865668,0.008568831544991459,0.9720168838442336,0.0568630877937096,0.0026891042470857983,0.003937096309904538,0.9420456090968342
2009-11-01,0.9800785105697234,0.02337566534663447,0.01124777713990309,0.00894652604189742,0.9539399037401729,0.04536200339055109,0.01097496338833537,0.022684430913293425,0.9433902194694905
2009-12-01,0.9839383163252935,0.07027680021279983,0.007032324084006614,0.015607465040364138,0.9218255937824248,0.053538581401084286,0.00045421863433423867,0.00789760600472257,0.9394290945147566
2010-01-01,0.9890186504460773,0.017964733084882945,0.005942225615690695,0.009138370542540311,0.9632203773415294,0.01157226032951841,0.0018429790113125677,0.01881488957377602,0.9824855140547485
2010-02-01,0.9799789649472225,0.015822875693092337,0.004230334705434931,0.011842311729250724,0.9778427828187091,0.06890385717781758,0.008178723323500742,0.006334341488118915,0.9268658081165804
2010-03-01,0.9720676132593938,0.061671525640909046,0.0003340849275503889,0.025143478982727088,0.9244512781768415,0.14732079016487984,0.002788907757964476,0.01387719618239465,0.8523451249075255
2010-04-01,0.955735873967557,0.04057793272331198,0.001404281218345458,0.03617214463010508,0.9346508670805659,0.038823972539773856,0.008091981402435375,0.024771200196083105,0.9597717462420012
2010-05-01,0.9611589824728161,0.03396946117091924,0.001091320911145386,0.03252968782976048,0.931590129446064,0.049159669428558816,0.00631132969721895,0.03444040938297168,0.9497490096601299
2010-06-01,0.9705344561352441,0.050565273368022134,0.0037572020494179683,0.028816489135371874,0.9368893827551598,0.015618727008191445,0.0006490547295034438,0.01254534387679207,0.9806240709422572
2010-07-01,0.9609751028090517,0.02757402271904778,0.030164182277849005,0.03629404473929418,0.9386077878797272,0.03812136276661317,0.0027308524518827246,0.03381818940115255,0.9317144549556109
2010-08-01,0.9866171548115954,0.028046626524506495,0.00022100144678847226,0.008104802852945448,0.9536895682814919,0.016098032962208388,0.005278042335561933,0.018263805193839893,0.9836809655909916
2010-09-01,0.9784402725155862,0.07113292257007837,0.005644771719494081,0.020627969743884443,0.896569761311818,0.03397344311779439,0.0009317577405487985,0.03229731611821735,0.96038178516272
2010-10-01,0.9835539975908125,0.048361482857968166,0.0010203974083264685,0.01630862482074895,0.928176060474618,0.04555043144985276,0.00013737758843406696,0.023462456667397033,0.9534291711418537
2010-11-01,0.9743122440443746,0.03855745088740631,0.015466742373945234,0.025525911546081408,0.9513782385073122,0.04928379318272754,0.0001618444095929938,0.010064310605375788,0.9352494644433218
2010-12-01,0.963790270946163,0.020812978292214925,0.03290316326876474,0.028031771623525083,0.9716312710708799,0.038334229148442,0.008177957430295623,0.007555750636901209,0.9287626075827938
2011-01-01,0.9793468065228841,0.04500423102734785,0.030524686566176393,0.017619133529623427,0.9272382892395422,0.03390650266381422,0.003034059947537134,0.027757479733085465,0.9355688107698775
2011-02-01,0.9722075563314877,0.04897455864785391,0.011268429499309368,0.026553403542159158,0.9449892216756207,0.03436706921572065,0.0012390401262174445,0.00603621967646194,0.9543645012848677
2011-03-01,0.9823659484028733,0.02560259376474541,0.008236264808162624,0.017495201667308037,0.9397003397636394,0.07822390395179638,0.0001388499297101434,0.03469706647160714,0.9135398312399832
2011-04-01,0.96634901857277,0.03361216769631576,58694282336969204e-21,0.02929376861209811,0.9429786496958921,0.10609108604183845,0.004357212815100621,0.023409182607820836,0.8938502196759369
2011-05-01,0.9647804094045647,0.024994131760570533,0.027941710885195023,0.03154536841277015,0.9323074211626295,0.0077274123804668944,0.0036742221826175617,0.04269844707668626,0.9643308767343175
2011-06-01,0.9566900582524007,0.024934695067004447,0.0017206825713103062,0.037754364879260996,0.9391877076783796,0.041491665101672896,0.005555576868104086,0.03587759725468232,0.9567876523269689
2011-07-01,0.9833098561328205,0.020406667076882202,0.023628346949548504,0.014878951310396257,0.9593037901269805,0.03912454944833145,0.0018111925567937024,0.020289542795950858,0.9372471036021932
2011-08-01,0.9733294476208811,0.06900240841013187,0.001836171922183668,0.017590363882564068,0.9105155352553512,0.035383965698434,0.009080188496696152,0.020482056334657717,0.9627798623793644
2011-09-01,0.9846070780969943,0.032057352177127615,0.02142484485765009,0.015057099705538911,0.9474013205246467,0.07828044744174956,0.0003358221972771165,0.020541327298211384,0.9002947077005958
2011-10-01,0.9748318669724795,0.028414503749180517,0.026921526220312665,0.017781812948325926,0.9565098826404538,0.017620772929035574,0.00738632007913471,0.015075613610500894,0.9554577008505896
2011-11-01,0.986834131883219,0.01385351294399908,0.0014317626772156872,0.007511418732918925,0.9743087716449651,0.018835220529929753,0.00565444938401071,0.011837715411274746,0.9797330167929893
2011-12-01,0.9806266267696631,0.04903121381040846,0.0006078443586660478,0.01386198102146243,0.9173972489412976,0.05486278302468596,0.005511392208866126,0.03357153724842258,0.9445293726166702
2012-01-01,0.9711835446240284,0.03962088126904505,0.012751470961919701,0.024642245839595633,0.9478524962306019,0.045948518410784046,0.004174209536321226,0.012526622500186529,0.9413000106271322
2012-02-01,0.9865811140254411,0.04441211185603418,0.02332919515760117,0.010446732162762387,0.9437642460836412,0.051999153440309635,0.0029721538119218925,0.011823642060121181,0.9246716514019903
2012-03-01,0.9901014221449814,0.03361016708040415,0.0002647038208265485,0.006588566772995414,0.9236075260761727,0.033509143594834374,0.003310011082107367,0.04278230684327807,0.9662261525844232
2012-04-01,0.9859531266047278,0.059239087670900754,0.02159626424031505,0.012932142654690736,0.9003989841482742,0.06503703912399329,0.0011147307405677417,0.040361928180913095,0.9133666966355773
2012-05-01,0.980855342537479,0.053930835923781936,0.0022624012648257198,0.015755200954675187,0.8813667361755398,0.07432210020143201,0.0033894565076685195,0.06470242790074138,0.9234154985335512
2012-06-01,0.9737039422270731,0.03694894136988643,0.005287306704980937,0.020956717856080304,0.9468641894780349,0.019292112221912405,0.005339339916874355,0.016186869152247346,0.9754205810731833
2012-07-01,0.9718790503291822,0.03196287625764259,0.004178649840679585,0.017258839039547492,0.9565932628585724,0.07454632424757415,0.010862110631205225,0.011443860883818876,0.9212750259119173
2012-08-01,0.9829047687411385,0.03538848559759832,0.0061067233396419,0.015479848467233995,0.9358877995491757,0.008596388903464916,0.0016153827916109802,0.0287237148531353,0.9852968877567486
2012-09-01,0.9658715672383507,0.03678303140157031,0.0005976871919963164,0.024701516275057095,0.9561110784514821,0.022859799950957084,0.009426916486631626,0.00710589014683674,0.9765425128571127
2012-10-01,0.9839142366933036,0.04184213848833453,0.013787537863391947,0.014467885948523664,0.9368213378385992,0.11463484978640343,0.0016178773582215214,0.021336523672864594,0.8715776123500993
2012-11-01,0.9785445759213685,0.04882009742800532,0.037092631623313756,0.021326876490123256,0.9283536591386051,0.033532956112289666,0.00012854758846550645,0.02282624343336958,0.9293744122642709
2012-12-01,0.9856611784178243,0.031953940736394765,0.004656026593096355,0.011312835501439258,0.9622075050768315,0.03317767243900297,0.0030259860809956273,0.005838554186803931,0.9621663009676947
2013-01-01,0.9682485786386619,0.031808931113897515,0.0008954747153595805,0.031001246344222584,0.9161965490427205,0.02397252945581887,0.000750175017145039,0.05199451984343373,0.9751319958286786
2013-02-01,0.9727883605343542,0.03663662582579271,0.007423969550372328,0.026293727048028234,0.9361098296984657,0.09028240831776038,0.0009179124176146417,0.027253544475653813,0.9022936221317779
2013-03-01,0.9591608750335113,0.016412656897929798,0.006263904983965743,0.040028824457081946,0.9751163547927825,0.010522167520643621,0.0008103005095058908,0.008470988309264906,0.9832139274951335
2013-04-01,0.9746498181655537,0.057788147922272194,0.01708755236393497,0.022488554789952736,0.927072681721216,0.029637141930630356,0.0028616270444999604,0.01513917035661442,0.9532753057054075
2013-05-01,0.991203191464637,0.03361739244295999,0.0010878132249350617,0.005084465327207937,0.926834553143636,0.03127165747582576,0.0037123432080110107,0.03954805441338727,0.9676405292993493
2013-06-01,0.9682538005325129,0.044954596899670414,0.001950170251098222,0.027177756129705768,0.9367593034342863,0.037311456037803156,0.004568443337944966,0.01828609966591394,0.9607383737111348
2013-07-01,0.9725558183193409,0.055618662746197575,0.002055845595362522,0.023664426175456256,0.920079584010746,0.08606046005274738,0.003779755505227196,0.02430175324311499,0.9118836943519183
2013-08-01,0.9796253219956278,0.04832292502190885,0.011352003281349393,0.01936614847272666,0.9377681455663762,0.04482868791667543,0.001008529531633496,0.013908929411595815,0.9438193088019902
2013-09-01,0.9711428748784537,0.06200993186512407,0.005975942513025252,0.028385491315538393,0.9236778335251378,0.027391434059269887,0.0004716338060231692,0.014312234609815974,0.966632623427539
2013-10-01,0.9720572102784665,0.05921136365930106,0.00832093441788145,0.025199688268740413,0.9163633205207994,0.016018183556374643,0.0027431014528007404,0.024425315819798142,0.9756608820256315
2013-11-01,0.9889030459651911,0.043082691976792174,0.003913964721058129,0.01038413724801484,0.9422344104940006,0.05821633535003833,0.0007128167869694734,0.014682897529224572,0.9378696999289503
2013-12-01,0.9770180094764761,0.026994233729939754,0.003842202731082905,0.01663506880598275,0.9615878376324405,0.014096400773413805,0.006346921717716128,0.011417928637528546,0.9820613964954442
2014-01-01,0.9841864240726665,0.07097780720975418,0.003119108146371954,0.014756869648058122,0.895621379284619,0.038022064162946054,0.0010567062793576166,0.033400813505425744,0.9588588276908889
2014-02-01,0.968441861090613,0.031916350784632376,0.0009460140595154062,0.02557579143896616,0.9522727326785037,0.0252579191546758,0.005982347470336531,0.015810916536761966,0.9737960667860464
2014-03-01,0.9826109778866039,0.03614085715026196,0.0007409534040088207,0.012776185290064954,0.9472103083518639,0.019032221614233905,0.004612836823329264,0.016648834497761326,0.9802268249817283
2014-04-01,0.9949919227457636,0.03443334462250697,0.02629691965714425,0.004267170684544527,0.9520989152541186,0.020061400465237994,0.0007409065695272168,0.013467740123342654,0.9536416798776398
2014-05-01,0.9804176722675189,0.03881995543789171,0.007449147937050985,0.01671596983851431,0.9467837782778251,0.04761603775762446,0.0028663578939394675,0.014396266284168865,0.9449348143053942
2014-06-01,0.981526267789956,0.06661260515859727,0.016213967774356797,0.018004627953134532,0.911962445503365,0.08243069869316828,0.0004691042569527448,0.0214249493381261,0.9013553335324966
2014-07-01,0.9850104411525538,0.06683242195606198,0.00019362917854520877,0.012982684069355892,0.9032189746378444,0.03508309602608532,0.0020068747780837394,0.029948603405866095,0.9647232747955315
2014-08-01,0.989999169189067,0.044930705907075534,0.015393638707308994,0.007277901618921364,0.9426178776312844,0.039034976324786405,0.0027229291921175743,0.012451416461733174,0.945571384967674
2014-09-01,0.987610282102985,0.06621607519922554,0.009244239624662693,0.011346565858147513,0.9194074303924638,0.008950298432182775,0.0010431520388223322,0.014376494408243162,0.9818054619429025
2014-10-01,0.9892584476785522,0.031219173145922447,0.01447558022333578,0.008724453392274439,0.9528443056448738,0.05238496758987623,0.00201709892895636,0.01593652120922966,0.9331394521868686
2014-11-01,0.9889797030700629,0.03858563585550129,0.02072148557055987,0.009082910871242704,0.924065649588301,0.06179165944184928,0.0019373860587503689,0.0373487145561788,0.9174868549873485
2014-12-01,0.9773347976508394,0.039861243373589136,0.0012392364540331248,0.01922666286822996,0.9381047051550022,0.030408703890581045,0.003438539480970154,0.022034051471393798,0.9683520596554354
2015-01-01,0.967322982913321,0.03799630094173835,0.0038435714573807522,0.02664039041809515,0.9600222440205199,0.015660360678283084,0.0060366266684681365,0.0019814550376044487,0.9804960678642354
2015-02-01,0.9799082746164158,0.028989621132494637,0.011466707184428394,0.014743534495548789,0.9596488722976088,0.019236924306400227,0.00534819088805206,0.011361506569859339,0.9692963685091236
2015-03-01,0.9768294062039751,0.02141185804904878,0.004608130872475972,0.021906990368912922,0.96805616709388,0.028450055214742382,0.0012636034270822828,0.01053197485715911,0.9669418139128442
2015-04-01,0.9671594374200556,0.08027827882882146,0.0031130723499225906,0.02536644614607999,0.8999404872567027,0.03428443170883941,0.007474116433924655,0.01978123391440634,0.9626024959414277
2015-05-01,0.9116621837949146,0.018325746197462557,0.0004210601828876877,0.08733997426406911,0.9599355522914274,0.04315219378384373,0.00099784194091157,0.021738701511083553,0.9564267460334926
2015-06-01,0.9803021029856706,0.03634823884060087,0.0026785686983252246,0.015907234689874043,0.9461642403287432,0.016738290181099274,0.003790662324394141,0.01748752083067463,0.9805831411205996
2015-07-01,0.9791742315854072,0.06681209290013616,0.004229820529409601,0.006820706723767194,0.9163521177342294,0.060033905011133024,0.014005061690839676,0.0168357893657673,0.9357362744594857
2015-08-01,0.9738248550800945,0.06396111923198493,0.0027482130086590763,0.021753437902445112,0.9195421285069527,0.025543195093149926,0.004421707017561426,0.016496752261011324,0.9717085918982662
2015-09-01,0.9648744659134149,0.0370059144592623,0.005443868797799754,0.034047393320483586,0.9549571619433173,0.047220728189825166,0.0010781407662143665,0.008036923597506606,0.9473354030124005
2015-10-01,0.9461120981892802,0.03669944198726841,0.010988848724356426,0.0500598313683324,0.9558731631223083,0.01623149877495111,0.0038280704424515535,0.007427394890379314,0.9727796525005017
2015-11-01,0.9772208937314383,0.0467681548513946,0.00035294359128780413,0.020414918235964415,0.9470510874964077,0.040748413527300194,0.002364188032484754,0.00618075765199634,0.958898642881371
2015-12-01,0.942951432875104,0.0263963820362396,0.014030466491815174,0.03724815485588807,0.9652521862707077,0.017418541430856874,0.019800412268750744,0.008351431692914135,0.9685509920774661
2016-01-01,0.9659305377080795,0.028022157859507787,0.006469853462733965,0.03212757753254892,0.9524097533959993,0.01705739303035256,0.0019418847594856632,0.019568088744333592,0.9764727535069333
2016-02-01,0.9098151142441441,0.03396131940961092,0.005848800318256187,0.07163055280247224,0.9620251592121339,0.0512174565149735,0.01855433295356408,0.004013521378280592,0.9429337431666237
2016-03-01,0.9388557088906702,0.02253904527742826,0.01487550586425144,0.04903327863093302,0.9670273698514613,0.01573485754493965,0.012111012478388283,0.01043358487108124,0.9693896365908542
2016-04-01,0.970996577081858,0.032912539786367635,0.023066373652539933,0.01653344775173727,0.9508368225152952,0.04021932822178518,0.012469975166226452,0.01625063769836512,0.9367142981256414
2016-05-01,0.9786116153828082,0.06562734879060801,0.003697820304080679,0.020964999367742244,0.9054366491636884,0.027967387980337297,0.0004233852492840671,0.028936002045606517,0.9683347917155727
2016-06-01,0.9494055513670427,0.03681565890680423,0.0016152230435637698,0.04995895927298511,0.9578122073987239,0.029989934609911104,0.0006354893600368249,0.005372133694431321,0.9683948423463898
2016-07-01,0.9603462854795027,0.03144218484499221,0.0048623262868611235,0.03363631384358002,0.9591570543132946,0.026561463777363285,0.006017400676720203,0.009400760841638496,0.9685762099359645
2016-08-01,0.9813961328551862,0.04164506118429734,0.005608642848578552,0.017416948469362824,0.94823920536676,0.032528134594122744,0.0011869186754049168,0.01011573344908715,0.9618632225574031
2016-09-01,0.9827613867699448,0.03878804393150493,0.03349651951757659,0.012037167358712023,0.9531352198444423,0.05177391744275657,0.005201445871278601,0.00807673622422001,0.914729563039766
2016-10-01,0.9486233292791809,0.014628180919257034,0.0044318486407536615,0.03649473102963889,0.9801517158557568,0.02258424232914523,0.014881939691096767,0.005220103224957465,0.9729839090303287
2016-11-01,0.9865964646743655,0.039063550872928406,0.01753919315322346,0.013280703701781292,0.9547385251426418,0.03409137380170286,0.00012283162373030214,0.006197923984300822,0.9483694330449027
2016-12-01,0.987908967246049,0.03712557830557784,0.0004538432643824359,0.007766198924078559,0.9288007920846801,0.031325915880568614,0.004324833829927058,0.03407362960984582,0.9682202408549075
2017-01-01,0.9542390845629736,0.045304807680493824,0.012956322722121005,0.043158773612448076,0.9484695525508751,0.03012821734782741,0.0026021418245427857,0.0062256397686243845,0.9569154599301662
2017-02-01,0.9713114414524542,0.047394632203516744,0.0003681877759734571,0.02835750635432533,0.9446744008910075,0.005793463915914661,0.0003310521931054491,0.007930966905546462,0.9938383483078757
2017-03-01,0.9564556713010698,0.027098938164805436,8125366710813524e-21,0.03828578608454717,0.9699809535110456,0.03069898315255262,0.005258542614557648,0.0029201083241830058,0.969292891480865
2017-04-01,0.975391553978481,0.013944700674474333,0.003736291661781662,0.011101394078760233,0.9714216359298391,0.01784864743378425,0.013507051942863241,0.014633663395573043,0.9784150609046275
2017-05-01,0.9486506000150164,0.01794687333136072,0.014226765253627762,0.044519227130028156,0.9678987438673694,0.03930091599369211,0.006830172854912453,0.014154382801396718,0.9464723187526881
2017-06-01,0.9696159704551927,0.0191582451423145,0.0038382372343505437,0.019724110305012924,0.961670853496936,0.029574517591843666,0.010659919239795953,0.019170901360835647,0.966587245173874
2017-07-01,0.9450159709711564,0.012669919079503015,0.007053690508789901,0.047903265893422545,0.974842809770772,0.03329786193644897,0.007080763135449651,0.012487271149709774,0.9596484475549254
2017-08-01,0.9543216756381707,0.024469464276286813,0.012207167942531787,0.02808717715101308,0.967733753129037,0.013679197374386049,0.017591147210784433,0.0077967825946485365,0.9741136346830975
2017-09-01,0.9755347429935104,0.03890906345147458,0.009190310338540281,0.02211504083708659,0.9591274452084568,0.08028070968976134,0.0023502161693090048,0.0019634913403074467,0.9105289799717744
2017-10-01,0.9573293391029916,0.027995736307736302,0.03302802941289002,0.028639862390383887,0.9549002730374792,0.02511860681005512,0.014030798506534764,0.017103990654786922,0.9418533637770623
2017-11-01,0.9349264364065731,0.021374230733841232,0.0031670336936214212,0.06351074146640749,0.9671121500432966,0.019524419608764165,0.001562822126853455,0.0115136192227082,0.9773085466975552
2017-12-01,0.9385327698538524,0.02017450190547054,0.004013865299988738,0.0573482712550129,0.9602190256682563,0.012794985159458604,0.004118958891254475,0.019606472426345927,0.9831911495404336
